id;name;type;ra_deg;dec_deg;mag;majax;minax;const;common
IC0001;IC0001;Autre;2.1127;27.7177;;;;Peg;
IC0002;IC0002;Galaxie;2.7537;-12.8229;15.46;0.98;0.32;Cet;
IC0003;IC0003;Galaxie;3.0254;-0.4152;14.78;0.93;0.67;Psc;
IC0004;IC0004;Galaxie;3.3623;17.4864;14.14;1.17;0.84;Peg;
IC0005;IC0005;Galaxie;4.3955;-9.5434;14.57;0.99;0.66;Cet;
IC0006;IC0006;Galaxie;4.7293;-3.2761;14.57;1.23;1.08;Psc;
IC0007;IC0007;Galaxie;4.7215;10.5947;14.63;0.9;0.63;Psc;
IC0008;IC0008;Galaxie;4.7613;-3.2221;15.16;0.82;0.34;Psc;
IC0009;IC0009;Galaxie;4.9332;-14.1219;15.41;0.59;0.46;Cet;
IC0010;IC0010;Galaxie;5.0723;59.3038;10.35;6.76;6.03;Cas;
IC0012;IC0012;Galaxie;5.0627;-2.6531;15.08;0.96;0.32;Psc;
IC0013;IC0013;Galaxie;5.0837;7.7005;14.93;1.29;0.53;Psc;
IC0014;IC0014;Autre;5.6304;10.4902;;;;Psc;
IC0015;IC0015;Galaxie;6.99;-0.0613;15.9;0.44;0.38;Cet;
IC0016;IC0016;Galaxie;7.0319;-13.0939;15.15;0.58;0.32;Cet;
IC0017;IC0017;Galaxie;7.1241;2.6486;14.77;0.67;0.54;Cet;
IC0018;IC0018;Galaxie;7.1457;-11.5867;15.03;1.08;0.41;Cet;
IC0019;IC0019;Galaxie;7.1645;-11.6408;15.15;0.79;0.67;Cet;
IC0020;IC0020;Galaxie;7.1653;-13.0103;14.88;0.91;0.77;Cet;
IC0021;IC0021;Galaxie;7.2935;-0.1638;15.54;0.49;0.45;Cet;
IC0022;IC0022;Galaxie;7.3882;-9.0808;14.73;0.81;0.44;Cet;
IC0023;IC0023;Galaxie;7.7117;-12.7203;15.05;0.85;0.77;Cet;
IC0024;IC0024;Autre;7.8193;30.8393;;;;And;
IC0025;IC0025;Galaxie;7.8004;-0.4074;15.29;0.86;0.44;Cet;
IC0027;IC0027;Galaxie;8.276;-13.3715;15.82;0.58;0.34;Cet;
IC0028;IC0028;Galaxie;8.2863;-13.4563;15.56;0.3;0.22;Cet;
IC0029;IC0029;Galaxie;8.545;-2.1776;15.79;0.66;0.49;Cet;
IC0030;IC0030;Galaxie;8.5613;-2.0846;15.17;0.69;0.39;Cet;
IC0031;IC0031;Galaxie;8.6026;12.2682;15.62;1.16;0.23;Psc;
IC0032;IC0032;Galaxie;8.757;-2.1417;16.15;0.62;0.39;Cet;
IC0033;IC0033;Galaxie;8.7715;-2.1377;15.29;0.78;0.58;Cet;
IC0034;IC0034;Galaxie;8.9017;9.1242;13.77;2.81;1.05;Psc;
IC0035;IC0035;Galaxie;9.4162;10.358;14.96;0.9;0.74;Psc;
IC0036;IC0036;Galaxie;9.4569;-15.4413;15.54;0.31;0.3;Cet;
IC0037;IC0037;Galaxie;9.6424;-15.3587;16.23;0.67;0.38;Cet;
IC0038;IC0038;Galaxie;9.6615;-15.4198;15.02;0.77;0.57;Cet;
IC0040;IC0040;Galaxie;9.8392;2.4562;15.04;1.05;0.43;Cet;
IC0041;IC0041;Galaxie;9.9182;-14.1743;15.2;0.71;0.45;Cet;
IC0042;IC0042;Galaxie;10.2743;-15.4281;15.38;0.76;0.53;Cet;
IC0043;IC0043;Galaxie;10.5919;29.6416;13.25;1.26;1.15;And;
IC0045;IC0045;Autre;10.6514;29.6552;;;;And;
IC0046;IC0046;Galaxie;10.7415;27.2535;14.28;0.8;0.61;And;
IC0047;IC0047;Galaxie;10.7292;-13.7407;16.09;0.41;0.24;Cet;
IC0048;IC0048;Galaxie;10.8936;-8.1865;13.16;1.12;0.92;Cet;
IC0049;IC0049;Galaxie;10.9839;1.8503;13.78;1.28;1.04;Cet;
IC0050;IC0050;Galaxie;11.5238;-9.503;14.74;1.02;0.87;Cet;
IC0051;IC0051;Galaxie;11.6009;-13.4424;13.75;1.7;1.11;Cet;
IC0052;IC0052;Galaxie;12.0991;4.0919;15.31;0.95;0.41;Psc;
IC0053;IC0053;Galaxie;12.6699;10.6003;15.33;0.87;0.62;Psc;
IC0054;IC0054;Autre;12.6952;-2.2878;;;;Cet;
IC0055;IC0055;Galaxie;12.9266;7.7185;15.01;0.55;0.28;Psc;
IC0056;IC0056;Galaxie;12.8747;-12.8443;15.14;0.82;0.74;Cet;
IC0057;IC0057;Galaxie;13.7021;11.8412;15.48;1.03;0.96;Psc;
IC0058;IC0058;Galaxie;13.7602;-13.6781;15.51;0.84;0.5;Cet;
IC0059;IC0059;Nebuleuse;14.3692;61.1437;;10;5;Cas;
IC0060;IC0060;Galaxie;14.0176;-13.3579;15.75;1.04;0.76;Cet;
IC0061;IC0061;Galaxie;14.28;7.5071;15.23;1.34;1.29;Psc;
IC0062;IC0062;Galaxie;14.6831;11.808;14.97;0.76;0.46;Psc;
IC0063;IC0063;Nebuleuse;14.8702;60.9117;13.33;10;3;Cas;
IC0064;IC0064;Galaxie;14.8517;27.0591;13.96;1.03;0.65;Psc;
IC0065;IC0065;Galaxie;15.2309;47.682;13.6;2.56;0.73;And;
IC0066;IC0066;Galaxie;15.1354;30.7972;14.1;1.23;0.42;Psc;
IC0069;IC0069;Galaxie;15.3486;31.0408;14.65;0.76;0.41;Psc;
IC0070;IC0070;Galaxie;15.2665;0.0508;16.77;0.42;0.24;Cet;
IC0071;IC0071;Autre;15.3302;-6.7672;;;;Cet;
IC0072;IC0072;Autre;15.3946;-6.7779;;;;Cet;
IC0073;IC0073;Galaxie;16.2206;4.7671;15.38;0.62;0.48;Psc;
IC0074;IC0074;Galaxie;16.4831;4.0902;15.59;0.57;0.46;Psc;
IC0075;IC0075;Galaxie;16.7984;10.8369;14.98;0.66;0.51;Psc;
IC0076;IC0076;Galaxie;17.0488;-4.5545;15.44;0.81;0.36;Cet;
IC0077;IC0077;Galaxie;17.1823;-15.4209;15.04;0.52;0.44;Cet;
IC0078;IC0078;Galaxie;17.1988;-15.8451;15.24;1.75;0.75;Cet;
IC0079;IC0079;Galaxie;17.2071;-15.9486;14.93;1.24;0.91;Cet;
IC0080;IC0080;Galaxie;17.2121;-15.4075;;1.2;1.2;Cet;
IC0080 NED01;IC0080 NED01;Galaxie;17.2112;-15.4089;14.83;1.5;1.03;Cet;
IC0080 NED02;IC0080 NED02;Galaxie;17.213;-15.4063;12.9;1.5;1.06;Cet;
IC0081;IC0081;Galaxie;17.3427;-1.6959;14.53;1.17;0.91;Cet;
IC0082;IC0082;Galaxie;17.2741;-16.0003;14.85;0.91;0.83;Cet;
IC0083;IC0083;Galaxie;17.6241;1.6894;15.16;0.68;0.45;Cet;
IC0084;IC0084;Galaxie;17.8567;1.6402;15.21;0.67;0.43;Cet;
IC0085;IC0085;Autre;17.9565;-0.4525;;;;Cet;
IC0086;IC0086;Galaxie;18.3688;-16.2417;15.31;0.72;0.34;Cet;
IC0087;IC0087;Galaxie;18.5658;0.7653;15.37;0.69;0.63;Cet;
IC0088;IC0088;Galaxie;18.6304;0.7917;18.07;0.53;0.44;Cet;
IC0090;IC0090;Galaxie;19.1265;-7.9771;14.85;1.25;1.12;Cet;
IC0091;IC0091;Galaxie;19.6643;2.5537;16.48;0.71;0.26;Cet;
IC0093;IC0093;Galaxie;19.7598;-17.0604;13.57;1.21;0.56;Cet;
IC0094;IC0094;Autre;20.0229;32.7173;;;;Psc;
IC0095;IC0095;Galaxie;19.8245;-12.5741;16.2;0.61;0.5;Cet;
IC0096;IC0096;Galaxie;20.1384;29.6173;14.65;0.78;0.3;Psc;
IC0098;IC0098;Galaxie;20.2287;-12.6047;16.3;0.68;0.61;Cet;
IC0099;IC0099;Galaxie;20.614;-12.9526;15.82;0.58;0.52;Cet;
IC0100;IC0100;Galaxie;20.7248;-4.643;14.48;1.04;0.77;Cet;
IC0101;IC0101;Galaxie;21.0356;9.9305;15.03;1.24;0.59;Psc;
IC0102;IC0102;Galaxie;21.1097;9.8866;15.57;0.75;0.37;Psc;
IC0103;IC0103;Galaxie;21.1518;2.0442;15.36;0.95;0.67;Cet;
IC0104;IC0104;Autre;21.14;-1.4567;8.79;;;Cet;
IC0105;IC0105;Galaxie;21.1927;2.0753;15.59;0.58;0.29;Cet;
IC0107;IC0107;Galaxie;21.3528;14.8646;14.25;1.62;1.31;Psc;
IC0108;IC0108;Galaxie;21.1623;-12.6356;15.48;1.3;0.36;Cet;
IC0109;IC0109;Galaxie;21.3045;2.0662;14.87;0.76;0.57;Cet;
IC0110;IC0110;Autre;21.4442;33.5147;;;;Psc;
IC0111;IC0111;Autre;21.5005;33.4971;;;;Psc;
IC0112;IC0112;Galaxie;21.5126;11.443;14.17;0.72;0.37;Psc;
IC0113;IC0113;Galaxie;21.6062;19.192;;0.35;0.26;Psc;
IC0114;IC0114;Galaxie;21.5941;9.9099;15.62;1.4;0.56;Psc;
IC0115;IC0115;Galaxie;21.7268;19.2147;14.03;0.76;0.76;Psc;
IC0116;IC0116;Galaxie;21.7107;-4.9823;14.62;0.87;0.56;Cet;
IC0118;IC0118;Galaxie;21.9002;-4.9975;15.81;0.72;0.55;Cet;
IC0119;IC0119;Galaxie;21.9793;-2.0405;15.18;1.19;0.58;Cet;
IC0120;IC0120;Galaxie;22.054;-1.9155;15.12;0.92;0.33;Cet;
IC0121;IC0121;Galaxie;22.0908;2.513;14.25;1;0.62;Cet;
IC0122;IC0122;Galaxie;22.055;-14.8389;15.96;0.65;0.32;Cet;
IC0123;IC0123;Galaxie;22.2144;2.4464;15.16;0.67;0.47;Cet;
IC0124;IC0124;Autre;22.2878;-1.937;14.4;;;Cet;
IC0125;IC0125;Galaxie;22.3265;-13.2798;16.18;0.61;0.59;Cet;
IC0126;IC0126;Galaxie;22.4494;-1.9838;15.66;0.89;0.81;Cet;
IC0127;IC0127;Galaxie;22.4484;-6.9801;9.2;1.69;0.45;Cet;
IC0128;IC0128;Galaxie;22.8495;-12.6244;15.35;0.82;0.61;Cet;
IC0129;IC0129;Galaxie;22.8803;-12.6544;15.28;1.23;0.6;Cet;
IC0130;IC0130;Galaxie;22.8697;-15.5916;15.49;0.75;0.64;Cet;
IC0131;IC0131;Nebuleuse;23.3108;30.7533;12.52;0.3;0.3;Tri;
IC0132;IC0132;Nebuleuse;23.3163;30.9456;14.82;0.67;0.55;Tri;
IC0133;IC0133;Nebuleuse;23.3133;30.8884;18.45;0.45;0.45;Tri;
IC0134;IC0134;Autre;23.3542;30.9007;15.98;;;Tri;
IC0135;IC0135;Nebuleuse;23.5647;30.6201;;0.4;0.4;Tri;
IC0136;IC0136;Amas ouvert;23.5668;30.5621;11.04;;;Tri;
IC0137;IC0137;Amas ouvert;23.4121;30.5225;;;;Tri;
IC0138;IC0138;Galaxie;23.2583;-0.6898;14.72;1.12;0.74;Cet;
IC0139;IC0139;Amas ouvert;23.4968;30.5674;13.1;;;Tri;
IC0140;IC0140;Amas ouvert;23.4924;30.5501;;;;Tri;
IC0141;IC0141;Galaxie;23.2155;-14.8146;14.33;1.23;0.91;Cet;
IC0142;IC0142;Nebuleuse;23.4814;30.7578;14.2;0.5;0.5;Tri;
IC0143;IC0143;Nebuleuse;23.5455;30.7764;11.4;0.3;0.3;Tri;
IC0144;IC0144;Galaxie;24.4202;-13.3147;15.74;0.74;0.67;Cet;
IC0145;IC0145;Galaxie;24.6603;0.7415;15.4;0.69;0.5;Cet;
IC0147;IC0147;Galaxie;24.999;-14.8626;15.23;0.76;0.42;Cet;
IC0148;IC0148;Galaxie;25.6124;13.977;13.84;1.82;0.57;Psc;
IC0149;IC0149;Galaxie;25.6058;-16.3004;14.4;1.27;0.41;Cet;
IC0150;IC0150;Galaxie;25.7397;4.2002;14.86;0.88;0.5;Psc;
IC0151;IC0151;Autre;25.9895;13.2026;;;;Psc;
IC0152;IC0152;Autre;26.0308;13.0359;;;;Psc;
IC0153;IC0153;Autre;26.1509;12.6289;;;;Psc;
IC0154;IC0154;Galaxie;26.3178;10.6492;14.83;1.19;0.23;Psc;
IC0155;IC0155;Autre;26.8847;60.6108;;;;Cas;
IC0156;IC0156;Galaxie;26.3717;10.5527;14.92;1.51;1.33;Psc;
IC0157;IC0157;Autre;26.4267;12.8733;;;;Psc;
IC0158;IC0158;Galaxie;26.473;-6.9357;15.88;0.7;0.53;Cet;
IC0159;IC0159;Galaxie;26.6044;-8.6366;14.18;1.35;0.75;Cet;
IC0160;IC0160;Galaxie;26.6232;-13.2477;14.88;1.28;0.86;Cet;
IC0161;IC0161;Galaxie;27.1823;10.5079;14.27;0.9;0.54;Psc;
IC0162;IC0162;Galaxie;27.2226;10.5216;14.46;1.32;1.28;Psc;
IC0163;IC0163;Galaxie;27.3125;20.7113;13.26;1.62;0.73;Ari;
IC0164;IC0164;Galaxie;27.285;-3.9044;14.04;1.58;1.35;Cet;
IC0166;IC0166;Amas ouvert;28.0993;61.8526;11.7;7.5;7.5;Cas;
IC0167;IC0167;Galaxie;27.7857;21.9128;13.26;1.6;0.94;Ari;
IC0168;IC0168;Galaxie;27.6151;-8.5229;14.85;1.12;0.39;Cet;
IC0169;IC0169;Galaxie;27.664;-12.6796;15.79;0.74;0.51;Cet;
IC0170;IC0170;Galaxie;27.9897;-8.5176;15.34;0.78;0.6;Cet;
IC0171;IC0171;Galaxie;28.7925;35.2819;13.69;2.26;1.9;Tri;
IC0172;IC0172;Galaxie;28.726;0.8112;14.74;0.48;0.37;Cet;
IC0173;IC0173;Galaxie;28.9881;1.2852;14.09;0.92;0.72;Cet;
IC0174;IC0174;Galaxie;29.067;3.7619;14.52;1.49;0.99;Psc;
IC0175;IC0175;Galaxie;29.0786;1.3324;15.7;0.52;0.46;Cet;
IC0176;IC0176;Galaxie;29.2225;-2.019;14.9;1.78;0.38;Cet;
IC0177;IC0177;Galaxie;29.2524;-0.0899;15.47;0.51;0.47;Cet;
IC0178;IC0178;Galaxie;29.7286;36.6747;13.28;0.94;0.79;And;
IC0179;IC0179;Galaxie;30.0479;38.0213;12.56;1.12;0.9;And;
IC0180;IC0180;Galaxie;30.0017;23.6043;15.3;0.83;0.34;Ari;
IC0181;IC0181;Galaxie;30.0097;23.6586;15.85;0.57;0.49;Ari;
IC0182;IC0182;Galaxie;29.9659;7.4118;14.54;1.06;0.7;Psc;
IC0183;IC0183;Galaxie;29.8919;-5.3471;14.89;1.19;0.37;Cet;
IC0184;IC0184;Galaxie;29.9635;-6.8404;13.89;1.12;0.59;Cet;
IC0185;IC0185;Galaxie;30.0252;-1.5283;15.72;0.79;0.33;Cet;
IC0186;IC0186;Galaxie;30.1021;-1.5517;;1.1;1.1;Cet;
IC0186A;IC0186A;Galaxie;30.1;-1.5529;14.87;1.21;0.76;Cet;
IC0186B;IC0186B;Galaxie;30.106;-1.5498;15.8;0.69;0.47;Cet;
IC0186 NED03;IC0186 NED03;Galaxie;30.1058;-1.5508;;0.25;0.2;Cet;
IC0187;IC0187;Galaxie;30.3782;26.481;13.79;2.23;0.73;Tri;
IC0188;IC0188;Galaxie;30.4437;26.5469;14.4;0.54;0.28;Tri;
IC0189;IC0189;Galaxie;30.4705;23.5515;14.85;0.78;0.67;Ari;
IC0190;IC0190;Galaxie;30.5303;23.5498;15.03;0.25;0.2;Ari;
IC0192;IC0192;Galaxie;30.635;16.0142;14.75;0.95;0.67;Ari;
IC0193;IC0193;Galaxie;30.6291;11.0931;14.62;1.36;0.97;Ari;
IC0194;IC0194;Galaxie;30.7718;2.6143;15.18;1.85;0.33;Psc;
IC0195;IC0195;Galaxie;30.9359;14.7093;13.15;1.46;0.72;Ari;
IC0196;IC0196;Galaxie;30.9575;14.7391;14.11;2.47;0.67;Ari;
IC0197;IC0197;Galaxie;31.0205;2.7868;14.25;1.01;0.53;Psc;
IC0198;IC0198;Galaxie;31.513;9.2956;14.81;1.01;0.56;Psc;
IC0199;IC0199;Galaxie;31.5808;9.2274;15.33;1.28;0.56;Psc;
IC0200;IC0200;Galaxie;31.361;31.1753;12.82;1.38;1.06;Tri;
IC0201;IC0201;Galaxie;31.8137;9.1151;16.77;0.54;0.5;Cet;
IC0202;IC0202;Galaxie;31.8694;9.1683;15.22;1.35;0.36;Cet;
IC0203;IC0203;Galaxie;31.8735;9.1226;16.9;0.6;0.51;Cet;
IC0204;IC0204;Galaxie;31.8628;-1.4302;15.82;0.55;0.36;Cet;
IC0205;IC0205;Galaxie;31.8643;-2.0913;14.76;0.92;0.82;Cet;
IC0206;IC0206;Galaxie;32.3778;-6.9684;14.34;1.22;0.39;Cet;
IC0207;IC0207;Galaxie;32.414;-6.9222;14.53;1.81;0.45;Cet;
IC0208;IC0208;Galaxie;32.1156;6.3949;14.73;1.32;1.13;Cet;
IC0209;IC0209;Galaxie;32.2446;-7.0589;13.8;1.51;1.03;Cet;
IC0210;IC0210;Galaxie;32.3678;-9.6803;13.82;2.35;0.65;Cet;
IC0211;IC0211;Galaxie;32.7833;3.8525;14.07;1.66;0.76;Cet;
IC0212;IC0212;Galaxie;33.4094;16.5939;15.75;0.79;0.54;Ari;
IC0213;IC0213;Galaxie;33.5178;16.4559;13.2;1.43;1.01;Ari;
IC0214;IC0214;Galaxie;33.5233;5.1733;14.16;0.58;0.45;Cet;
IC0215;IC0215;Galaxie;33.5394;-6.8063;15.62;0.84;0.19;Cet;
IC0216;IC0216;Galaxie;33.9813;-2.0151;15.87;0.5;0.32;Cet;
IC0217;IC0217;Galaxie;34.0435;-11.9267;15.08;2;0.45;Cet;
IC0218;IC0218;Galaxie;34.2802;1.2823;15.63;0.91;0.3;Cet;
IC0219;IC0219;Galaxie;34.6618;-6.9033;14.44;1.56;1.19;Cet;
IC0220;IC0220;Galaxie;34.7989;-12.7816;15.08;0.67;0.32;Cet;
IC0221;IC0221;Galaxie;35.6704;28.257;13.81;1.54;1.19;Tri;
IC0222;IC0222;Galaxie;35.6994;11.6383;15.14;0.84;0.65;Ari;
IC0223;IC0223;Galaxie;35.5046;-20.7459;14.09;1.15;0.59;Cet;
IC0224;IC0224;Galaxie;36.1881;-12.5645;15;0.86;0.59;Cet;
IC0225;IC0225;Galaxie;36.6179;1.1605;14.83;1.01;0.9;Cet;
IC0226;IC0226;Galaxie;36.9414;28.2088;16;0.81;0.72;Tri;
IC0227;IC0227;Galaxie;37.015;28.1753;15.39;2.01;1.77;Tri;
IC0229;IC0229;Autre;36.842;-23.813;;;;Cet;
IC0230;IC0230;Galaxie;37.197;-10.8314;15.54;0.64;0.42;Cet;
IC0231;IC0231;Galaxie;37.485;1.1791;15.14;0.74;0.33;Cet;
IC0232;IC0232;Galaxie;37.7984;1.2656;14.3;1.1;0.67;Cet;
IC0233;IC0233;Galaxie;37.9196;2.8099;15.53;0.33;0.26;Cet;
IC0234;IC0234;Galaxie;37.9072;-0.1402;15.22;0.69;0.35;Cet;
IC0235;IC0235;Galaxie;38.2116;20.6412;14.35;0.39;0.3;Ari;
IC0236;IC0236;Galaxie;38.2325;-0.1313;15.97;0.74;0.37;Cet;
IC0237;IC0237;Galaxie;38.3815;1.1399;14.71;0.54;0.51;Cet;
IC0238;IC0238;Galaxie;38.8445;12.8377;14.02;1.38;0.79;Ari;
IC0239;IC0239;Galaxie;39.1162;38.9699;11.2;4.25;4.01;And;
IC0240;IC0240;Autre;39.744;41.7194;;;;Per;
IC0241;IC0241;Galaxie;39.4771;2.328;14.48;0.9;0.59;Cet;
IC0242;IC0242;Autre;39.5997;-6.9339;;;;Cet;
IC0243;IC0243;Galaxie;39.634;-6.9021;15.46;1.22;0.7;Cet;
IC0244;IC0244;Galaxie;39.853;2.7288;15.26;0.7;0.47;Cet;
IC0245;IC0245;Galaxie;39.7277;-14.3056;15;1.11;0.29;Cet;
IC0246;IC0246;Galaxie;40.1192;2.4786;15.39;0.69;0.61;Cet;
IC0247;IC0247;Galaxie;40.0366;-11.7338;14.74;0.88;0.64;Cet;
IC0248;IC0248;Galaxie;40.3576;17.8122;14.35;0.99;0.74;Ari;
IC0250;IC0250;Galaxie;40.2261;-13.3136;15.05;0.91;0.73;Cet;
IC0251;IC0251;Galaxie;40.3077;-14.9578;15;0.84;0.74;Cet;
IC0252;IC0252;Galaxie;40.438;-14.8483;15.35;1.01;0.62;Cet;
IC0253;IC0253;Galaxie;40.524;-15.0468;14.87;0.95;0.74;Cet;
IC0254;IC0254;Galaxie;40.5208;-15.1066;14.91;0.26;0.25;Cet;
IC0255;IC0255;Galaxie;41.7634;16.288;15.68;0.59;0.4;Ari;
IC0256;IC0256;Galaxie;42.4179;46.9547;14.31;0.46;0.29;Per;
IC0257;IC0257;Galaxie;42.4393;46.9762;12.68;1.93;1.19;Per;
IC0258;IC0258;Galaxie;42.4421;41.0517;15.52;1.48;1.23;Per;
IC0259;IC0259;Galaxie;42.4203;41.0551;15.38;0.69;0.53;Per;
IC0260;IC0260;Galaxie;42.7537;46.9548;15.12;1.53;0.75;Per;
IC0262;IC0262;Galaxie;42.9303;42.8283;14.69;2.1;1.74;Per;
IC0263;IC0263;Galaxie;42.4165;-0.0699;14.72;0.65;0.44;Cet;
IC0264;IC0264;Galaxie;42.1984;-0.1092;16.88;0.5;0.37;Cet;
IC0265;IC0265;Galaxie;43.6833;41.6553;15.49;0.71;0.63;Per;
IC0266;IC0266;Galaxie;43.7701;42.2623;15.65;0.74;0.31;Per;
IC0267;IC0267;Galaxie;43.4594;12.8492;13.09;1.86;0.69;Ari;
IC0268;IC0268;Galaxie;43.8623;-14.103;15.31;0.97;0.55;Eri;
IC0269;IC0269;Galaxie;43.8604;-14.0668;15.34;1.19;0.35;Eri;
IC0270;IC0270;Galaxie;43.9341;-14.2079;14.14;1.8;1.43;Eri;
IC0271;IC0271;Galaxie;43.9977;-12.0079;14.7;1.06;0.61;Eri;
IC0272;IC0272;Galaxie;44.0268;-14.1866;14.86;0.96;0.67;Eri;
IC0273;IC0273;Galaxie;44.2949;2.7751;14.32;1.49;0.46;Cet;
IC0274;IC0274;Autre;45.0218;44.2132;;;;Per;
IC0275;IC0275;Galaxie;45.2387;44.3483;;1;1;Per;
IC0275 NED01;IC0275 NED01;Galaxie;45.2328;44.3463;;0.32;0.23;Per;
IC0275 NED02;IC0275 NED02;Galaxie;45.2329;44.3504;14.44;1.38;1.2;Per;
IC0275 NED03;IC0275 NED03;Galaxie;45.2445;44.3502;16.56;0.3;0.3;Per;
IC0276;IC0276;Galaxie;44.6711;-15.7031;13.97;1.67;0.61;Eri;
IC0277;IC0277;Galaxie;44.9608;2.7714;13.12;1;0.89;Cet;
IC0278;IC0278;Galaxie;45.3768;37.766;14.69;2.17;2.17;Per;
IC0279;IC0279;Galaxie;45.3009;16.2092;15.19;0.54;0.45;Ari;
IC0280;IC0280;Autre;45.765;42.3593;;;;Per;
IC0283;IC0283;Galaxie;45.9602;-0.2044;17.93;0.71;0.54;Cet;
IC0284;IC0284;Galaxie;46.5413;42.3719;11.59;4.29;2.15;Per;
IC0285;IC0285;Galaxie;46.0259;-12.0154;15.02;1.45;0.36;Eri;
IC0286;IC0286;Autre;46.1968;-6.4845;;;;Eri;
IC0287;IC0287;Galaxie;46.2409;-12.0704;15.36;0.81;0.59;Eri;
IC0288;IC0288;Galaxie;46.8871;42.3876;14.95;1.01;0.28;Per;
IC0289;IC0289;Nebuleuse;47.5802;61.3168;13.2;0.58;0.58;Cas;
IC0290;IC0290;Galaxie;47.4281;40.9742;15.43;1.24;0.32;Per;
IC0291;IC0291;Galaxie;46.8602;-12.5874;14.65;1.19;0.52;Eri;
IC0292;IC0292;Galaxie;47.5538;40.7657;13.47;1.19;0.65;Per;
IC0293;IC0293;Galaxie;47.734;41.1371;15.48;1.05;0.76;Per;
IC0294;IC0294;Galaxie;47.763;40.6221;15.52;1.49;1.17;Per;
IC0295;IC0295;Autre;47.7531;40.6153;;;;Per;
IC0296;IC0296;Autre;47.7699;40.6269;;;;Per;
IC0297;IC0297;Autre;48.3266;42.1488;;;;Per;
IC0298;IC0298;Galaxie;47.8287;1.3147;;0.8;0.8;Cet;
IC0298A;IC0298A;Galaxie;47.8271;1.315;16.12;0.54;0.34;Cet;
IC0298B;IC0298B;Galaxie;47.8314;1.3134;15.1;0.43;0.33;Cet;
IC0299;IC0299;Galaxie;47.7606;-13.1096;15.79;0.87;0.68;Eri;
IC0300;IC0300;Galaxie;48.5667;42.4153;16.06;0.65;0.6;Per;
IC0301;IC0301;Galaxie;48.6988;42.2226;14.95;1.26;1.11;Per;
IC0302;IC0302;Galaxie;48.2136;4.707;12.89;1.84;1.2;Cet;
IC0303;IC0303;Galaxie;48.1703;-11.6899;16.16;0.59;0.46;Eri;
IC0304;IC0304;Galaxie;48.7557;37.8818;14.74;1.06;0.65;Per;
IC0305;IC0305;Galaxie;48.7658;37.86;15.57;0.79;0.64;Per;
IC0306;IC0306;Galaxie;48.2509;-11.7157;15.5;0.71;0.58;Eri;
IC0307;IC0307;Galaxie;48.4384;-0.2414;14.5;1.6;0.6;Cet;
IC0308;IC0308;Galaxie;49.066;41.1807;14.22;1.16;0.93;Per;
IC0309;IC0309;Galaxie;49.0262;40.8046;14.81;1.02;0.95;Per;
IC0310;IC0310;Galaxie;49.1791;41.325;12.71;1.5;1.42;Per;
IC0311;IC0311;Galaxie;49.1947;40.0036;15.65;1;1;Per;
IC0312;IC0312;Galaxie;49.5359;41.7541;14.64;1.19;0.57;Per;
IC0313;IC0313;Galaxie;50.2413;41.8938;14.79;1.26;0.87;Per;
IC0315;IC0315;Galaxie;49.7889;4.0386;15.49;0.68;0.33;Cet;
IC0316;IC0316;Galaxie;50.3329;41.9306;;0.8;0.8;Per;
IC0316 NED01;IC0316 NED01;Galaxie;50.3331;41.9289;15.24;0.45;0.17;Per;
IC0316 NED02;IC0316 NED02;Galaxie;50.3329;41.9319;15.03;1.06;0.79;Per;
IC0317;IC0317;Galaxie;49.7313;-12.7402;14.87;0.88;0.71;Eri;
IC0318;IC0318;Galaxie;50.1826;-14.5682;14.72;1.08;0.45;Eri;
IC0319;IC0319;Autre;50.871;41.4164;;;;Per;
IC0320;IC0320;Galaxie;51.4966;40.789;15.34;1.12;0.91;Per;
IC0321;IC0321;Galaxie;51.1233;-14.9855;14.79;1.03;0.95;Eri;
IC0322;IC0322;Galaxie;51.502;3.6806;15.35;0.76;0.38;Tau;
IC0323;IC0323;Autre;52.3898;41.8551;;;;Per;
IC0325;IC0325;Galaxie;52.7036;-7.0467;15.58;0.83;0.74;Eri;
IC0326;IC0326;Galaxie;52.6525;-14.4256;15.41;1.13;0.84;Eri;
IC0327;IC0327;Galaxie;52.7916;-14.6921;15.21;0.8;0.47;Eri;
IC0328;IC0328;Galaxie;52.7956;-14.6379;14.59;0.67;0.48;Eri;
IC0329;IC0329;Galaxie;53.0057;0.2794;15.14;1;0.48;Tau;
IC0330;IC0330;Galaxie;53.0335;0.3534;14.98;1.02;0.32;Tau;
IC0331;IC0331;Galaxie;53.0795;0.2826;14.83;0.91;0.91;Tau;
IC0332;IC0332;Galaxie;53.1559;1.3826;15.32;0.97;0.5;Tau;
IC0333;IC0333;Autre;53.5141;-4.5849;;;;Eri;
IC0334;IC0334;Galaxie;56.3212;76.6383;11.5;2.34;1.85;Cam;
IC0335;IC0335;Galaxie;53.8793;-34.4471;12.99;2.62;0.8;For;
IC0336;IC0336;Nebuleuse;54.4877;23.3631;;;;Tau;
IC0337;IC0337;Autre;54.2679;-6.7212;;;;Eri;
IC0338;IC0338;Galaxie;54.4087;3.1188;14.94;0.84;0.68;Tau;
IC0339;IC0339;Autre;54.5093;-18.3978;;;;Eri;
IC0340;IC0340;Galaxie;54.8713;-13.1151;14.76;1.61;0.58;Eri;
IC0341;IC0341;Nebuleuse;55.232;21.9602;;134.9;134.9;Tau;
IC0342;IC0342;Galaxie;56.7021;68.0964;9.68;19.77;18.79;Cam;
IC0343;IC0343;Galaxie;55.0297;-18.4435;13.2;1.51;0.66;Eri;
IC0344;IC0344;Galaxie;55.373;-4.6659;14.92;0.89;0.47;Eri;
IC0345;IC0345;Galaxie;55.288;-18.3141;14.71;0.88;0.73;Eri;
IC0346;IC0346;Galaxie;55.4361;-18.267;12.64;1.95;1.47;Eri;
IC0347;IC0347;Galaxie;55.636;-4.2986;13.99;1.37;1.02;Eri;
IC0348;IC0348;Amas ouvert;56.1425;32.1628;;10;10;Per;omi Per Cloud
IC0349;IC0349;Nebuleuse;56.5838;23.9398;;25.7;25.7;Tau;Barnard's Merope Nebula
IC0350;IC0350;Galaxie;56.1527;-11.8008;14.95;1.09;0.79;Eri;
IC0351;IC0351;Nebuleuse;56.8875;35.0469;11.9;0.12;0.12;Per;
IC0352;IC0352;Galaxie;56.906;-8.7318;15.65;0.7;0.48;Eri;
IC0353;IC0353;Nebuleuse;58.2545;25.848;;181.97;30.2;Tau;
IC0354;IC0354;Nebuleuse;58.4913;23.147;;128.82;128.82;Tau;
IC0355;IC0355;Galaxie;58.4427;19.9739;15.4;0.67;0.56;Tau;
IC0356;IC0356;Galaxie;61.9455;69.8124;10.24;4.02;3.73;Cam;
IC0357;IC0357;Galaxie;60.9333;22.1591;14.6;0.94;0.61;Tau;
IC0358;IC0358;Galaxie;60.9287;19.8949;15.21;1.18;0.28;Tau;
IC0359;IC0359;Galaxie;63.1182;27.702;15.39;1.3;1.3;Tau;
IC0359A;IC0359A;Nebuleuse;64.6708;28.29;;15;10;Tau;
IC0360;IC0360;Nebuleuse;62.2607;26.1312;;180;100;Tau;
IC0361;IC0361;Amas ouvert;64.7113;58.2495;11.7;7.2;7.2;Cam;
IC0362;IC0362;Galaxie;64.1768;-12.2001;14.18;1.77;1.03;Eri;
IC0363;IC0363;Galaxie;64.7309;3.033;15.2;0.33;0.31;Tau;
IC0364;IC0364;Galaxie;64.7779;3.1889;15.27;0.78;0.49;Tau;
IC0365;IC0365;Galaxie;64.8089;3.3483;14.84;0.88;0.56;Tau;
IC0366;IC0366;Galaxie;64.9231;2.3598;15.66;0.34;0.2;Tau;
IC0367;IC0367;Galaxie;65.1708;-14.7811;14.47;1.74;0.61;Eri;
IC0368;IC0368;Galaxie;65.678;-12.6152;15.08;0.99;0.83;Eri;
IC0369;IC0369;Galaxie;65.8676;-11.7901;15.37;0.76;0.76;Eri;
IC0370;IC0370;Galaxie;66.007;-9.3948;14.94;0.99;0.89;Eri;
IC0371;IC0371;Autre;67.5525;-0.561;;;;Eri;
IC0372;IC0372;Galaxie;67.5177;-5.01;15.32;0.97;0.45;Eri;
IC0373;IC0373;Galaxie;67.6782;-4.8703;15.04;0.98;0.76;Eri;
IC0374;IC0374;Galaxie;68.1365;16.6342;15.81;0.23;0.19;Tau;
IC0375;IC0375;Galaxie;67.7631;-12.974;15.24;0.82;0.54;Eri;
IC0376;IC0376;Galaxie;67.8075;-12.4334;16.05;0.59;0.48;Eri;
IC0377;IC0377;Galaxie;67.8189;-12.4551;14.84;1;0.83;Eri;
IC0378;IC0378;Galaxie;67.8663;-12.2997;15.6;0.79;0.48;Eri;
IC0379;IC0379;Galaxie;67.9622;-7.2384;14.7;0.93;0.82;Eri;
IC0380;IC0380;Galaxie;67.9222;-12.927;15.25;0.76;0.46;Eri;
IC0382;IC0382;Galaxie;69.4815;-9.5193;13.53;1.99;1.18;Eri;
IC0383;IC0383;Galaxie;69.7418;9.8925;15.6;0.63;0.56;Tau;
IC0384;IC0384;Galaxie;69.8262;-7.8391;15.14;0.49;0.48;Eri;
IC0385;IC0385;Galaxie;69.8811;-7.0975;15.41;1.15;0.58;Eri;
IC0387;IC0387;Galaxie;70.4342;-7.0862;12.99;1.6;1.11;Eri;
IC0388;IC0388;Galaxie;70.4722;-7.3055;;1;1;Eri;
IC0388 NED01;IC0388 NED01;Galaxie;70.4684;-7.3046;16.2;0.54;0.44;Eri;
IC0388 NED02;IC0388 NED02;Galaxie;70.4763;-7.3065;15.91;0.89;0.4;Eri;
IC0389;IC0389;Galaxie;70.4984;-7.3115;15.07;1.09;0.82;Eri;
IC0390;IC0390;Galaxie;70.5161;-7.2064;15.48;1.14;0.4;Eri;
IC0391;IC0391;Galaxie;74.338;78.1888;12.68;1.39;1.33;Cam;
IC0392;IC0392;Galaxie;71.6073;3.5056;13.47;1.45;1;Ori;
IC0393;IC0393;Galaxie;71.9658;-15.5252;14.87;0.81;0.77;Eri;
IC0394;IC0394;Autre;72.2113;-6.2802;;;;Eri;
IC0396;IC0396;Galaxie;74.4958;68.3234;13.08;2.38;1.45;Cam;
IC0397;IC0397;Autre;75.2776;40.4249;;;;Aur;
IC0398;IC0398;Galaxie;74.5523;-7.7802;;1.18;0.34;Eri;
IC0399;IC0399;Galaxie;75.4334;-4.2888;14.8;0.54;0.45;Eri;
IC0400;IC0400;Galaxie;75.9402;-15.8191;16.7;1.55;0.17;Lep;
IC0401;IC0401;Galaxie;76.0818;-10.0765;13.94;1.75;0.58;Eri;
IC0402;IC0402;Galaxie;76.5618;-9.1074;14.4;1.26;0.56;Eri;
IC0403;IC0403;Autre;78.8154;39.9721;;;;Aur;
IC0404;IC0404;Galaxie;78.3317;9.7549;15.5;0.73;0.53;Ori;
IC0405;IC0405;Nebuleuse;79.1228;34.3562;10;50;30;Aur;Flaming Star Nebula
IC0406;IC0406;Autre;79.4542;39.886;;;;Aur;
IC0407;IC0407;Galaxie;79.4275;-15.5234;14.2;1.93;0.36;Lep;
IC0408;IC0408;Galaxie;79.9369;-25.0643;13.85;1.95;0.97;Lep;
IC0409;IC0409;Galaxie;79.8898;3.3184;;0.95;0.72;Ori;
IC0410;IC0410;Nebuleuse;80.675;33.3667;;40;30;Aur;
IC0411;IC0411;Galaxie;80.0775;-25.3245;14.13;1.36;1;Lep;
IC0412;IC0412;Galaxie;80.4862;3.4864;14.62;1.17;0.65;Ori;
IC0413;IC0413;Galaxie;80.4949;3.4822;14.68;1.08;0.8;Ori;
IC0414;IC0414;Galaxie;80.479;3.342;14.4;0.6;0.44;Ori;
IC0415;IC0415;Galaxie;80.3401;-15.5426;15.45;0.76;0.58;Lep;
IC0416;IC0416;Galaxie;80.9849;-17.2604;13.9;1.41;0.7;Lep;
IC0417;IC0417;Nebuleuse;82.025;34.4239;;13;10;Aur;
IC0418;IC0418;Nebuleuse;81.8675;-12.6973;9.44;0.2;0.2;Lep;
IC0419;IC0419;Autre;82.7168;30.1179;;;;Aur;
IC0420;IC0420;Nebuleuse;83.0396;-4.5047;;6.03;6.03;Ori;
IC0421;IC0421;Galaxie;83.0357;-7.9183;12.6;2.96;2.22;Ori;
IC0422;IC0422;Galaxie;83.0773;-17.2239;;1.04;0.93;Lep;
IC0423;IC0423;Nebuleuse;83.3417;-0.6145;;6;3.5;Ori;
IC0424;IC0424;Nebuleuse;83.4052;-0.4131;;2.5;1.7;Ori;
IC0425;IC0425;Autre;84.2913;32.4297;;;;Aur;
IC0426;IC0426;Nebuleuse;84.1307;-0.2983;;10;3;Ori;
IC0427;IC0427;Nebuleuse;84.0751;-6.6164;;;;Ori;
IC0428;IC0428;Nebuleuse;84.1009;-6.4516;;;;Ori;
IC0429;IC0429;Nebuleuse;84.5786;-7.0405;;;;Ori;
IC0430;IC0430;Nebuleuse;84.6499;-7.0831;14.4;10.96;10.96;Ori;
IC0431;IC0431;Nebuleuse;85.0585;-1.4628;;8;5;Ori;
IC0432;IC0432;Nebuleuse;85.2333;-1.507;;10;10;Ori;
IC0433;IC0433;Galaxie;85.1306;-11.6656;;1.42;1.12;Lep;
IC0434;IC0434;Nebuleuse;85.2537;-2.4538;11;90;30;Ori;Flame Nebula
IC0435;IC0435;Nebuleuse;85.7524;-2.3126;;3.98;3.02;Ori;
IC0436;IC0436;Autre;88.417;38.6248;;;;Aur;
IC0437;IC0437;Galaxie;87.9058;-12.565;15.25;0.97;0.46;Lep;
IC0438;IC0438;Galaxie;88.2503;-17.8761;12.07;2.8;1.82;Lep;
IC0439;IC0439;Autre;89.1646;32.0227;;;;Aur;
IC0440;IC0440;Galaxie;94.8055;80.0685;14.2;1.77;1;Cam;
IC0441;IC0441;Galaxie;90.6776;-12.4991;14.4;1.22;1.13;Lep;
IC0442;IC0442;Galaxie;99.0495;82.9682;14.04;1.25;1.25;Cam;
IC0443;IC0443;Nebuleuse;94.1559;22.5317;12;50;40;Gem;Gem A
IC0444;IC0444;Nebuleuse;94.6417;23.3133;7.03;8;4;Gem;
IC0445;IC0445;Galaxie;99.3385;67.8599;14.28;0.87;0.7;Cam;
IC0446;IC0446;Amas ouvert;97.7758;10.4593;;5;4;Mon;
IC0447;IC0447;Nebuleuse;97.7513;9.8974;7.7;25;20;Mon;
IC0448;IC0448;Nebuleuse;98.1889;7.3886;;15;10;Mon;
IC0449;IC0449;Galaxie;101.4213;71.3438;13.65;1.77;1.34;Cam;
IC0450;IC0450;Galaxie;103.051;74.4271;14.12;1.38;0.8;Cam;
IC0451;IC0451;Galaxie;103.2167;74.4807;14.83;1.34;1.07;Cam;
IC0453;IC0453;Autre;102.2977;-16.9067;;;;CMa;
IC0454;IC0454;Galaxie;102.7763;12.922;14.5;1.69;0.88;Gem;
IC0455;IC0455;Galaxie;113.7403;85.5372;14.27;1.06;0.65;Cep;
IC0456;IC0456;Galaxie;105.0731;-30.1638;13.04;2.33;1.6;CMa;
IC0458;IC0458;Galaxie;107.6423;50.1189;14.38;0.9;0.39;Lyn;
IC0459;IC0459;Galaxie;107.6612;50.1773;15.76;0.59;0.49;Lyn;
IC0460;IC0460;Galaxie;107.6845;50.2024;15.34;0.85;0.49;Lyn;
IC0461;IC0461;Galaxie;107.6877;50.0814;15.67;0.63;0.48;Lyn;
IC0462;IC0462;Autre;107.7325;50.1808;;;;Lyn;
IC0463;IC0463;Galaxie;107.7537;50.1177;;0.28;0.2;Lyn;
IC0464;IC0464;Galaxie;107.7698;50.1369;14.74;0.8;0.37;Lyn;
IC0466;IC0466;Nebuleuse;107.1617;-4.318;12.06;1;1;Mon;
IC0467;IC0467;Galaxie;112.5766;79.8725;12.57;1.99;0.94;Cam;
IC0468;IC0468;Autre;109.3292;-13.2187;;;;CMa;
IC0469;IC0469;Galaxie;118.9962;85.1589;13.48;2.35;0.91;Cep;
IC0470;IC0470;Autre;110.8813;46.0787;12.93;;;Lyn;
IC0471;IC0471;Galaxie;115.9019;49.6676;14.22;0.66;0.66;Lyn;
IC0472;IC0472;Galaxie;115.9597;49.6142;14.33;1.61;1.15;Lyn;
IC0473;IC0473;Autre;115.6026;9.2553;;;;CMi;
IC0474;IC0474;Galaxie;116.5305;26.5051;14.91;1.27;0.4;Gem;
IC0475;IC0475;Galaxie;116.7885;30.4888;14.79;0.75;0.45;Gem;
IC0476;IC0476;Galaxie;116.818;26.951;15.45;0.62;0.48;Gem;
IC0477;IC0477;Galaxie;118.0289;23.483;15.39;1.15;1.15;Gem;
IC0478;IC0478;Galaxie;118.4232;26.4927;15.29;0.66;0.48;Gem;
IC0479;IC0479;Galaxie;118.5926;27.0088;15.02;0.61;0.51;Gem;
IC0480;IC0480;Galaxie;118.8466;26.7433;15.04;1.75;0.33;Gem;
IC0481;IC0481;Galaxie;119.7619;24.1606;15.05;0.93;0.26;Gem;
IC0482;IC0482;Galaxie;119.947;25.357;14.98;0.63;0.52;Gem;
IC0483;IC0483;Autre;119.9682;25.9253;;;;Gem;
IC0484;IC0484;Galaxie;120.0044;26.6659;15.34;0.89;0.4;Gem;
IC0485;IC0485;Galaxie;120.0824;26.7014;15.33;1.17;0.24;Gem;
IC0486;IC0486;Galaxie;120.0874;26.6135;13.2;0.87;0.66;Gem;
IC0488;IC0488;Autre;120.2063;25.9019;;;;Cnc;
IC0489;IC0489;Autre;120.4073;25.9964;;;;Cnc;
IC0490;IC0490;Galaxie;120.8338;25.8114;15.66;0.59;0.47;Cnc;
IC0491;IC0491;Galaxie;120.9792;26.5206;15.3;0.65;0.28;Cnc;
IC0492;IC0492;Galaxie;121.4111;26.1682;17.19;1.02;0.77;Cnc;
IC0493;IC0493;Galaxie;121.865;25.134;14.76;0.81;0.61;Cnc;
IC0494;IC0494;Galaxie;121.6005;1.0361;14.26;1.32;0.64;CMi;
IC0495;IC0495;Galaxie;122.0809;9.0139;15.49;0.47;0.4;Cnc;
IC0496;IC0496;Galaxie;122.434;25.8816;15.36;0.63;0.39;Cnc;
IC0497;IC0497;Galaxie;122.5253;24.9221;14.26;0.78;0.39;Cnc;
IC0498;IC0498;Galaxie;122.3761;5.2807;14.57;1.21;1.08;CMi;
IC0499;IC0499;Galaxie;131.3221;85.74;13.83;1.88;0.9;Cam;
IC0500;IC0500;Galaxie;123.165;-16.0508;;1.77;0.71;Pup;
IC0501;IC0501;Galaxie;124.6983;24.5374;15.51;0.73;0.55;Cnc;
IC0502;IC0502;Galaxie;125.515;8.7526;15.43;0.56;0.54;Cnc;
IC0503;IC0503;Galaxie;125.5445;3.2681;14.1;1.33;1.03;Hya;
IC0504;IC0504;Galaxie;125.6717;4.2624;14.25;1.51;1.09;Hya;
IC0505;IC0505;Galaxie;125.8403;4.3725;14.57;1.38;0.99;Hya;
IC0506;IC0506;Galaxie;125.878;4.2995;14.69;1.19;0.86;Hya;
IC0508;IC0508;Galaxie;127.093;25.1247;14.71;0.79;0.7;Cnc;
IC0509;IC0509;Galaxie;128.0146;24.0109;13.22;1.02;0.92;Cnc;
IC0510;IC0510;Galaxie;128.0442;-2.1622;;0.8;0.8;Hya;
IC0510 NED01;IC0510 NED01;Galaxie;128.0425;-2.1621;;0.33;0.18;Hya;
IC0510 NED02;IC0510 NED02;Galaxie;128.0455;-2.1624;15.09;0.91;0.52;Hya;
IC0511;IC0511;Galaxie;130.2102;73.4867;14.43;1.22;0.46;Cam;
IC0512;IC0512;Galaxie;135.9576;85.5017;13.11;1.72;1.34;Cam;
IC0513;IC0513;Galaxie;128.2711;-12.3556;14.59;1.49;1;Hya;
IC0514;IC0514;Galaxie;128.8428;-2.0471;15.29;0.57;0.34;Hya;
IC0515;IC0515;Galaxie;128.8804;-1.9011;15.63;1.04;0.58;Hya;
IC0516;IC0516;Galaxie;128.9615;-1.8712;15.88;0.59;0.3;Hya;
IC0517;IC0517;Galaxie;129.0921;-2.0556;15.44;0.61;0.34;Hya;
IC0518;IC0518;Autre;129.029;0.6926;;;;Hya;
IC0519;IC0519;Galaxie;130.1434;2.6113;15.39;0.5;0.48;Hya;
IC0520;IC0520;Galaxie;133.4261;73.4909;11.83;2.1;1.63;Cam;
IC0521;IC0521;Galaxie;131.6832;2.5374;14.75;0.93;0.67;Hya;
IC0522;IC0522;Galaxie;133.6455;57.1667;13.87;1.24;1.02;UMa;
IC0523;IC0523;Galaxie;133.2972;9.1482;14.99;0.86;0.56;Cnc;
IC0524;IC0524;Galaxie;134.5535;-19.1919;15.07;0.94;0.63;Hya;
IC0525;IC0525;Galaxie;135.3436;-1.854;15.02;0.95;0.33;Hya;
IC0526;IC0526;Galaxie;135.6699;10.8416;14.93;0.77;0.45;Cnc;
IC0527;IC0527;Galaxie;137.4241;37.6016;14.72;1.37;1.13;Lyn;
IC0528;IC0528;Galaxie;137.344;15.7962;15.01;1.39;0.62;Cnc;
IC0529;IC0529;Galaxie;139.6367;73.7593;12.3;3.21;1.53;Cam;
IC0530;IC0530;Galaxie;138.8207;11.8857;14.16;1.93;0.31;Cnc;
IC0531;IC0531;Galaxie;139.4617;-0.2785;14.79;0.79;0.42;Hya;
IC0532;IC0532;Autre;139.7657;-16.7549;;;;Hya;
IC0533;IC0533;Galaxie;140.0975;-3.992;15.72;0.95;0.27;Hya;
IC0534;IC0534;Galaxie;140.3144;3.1511;15.12;1.19;0.31;Hya;
IC0535;IC0535;Galaxie;140.5676;-1.0403;15.84;0.65;0.53;Hya;
IC0536;IC0536;Galaxie;141.1671;25.1102;15.09;1.09;0.22;Leo;
IC0537;IC0537;Galaxie;141.3442;-12.3918;14.15;1.32;1.22;Hya;
IC0539;IC0539;Galaxie;142.2843;-2.5491;14.31;0.97;0.73;Hya;
IC0540;IC0540;Galaxie;142.543;7.9028;14.69;1.07;0.27;Leo;
IC0541;IC0541;Autre;142.6283;-4.2537;;;;Hya;
IC0542;IC0542;Galaxie;142.7759;-13.1814;15.02;1.21;0.39;Hya;
IC0543;IC0543;Autre;142.7879;-14.7725;;;;Hya;
IC0544;IC0544;Galaxie;143.9724;24.8949;15.44;0.8;0.25;Leo;
IC0545;IC0545;Galaxie;144.0223;24.9489;14.79;0.56;0.42;Leo;
IC0546;IC0546;Galaxie;143.7093;-16.3844;14.83;1.27;0.7;Hya;
IC0548;IC0548;Galaxie;144.5804;9.446;15.28;0.76;0.19;Leo;
IC0549;IC0549;Galaxie;145.1801;3.9598;15;0.6;0.37;Hya;
IC0550;IC0550;Galaxie;145.1191;-6.9461;14.74;1.07;0.7;Hya;
IC0551;IC0551;Galaxie;145.2505;6.9361;14.56;0.81;0.53;Leo;
IC0552;IC0552;Galaxie;145.319;10.647;14.42;1.12;0.63;Leo;
IC0553;IC0553;Galaxie;145.188;-5.4354;14.45;1.07;0.85;Hya;
IC0554;IC0554;Galaxie;145.487;12.2963;14.36;1.29;0.57;Leo;
IC0557;IC0557;Galaxie;146.01;10.9881;14.66;1.11;0.64;Leo;
IC0558;IC0558;Galaxie;146.2515;29.4523;13.9;0.93;0.72;Leo;
IC0559;IC0559;Galaxie;146.1829;9.615;14.82;1.09;0.92;Leo;
IC0560;IC0560;Galaxie;146.4727;-0.2683;14.38;1.41;0.54;Sex;
IC0561;IC0561;Galaxie;146.495;3.1452;15.13;0.51;0.42;Sex;
IC0562;IC0562;Galaxie;146.5163;-3.9712;15;1.22;0.28;Sex;
IC0563;IC0563;Galaxie;146.5848;3.0456;14.81;0.97;0.4;Sex;
IC0564;IC0564;Galaxie;146.5878;3.0714;14.16;1.64;0.45;Sex;
IC0565;IC0565;Galaxie;146.9615;15.8526;;1;1;Leo;
IC0565 NED01;IC0565 NED01;Galaxie;146.957;15.852;16.74;0.68;0.16;Leo;
IC0565 NED02;IC0565 NED02;Galaxie;146.9605;15.8519;15.03;1.24;0.27;Leo;
IC0566;IC0566;Galaxie;147.485;-0.2314;15.32;0.6;0.53;Sex;
IC0567;IC0567;Autre;147.6408;12.7847;;;;Leo;
IC0568;IC0568;Galaxie;147.7847;15.7304;14.68;1.07;0.64;Leo;
IC0569;IC0569;Galaxie;147.8673;10.9201;15.33;0.78;0.54;Leo;
IC0570;IC0570;Galaxie;147.9624;15.7558;16;0.46;0.34;Leo;
IC0571;IC0571;Galaxie;148.1315;15.7754;15.29;0.71;0.54;Leo;
IC0572;IC0572;Galaxie;148.1367;15.8269;14.83;0.54;0.53;Leo;
IC0574;IC0574;Galaxie;148.6126;-6.9534;14.79;1.05;0.87;Sex;
IC0575;IC0575;Galaxie;148.6372;-6.8576;14.31;1.52;1.17;Sex;
IC0576;IC0576;Galaxie;148.7793;11.0396;15.46;0.59;0.51;Leo;
IC0577;IC0577;Galaxie;149.0165;10.4989;14.58;0.62;0.57;Leo;
IC0578;IC0578;Galaxie;149.0673;10.4861;14.71;1.25;0.54;Leo;
IC0579;IC0579;Galaxie;149.1642;-13.7749;15.15;1.12;0.41;Hya;
IC0581;IC0581;Galaxie;149.5482;15.947;14.95;1;0.71;Leo;
IC0582;IC0582;Galaxie;149.751;17.8171;14.57;0.97;0.91;Leo;
IC0583;IC0583;Galaxie;149.7712;17.8214;15.16;0.89;0.19;Leo;
IC0584;IC0584;Galaxie;149.7714;10.3611;14.99;0.5;0.43;Leo;
IC0585;IC0585;Galaxie;149.9338;12.9886;14.82;1.21;0.86;Leo;
IC0586;IC0586;Galaxie;149.9596;-6.9228;15.16;0.76;0.7;Sex;
IC0587;IC0587;Galaxie;150.7715;-2.4;14.31;1.25;0.56;Sex;
IC0588;IC0588;Galaxie;150.5293;3.0577;14.25;0.9;0.53;Sex;
IC0589;IC0589;Galaxie;151.0996;-5.6789;15.34;0.69;0.51;Sex;
IC0590;IC0590;Galaxie;151.4593;0.6329;;0.9;0.9;Sex;
IC0590 NED01;IC0590 NED01;Galaxie;151.4576;0.6334;14.49;1.06;0.78;Sex;
IC0590 NED02;IC0590 NED02;Galaxie;151.4611;0.6318;14.84;0.79;0.76;Sex;
IC0591;IC0591;Galaxie;151.8654;12.2745;14.13;0.93;0.6;Leo;
IC0592;IC0592;Galaxie;151.9948;-2.4973;14.22;0.92;0.75;Sex;
IC0593;IC0593;Galaxie;152.075;-2.5268;14.43;0.81;0.58;Sex;
IC0594;IC0594;Galaxie;152.1333;-0.6669;14.8;1.11;0.56;Sex;
IC0595;IC0595;Galaxie;152.4088;11.0002;15.21;0.81;0.58;Leo;
IC0596;IC0596;Galaxie;152.6306;10.0424;15.09;0.96;0.31;Leo;
IC0597;IC0597;Galaxie;152.5498;-6.8992;15.66;0.5;0.23;Sex;
IC0598;IC0598;Galaxie;153.2024;43.1455;13.72;1.65;0.41;UMa;
IC0599;IC0599;Galaxie;153.3021;-5.629;15.1;1.17;0.29;Sex;
IC0600;IC0600;Galaxie;154.2955;-3.4978;13.7;1.92;1.03;Sex;
IC0601;IC0601;Galaxie;154.5637;7.0388;15.38;0.47;0.22;Leo;
IC0602;IC0602;Galaxie;154.5822;7.0493;13.58;0.97;0.5;Leo;
IC0603;IC0603;Galaxie;154.8544;-5.6562;14.89;1.31;0.79;Sex;
IC0605;IC0605;Galaxie;155.6005;1.1983;14.63;0.77;0.54;Sex;
IC0607;IC0607;Galaxie;156.0358;16.7419;14.73;1.27;0.96;Leo;
IC0608;IC0608;Galaxie;156.088;-6.0393;14.77;0.95;0.54;Sex;
IC0609;IC0609;Galaxie;156.3976;-2.2152;14.33;1.35;0.39;Sex;
IC0610;IC0610;Galaxie;156.6182;20.2282;14.59;1.89;0.33;Leo;
IC0612;IC0612;Galaxie;156.7744;11.0549;15.36;0.42;0.25;Leo;
IC0613;IC0613;Galaxie;156.7825;11.0107;15.02;0.77;0.7;Leo;
IC0614;IC0614;Galaxie;156.716;-3.4647;14.8;0.78;0.53;Sex;
IC0615;IC0615;Galaxie;156.8416;11.08;15.34;1.22;0.36;Leo;
IC0616;IC0616;Galaxie;158.1982;15.8608;14.56;0.93;0.75;Leo;
IC0619;IC0619;Galaxie;158.4583;12.8784;14.77;0.84;0.65;Leo;
IC0620;IC0620;Galaxie;158.3893;11.8714;15.28;0.73;0.6;Leo;
IC0621;IC0621;Galaxie;158.3377;2.6161;15.16;0.9;0.62;Sex;
IC0623;IC0623;Galaxie;158.8375;3.5584;14.95;0.94;0.32;Sex;
IC0624;IC0624;Galaxie;159.0632;-8.3339;14.27;2.42;0.55;Sex;
IC0625;IC0625;Galaxie;160.6585;-23.9356;13.79;2.25;0.53;Hya;
IC0626;IC0626;Galaxie;159.2379;-7.0239;15.19;1.21;0.95;Sex;
IC0627;IC0627;Galaxie;159.3329;-3.3578;14.61;0.72;0.57;Sex;
IC0628;IC0628;Galaxie;159.4008;5.6037;14.77;0.89;0.67;Sex;
IC0630;IC0630;Galaxie;159.64;-7.1705;12.98;2.12;1.67;Sex;
IC0631;IC0631;Galaxie;159.7454;-7.0524;16.19;0.67;0.59;Sex;
IC0632;IC0632;Galaxie;159.7991;-0.4095;14.18;0.98;0.57;Sex;
IC0633;IC0633;Galaxie;159.8516;-0.3893;14.62;0.65;0.27;Sex;
IC0634;IC0634;Galaxie;160.2287;5.9918;15.05;1;0.38;Sex;
IC0635;IC0635;Galaxie;160.4387;15.6433;15.09;1.09;0.33;Leo;
IC0636;IC0636;Galaxie;160.4608;4.3308;14.88;0.95;0.41;Sex;
IC0637;IC0637;Galaxie;160.5913;15.3596;15.32;0.75;0.5;Leo;
IC0638;IC0638;Galaxie;160.9499;15.8951;15.51;0.77;0.38;Leo;
IC0639;IC0639;Galaxie;161.4667;16.9304;14.85;1.41;0.42;Leo;
IC0640;IC0640;Autre;161.7102;34.7676;;;;LMi;
IC0641;IC0641;Autre;161.9559;34.6728;;;;LMi;
IC0642;IC0642;Galaxie;162.0339;18.1887;13.89;1.45;1.36;Leo;
IC0643;IC0643;Galaxie;162.3632;12.201;15.07;1.34;0.46;Leo;
IC0645;IC0645;Galaxie;162.539;-6.0429;15.43;0.48;0.42;Sex;
IC0646;IC0646;Galaxie;162.8966;55.4658;15.39;0.84;0.43;UMa;
IC0647;IC0647;Galaxie;162.6437;-12.8548;15.79;0.68;0.39;Hya;
IC0648;IC0648;Galaxie;162.7513;12.2874;14.88;0.94;0.74;Leo;
IC0649;IC0649;Galaxie;162.7175;1.1639;;0.7;0.7;Sex;
IC0649 NED01;IC0649 NED01;Galaxie;162.717;1.1653;15.7;0.7;0.56;Sex;
IC0649 NED02;IC0649 NED02;Galaxie;162.7175;1.1617;14.9;0.32;0.21;Sex;
IC0650;IC0650;Galaxie;162.669;-13.4421;14.9;0.93;0.67;Hya;
IC0651;IC0651;Galaxie;162.7434;-2.1504;13.09;0.72;0.71;Sex;
IC0653;IC0653;Galaxie;163.0283;-0.5608;14.12;2.07;0.71;Leo;
IC0654;IC0654;Galaxie;163.46;-11.7256;15.14;1.2;0.44;Crt;
IC0655;IC0655;Galaxie;163.5927;-0.365;15.31;1;0.27;Leo;
IC0656;IC0656;Autre;163.7839;17.6129;;;;Leo;
IC0657;IC0657;Galaxie;164.4732;-4.9049;15.29;1.14;0.43;Leo;
IC0658;IC0658;Galaxie;164.5678;8.2417;14.63;1.08;0.85;Leo;
IC0659;IC0659;Galaxie;164.5161;-6.2605;15.43;1.24;0.86;Leo;
IC0660;IC0660;Galaxie;164.6111;1.3829;15.51;0.79;0.52;Leo;
IC0661;IC0661;Galaxie;164.7146;1.6506;15.35;0.77;0.55;Leo;
IC0662;IC0662;Galaxie;164.8356;1.5988;15.57;0.78;0.58;Leo;
IC0663;IC0663;Galaxie;165.1553;10.4372;15.42;0.85;0.57;Leo;
IC0664;IC0664;Galaxie;165.189;10.5531;14.68;1.87;1.3;Leo;
IC0665;IC0665;Galaxie;165.1247;-13.8668;15.18;1.03;0.35;Crt;
IC0666;IC0666;Galaxie;165.3117;10.4811;15.23;0.58;0.33;Leo;
IC0667;IC0667;Galaxie;166.6523;15.0887;15.63;0.68;0.58;Leo;
IC0668;IC0668;Galaxie;166.6648;15.0409;15.37;0.66;0.39;Leo;
IC0669;IC0669;Galaxie;166.819;6.3025;14.28;1.08;0.67;Leo;
IC0670;IC0670;Galaxie;166.87;6.7142;14.55;1.11;0.98;Leo;
IC0671;IC0671;Galaxie;166.8817;0.7831;14.62;1.21;0.95;Leo;
IC0672;IC0672;Galaxie;167.0135;-12.4842;;0.75;0.33;Crt;
IC0673;IC0673;Galaxie;167.3555;-0.0977;14.65;1.29;0.59;Leo;
IC0674;IC0674;Galaxie;167.7765;43.633;14.36;1.37;0.41;UMa;
IC0675;IC0675;Autre;167.739;3.5942;;;;Leo;
IC0676;IC0676;Galaxie;168.1659;9.0558;13.41;1.85;1.31;Leo;
IC0677;IC0677;Galaxie;168.4854;12.3011;13.67;1.43;0.6;Leo;
IC0678;IC0678;Galaxie;168.5266;6.5772;15.38;0.78;0.5;Leo;
IC0679;IC0679;Galaxie;169.1525;-13.9721;15.39;0.53;0.37;Crt;
IC0680;IC0680;Galaxie;169.4779;-1.9464;14.59;0.81;0.56;Leo;
IC0681;IC0681;Galaxie;169.633;-12.1402;14.79;0.87;0.45;Crt;
IC0683;IC0683;Galaxie;170.3824;2.7518;15.5;0.69;0.49;Leo;
IC0685;IC0685;Galaxie;170.5272;17.7534;16.33;0.68;0.43;Leo;
IC0686;IC0686;Galaxie;170.772;5.6447;15.55;0.51;0.26;Leo;
IC0687;IC0687;Galaxie;171.0722;47.8475;14.87;1.08;1.03;UMa;
IC0688;IC0688;Galaxie;170.9177;-9.7956;15.01;0.98;0.49;Crt;
IC0690;IC0690;Galaxie;171.0859;-8.342;15.26;1.17;0.46;Crt;
IC0691;IC0691;Galaxie;171.6847;59.1554;13.74;1.14;0.72;UMa;
IC0692;IC0692;Galaxie;171.4728;9.9875;14.22;0.85;0.56;Leo;
IC0693;IC0693;Galaxie;171.7026;-5.004;14.65;0.98;0.48;Leo;
IC0694;IC0694;Galaxie;172.1137;58.5785;18.2;0.21;0.18;UMa;
IC0695;IC0695;Galaxie;171.9929;-11.7153;15.29;0.65;0.21;Crt;
IC0696;IC0696;Galaxie;172.1663;9.0987;14.5;0.92;0.85;Leo;
IC0697;IC0697;Galaxie;172.1435;-1.6296;15.43;0.67;0.47;Leo;
IC0698;IC0698;Galaxie;172.266;9.1121;14.43;1.04;0.5;Leo;
IC0699;IC0699;Galaxie;172.277;8.9886;14.53;1.21;0.34;Leo;
IC0700;IC0700;Galaxie;172.3145;20.5849;;1.1;1.1;Leo;
IC0700 NED01;IC0700 NED01;Galaxie;172.309;20.5811;16.31;0.2;0.13;Leo;
IC0700 NED02;IC0700 NED02;Galaxie;172.3137;20.5832;14.09;0.94;0.46;Leo;
IC0700 NED03;IC0700 NED03;Galaxie;172.3182;20.5866;17.23;0.3;0.28;Leo;
IC0700 NED04;IC0700 NED04;Galaxie;172.3196;20.5879;18.73;0.25;0.11;Leo;
IC0701;IC0701;Galaxie;172.7528;20.4689;14.63;0.74;0.55;Leo;
IC0702;IC0702;Galaxie;172.728;-4.922;15.57;0.75;0.42;Leo;
IC0705;IC0705;Galaxie;173.2348;50.2419;15.05;0.77;0.5;UMa;
IC0706;IC0706;Galaxie;173.3026;-13.3381;14.98;1.52;0.27;Crt;
IC0707;IC0707;Galaxie;173.436;21.3801;13.84;0.65;0.52;Leo;
IC0708;IC0708;Galaxie;173.4968;49.0621;14.13;1.5;0.98;UMa;
IC0709;IC0709;Galaxie;173.5606;49.0432;14.96;1.05;0.93;UMa;
IC0710;IC0710;Galaxie;173.6142;25.8765;15.65;0.8;0.49;Leo;
IC0711;IC0711;Galaxie;173.694;48.9561;15.17;0.87;0.81;UMa;
IC0712;IC0712;Galaxie;173.7055;49.0777;14.39;3.02;0.89;UMa;
IC0713;IC0713;Autre;173.6842;16.8469;;;;Leo;
IC0715;IC0715;Galaxie;174.2276;-8.3774;;1;1;Crt;
IC0715NW;IC0715NW;Galaxie;174.2259;-8.3758;15.03;0.87;0.4;Crt;
IC0715SE;IC0715SE;Galaxie;174.2289;-8.3787;;0.33;0.23;Crt;
IC0716;IC0716;Galaxie;174.7639;-0.206;14.81;1.59;0.3;Vir;
IC0718;IC0718;Galaxie;174.9699;8.8745;14.56;1.15;0.57;Vir;
IC0719;IC0719;Galaxie;175.0771;9.0099;13.76;1.22;0.39;Vir;
IC0720;IC0720;Galaxie;175.5929;8.7678;;1.3;1.3;Vir;
IC0720 NED01;IC0720 NED01;Galaxie;175.5929;8.7655;14.95;1.05;0.93;Vir;
IC0720 NED02;IC0720 NED02;Galaxie;175.5931;8.7699;14.82;0.75;0.52;Vir;
IC0721;IC0721;Galaxie;175.6203;-8.3403;15.22;1.63;0.29;Crt;
IC0722;IC0722;Galaxie;175.6823;8.9742;14.82;0.92;0.57;Vir;
IC0723;IC0723;Galaxie;175.74;-8.3325;14.62;0.8;0.62;Crt;
IC0724;IC0724;Galaxie;175.8945;8.9425;13.65;2.39;0.73;Vir;
IC0725;IC0725;Galaxie;175.8723;-1.668;14.94;0.74;0.66;Vir;
IC0726;IC0726;Galaxie;175.9387;33.3919;15.91;0.87;0.77;UMa;
IC0727;IC0727;Galaxie;176.1192;10.7838;14.89;1.65;0.28;Leo;
IC0728;IC0728;Galaxie;176.2103;-1.6013;14.46;1.2;0.58;Vir;
IC0729;IC0729;Galaxie;176.3263;33.3358;15.27;0.57;0.25;UMa;
IC0731;IC0731;Galaxie;176.3253;49.5704;15.78;0.7;0.36;UMa;
IC0732;IC0732;Galaxie;176.4983;20.4428;;1.1;1.1;Leo;
IC0732N;IC0732N;Galaxie;176.4976;20.447;15.42;0.65;0.27;Leo;
IC0732S;IC0732S;Galaxie;176.4995;20.4389;15.39;0.74;0.39;Leo;
IC0733;IC0733;Galaxie;176.494;-8.1558;16.1;0.72;0.19;Crt;
IC0734;IC0734;Galaxie;176.5158;-8.2678;;1.1;1.1;Crt;
IC0734 NED01;IC0734 NED01;Galaxie;176.5156;-8.271;15.75;0.95;0.47;Crt;
IC0734 NED02;IC0734 NED02;Galaxie;176.5162;-8.265;15.65;0.83;0.71;Crt;
IC0735;IC0735;Galaxie;177.0533;13.2094;14.93;1.16;0.69;Leo;
IC0736;IC0736;Galaxie;177.0838;12.7166;15.57;0.66;0.63;Leo;
IC0737;IC0737;Galaxie;177.1147;12.7274;14.81;0.82;0.7;Leo;
IC0738;IC0738;Galaxie;177.2286;-4.6819;14.88;0.8;0.47;Vir;
IC0739;IC0739;Galaxie;177.8804;23.8629;14.93;1.09;0.76;Leo;
IC0741;IC0741;Galaxie;177.6324;-4.8359;14.98;1.03;0.52;Vir;
IC0742;IC0742;Galaxie;177.7594;20.7997;13.93;1.07;0.86;Leo;
IC0743;IC0743;Galaxie;178.3427;-13.2649;15.18;1.19;0.31;Crt;
IC0744;IC0744;Galaxie;178.5198;23.1922;15.91;0.63;0.38;Leo;
IC0745;IC0745;Galaxie;178.5511;0.1366;13.52;0.78;0.76;Vir;
IC0746;IC0746;Galaxie;178.8964;25.8894;14.51;1.01;0.46;Leo;
IC0747;IC0747;Galaxie;179.2704;-8.2923;15.35;0.65;0.3;Vir;
IC0748;IC0748;Galaxie;179.3613;7.4609;15.09;0.85;0.67;Vir;
IC0749;IC0749;Galaxie;179.6419;42.734;12.28;2.13;1.71;UMa;
IC0750;IC0750;Galaxie;179.7175;42.7225;11.82;2.11;1.02;UMa;
IC0751;IC0751;Galaxie;179.7192;42.5703;14.39;1.1;0.41;UMa;
IC0752;IC0752;Galaxie;179.8125;42.5668;15.34;0.58;0.43;UMa;
IC0753;IC0753;Galaxie;179.8037;-0.5238;14.45;1.07;0.69;Vir;
IC0754;IC0754;Galaxie;179.8481;-1.6545;14.27;0.96;0.74;Vir;
IC0756;IC0756;Galaxie;180.7409;4.8459;17.54;1.7;0.7;Vir;
IC0758;IC0758;Galaxie;181.0495;62.5054;14.25;1.75;0.8;UMa;
IC0759;IC0759;Autre;181.2889;20.26;;;;Com;
IC0760;IC0760;Galaxie;181.473;-29.2921;13.51;1.82;0.53;Hya;
IC0761;IC0761;Galaxie;181.4737;-12.6733;15.44;1;0.38;Crv;
IC0762;IC0762;Galaxie;182.0498;25.7571;14.8;0.79;0.5;Com;
IC0763;IC0763;Galaxie;182.0638;25.8115;15.43;0.91;0.45;Com;
IC0764;IC0764;Galaxie;182.5591;-29.7368;12.41;4.84;1.14;Hya;
IC0765;IC0765;Autre;182.629;16.1352;;;;Com;
IC0766;IC0766;Galaxie;182.7233;-12.6553;14.88;1.77;0.31;Crv;
IC0767;IC0767;Galaxie;182.7614;12.104;14.43;0.93;0.68;Vir;
IC0768;IC0768;Galaxie;182.9484;12.1437;14.46;1.29;0.57;Vir;
IC0769;IC0769;Galaxie;183.1347;12.1238;13.39;2.2;1.51;Vir;
IC0770;IC0770;Galaxie;183.2597;-4.5534;16.01;0.46;0.43;Vir;
IC0771;IC0771;Galaxie;183.8052;13.1845;14.69;0.72;0.58;Vir;
IC0772;IC0772;Galaxie;183.8162;23.9582;15.38;0.78;0.36;Com;
IC0773;IC0773;Galaxie;184.5337;6.1396;14.49;0.78;0.65;Vir;
IC0774;IC0774;Galaxie;184.7136;-6.7666;15.73;0.8;0.47;Vir;
IC0775;IC0775;Galaxie;184.7236;12.9127;13.26;1.05;0.77;Vir;
IC0776;IC0776;Galaxie;184.7621;8.8561;14.35;1.12;0.62;Vir;
IC0777;IC0777;Galaxie;184.849;28.3099;14.49;0.84;0.4;Com;
IC0779;IC0779;Galaxie;184.9114;29.8832;14.96;0.97;0.93;Com;
IC0780;IC0780;Galaxie;184.9932;25.7717;14.36;1.18;0.83;Com;
IC0781;IC0781;Galaxie;185.0138;14.9615;14.17;1.3;1.24;Com;
IC0782;IC0782;Galaxie;185.404;5.7657;14.31;1.14;0.64;Vir;
IC0783;IC0783;Galaxie;185.4116;15.7451;14.09;1.23;1.13;Com;
IC0784;IC0784;Galaxie;185.6252;-4.6527;14.12;2.11;0.6;Vir;
IC0785;IC0785;Galaxie;185.7587;-13.2236;14.65;1.13;0.49;Crv;
IC0786;IC0786;Galaxie;185.7956;-13.2047;14.04;1.03;0.89;Crv;
IC0787;IC0787;Galaxie;186.3547;16.1242;14.89;1.06;0.44;Com;
IC0789;IC0789;Galaxie;186.5855;7.4602;14.78;1.01;0.58;Vir;
IC0791;IC0791;Galaxie;186.7478;22.6396;14.39;1.05;0.97;Com;
IC0792;IC0792;Galaxie;186.7865;16.3254;14.76;1.02;0.45;Com;
IC0794;IC0794;Galaxie;187.0359;12.0933;13.53;1.32;0.94;Vir;
IC0795;IC0795;Galaxie;187.1306;23.3049;15.15;0.66;0.33;Com;
IC0796;IC0796;Galaxie;187.3598;16.4048;13.79;1.46;0.46;Com;
IC0797;IC0797;Galaxie;187.9782;15.1239;13.56;1.1;0.75;Com;
IC0798;IC0798;Galaxie;188.1392;15.4154;14.26;0.9;0.87;Com;
IC0800;IC0800;Galaxie;188.4861;15.3548;13.74;1.51;1.1;Com;
IC0801;IC0801;Galaxie;188.4373;52.2548;14.74;1.1;0.92;CVn;
IC0802;IC0802;Autre;188.9901;74.3013;;;;Dra;
IC0803;IC0803;Galaxie;189.9042;16.588;;1.2;1.2;Com;
IC0803 NED01;IC0803 NED01;Galaxie;189.8994;16.5878;16.35;1;0.32;Com;
IC0803 NED02;IC0803 NED02;Galaxie;189.9063;16.5885;15.32;0.89;0.14;Com;
IC0804;IC0804;Galaxie;190.3165;-5.0091;14.53;1.03;0.49;Vir;
IC0806;IC0806;Galaxie;190.5351;-17.3494;15.47;0.94;0.61;Crv;
IC0807;IC0807;Galaxie;190.552;-17.4036;14.61;1.13;0.7;Crv;
IC0808;IC0808;Autre;190.4773;19.9321;;;;Com;
IC0809;IC0809;Galaxie;190.5361;11.7543;13.72;0.97;0.91;Vir;
IC0810;IC0810;Galaxie;190.5378;12.5968;14.26;1.62;0.58;Vir;
IC0812;IC0812;Galaxie;191.2119;-4.4346;14.85;0.9;0.56;Vir;
IC0813;IC0813;Galaxie;191.2993;23.0361;13.42;0.94;0.74;Com;
IC0814;IC0814;Galaxie;191.3923;-8.0922;15.84;0.85;0.35;Vir;
IC0815;IC0815;Galaxie;191.5945;11.8766;15.43;0.85;0.74;Vir;
IC0816;IC0816;Galaxie;191.6931;9.8506;14.87;1.1;0.7;Vir;
IC0817;IC0817;Galaxie;191.7367;9.8571;14.89;0.73;0.66;Vir;
IC0818;IC0818;Galaxie;191.6856;29.7353;15.06;0.89;0.25;Com;
IC0821;IC0821;Galaxie;191.859;29.7878;13.8;1;0.92;Com;
IC0822;IC0822;Galaxie;191.9399;30.0772;15.44;0.74;0.55;Com;
IC0823;IC0823;Autre;191.9619;27.2092;;;;Com;
IC0825;IC0825;Galaxie;192.5799;-5.363;15.49;0.62;0.45;Vir;
IC0826;IC0826;Galaxie;192.833;31.0596;14.74;0.69;0.48;Com;
IC0827;IC0827;Galaxie;192.9794;16.2829;14.93;0.89;0.42;Com;
IC0828;IC0828;Galaxie;193.0651;-8.1329;15.02;0.69;0.27;Vir;
IC0829;IC0829;Galaxie;193.1143;-15.5185;13.46;0.38;0.38;Crv;
IC0830;IC0830;Galaxie;192.8188;53.6963;14.16;1.16;0.6;UMa;
IC0831;IC0831;Galaxie;193.1836;26.4704;15.17;0.86;0.41;Com;
IC0832;IC0832;Galaxie;193.4963;26.4441;14.94;0.78;0.74;Com;
IC0833;IC0833;Galaxie;194.1592;-6.7334;16.7;0.43;0.34;Vir;
IC0834;IC0834;Galaxie;194.0775;26.3589;15.06;0.91;0.54;Com;
IC0835;IC0835;Galaxie;194.2178;26.4877;14.87;0.76;0.7;Com;
IC0836;IC0836;Galaxie;193.9751;63.6123;14.53;1.23;0.24;Dra;
IC0837;IC0837;Galaxie;194.38;26.5122;15.54;0.92;0.33;Com;
IC0838;IC0838;Galaxie;194.5565;26.4269;15.44;0.67;0.6;Com;
IC0839;IC0839;Galaxie;194.5627;28.1259;14.56;0.48;0.28;Com;
IC0840;IC0840;Galaxie;194.6751;10.6165;14.97;0.82;0.65;Vir;
IC0841;IC0841;Galaxie;194.9472;21.8132;15.12;0.96;0.55;Com;
IC0842;IC0842;Galaxie;195.1648;29.0194;13.93;1.14;0.57;Com;
IC0844;IC0844;Galaxie;195.8259;-30.5211;13.7;1.77;0.54;Cen;
IC0845;IC0845;Galaxie;196.2392;12.0791;15.34;0.84;0.64;Vir;
IC0846;IC0846;Galaxie;196.338;23.0956;15.13;0.73;0.62;Com;
IC0848;IC0848;Galaxie;196.7565;16.0071;15.4;0.73;0.54;Com;
IC0849;IC0849;Galaxie;196.9112;-0.9425;14.09;1.02;0.9;Vir;
IC0850;IC0850;Galaxie;196.9593;-0.8684;14.97;0.95;0.26;Vir;
IC0851;IC0851;Galaxie;197.1431;21.0498;13.91;1.13;0.41;Com;
IC0852;IC0852;Galaxie;196.9032;60.1572;14.76;1.17;0.98;UMa;
IC0853;IC0853;Galaxie;197.1739;52.7743;13.57;1.03;0.96;UMa;
IC0854;IC0854;Galaxie;197.4582;24.5776;14.3;0.92;0.69;Com;
IC0855;IC0855;Galaxie;197.6537;-4.4845;14.84;0.72;0.63;Vir;
IC0856;IC0856;Galaxie;197.6734;20.5368;15.19;0.73;0.21;Com;
IC0857;IC0857;Galaxie;198.459;17.0762;14.57;0.99;0.74;Com;
IC0858;IC0858;Galaxie;198.7164;17.2268;14.71;1.56;1.09;Com;
IC0859;IC0859;Galaxie;198.7387;17.2252;15.17;0.68;0.61;Com;
IC0860;IC0860;Galaxie;198.7647;24.6189;14.47;0.96;0.6;Com;
IC0861;IC0861;Galaxie;198.7809;34.3288;15.57;0.84;0.58;CVn;
IC0862;IC0862;Galaxie;199.0641;20.0477;15.26;0.54;0.54;Com;
IC0863;IC0863;Galaxie;199.3017;-17.2545;14.27;1.14;0.79;Vir;
IC0864;IC0864;Galaxie;199.2854;20.6917;16.99;0.58;0.27;Com;
IC0865;IC0865;Galaxie;199.3979;-5.8339;15.27;0.73;0.61;Vir;
IC0866;IC0866;Galaxie;199.3198;20.691;15.48;0.67;0.37;Com;
IC0867;IC0867;Galaxie;199.3325;20.6381;14.92;1.27;0.9;Com;
IC0868;IC0868;Galaxie;199.3689;20.6123;14.79;0.79;0.74;Com;
IC0869;IC0869;Galaxie;199.3782;20.6811;;1;1;Com;
IC0869 NED01;IC0869 NED01;Galaxie;199.3748;20.6842;15.9;0.55;0.44;Com;
IC0869 NED02;IC0869 NED02;Galaxie;199.3818;20.6776;16.57;0.33;0.29;Com;
IC0870;IC0870;Galaxie;199.3787;20.6001;15.16;0.79;0.48;Com;
IC0871;IC0871;Galaxie;199.4944;4.4034;14.48;1.57;0.79;Vir;
IC0872;IC0872;Galaxie;199.2567;6.3571;15.07;1.16;0.93;Vir;
IC0873;IC0873;Galaxie;199.5678;4.4643;15.2;0.94;0.86;Vir;
IC0874;IC0874;Galaxie;199.7522;-27.6286;13.51;1.29;1.05;Hya;
IC0875;IC0875;Galaxie;199.2815;57.5394;13;1.55;1.14;UMa;
IC0876;IC0876;Galaxie;199.6441;4.4863;14.63;0.9;0.76;Vir;
IC0877;IC0877;Autre;199.489;6.0821;;;;Vir;
IC0878;IC0878;Autre;199.5015;6.1204;;;;Vir;
IC0879;IC0879;Galaxie;199.919;-27.429;14.07;0.84;0.34;Hya;
IC0880;IC0880;Autre;199.5307;6.1121;;;;Vir;
IC0881;IC0881;Galaxie;199.9848;15.8505;14.61;1.53;0.35;Com;
IC0882;IC0882;Galaxie;200.0289;15.8981;14.83;0.81;0.7;Com;
IC0883;IC0883;Galaxie;200.1473;34.1395;14.71;0.79;0.47;CVn;
IC0884;IC0884;Autre;200.4788;-12.7297;;;;Vir;
IC0885;IC0885;Galaxie;200.6288;21.3164;14.53;1.01;0.89;Com;
IC0886;IC0886;Galaxie;200.9895;-4.3954;15.98;0.66;0.54;Vir;
IC0887;IC0887;Autre;201.0498;-12.4604;;;;Vir;
IC0889;IC0889;Galaxie;201.6564;11.8695;15.19;0.89;0.76;Vir;
IC0890;IC0890;Galaxie;202.1066;-16.0923;15.21;1.16;0.47;Vir;
IC0891;IC0891;Galaxie;202.4997;0.3051;14.6;0.78;0.73;Vir;
IC0892;IC0892;Galaxie;202.9412;-2.7131;14.29;1.6;0.84;Vir;
IC0893;IC0893;Galaxie;202.9474;-2.6116;14.76;1.01;0.2;Vir;
IC0894;IC0894;Galaxie;203.0201;17.049;16.37;1.14;0.5;Com;
IC0896;IC0896;Galaxie;203.5426;4.8685;14.86;1.04;0.71;Vir;
IC0897;IC0897;Galaxie;203.581;17.8481;15.62;0.75;0.32;Com;
IC0898;IC0898;Galaxie;203.5392;13.2808;15.46;0.61;0.43;Vir;
IC0899;IC0899;Galaxie;203.7477;-8.0916;15.06;0.85;0.71;Vir;
IC0900;IC0900;Galaxie;203.6792;9.3369;13.1;1.28;0.85;Vir;
IC0901;IC0901;Galaxie;203.9267;13.3309;15.23;0.74;0.53;Vir;
IC0902;IC0902;Galaxie;204.0051;49.9608;14.48;2.18;0.55;UMa;
IC0903;IC0903;Galaxie;204.6086;-0.2276;13.62;1.64;0.62;Vir;
IC0904;IC0904;Galaxie;204.6342;0.5402;14.21;1.05;0.54;Vir;
IC0905;IC0905;Galaxie;205.0122;23.143;14.94;0.86;0.7;Boo;
IC0906;IC0906;Galaxie;205.0416;23.3411;15.52;0.84;0.29;Boo;
IC0907;IC0907;Galaxie;204.8459;51.0511;14.26;1.11;0.21;UMa;
IC0908;IC0908;Galaxie;205.3289;-4.3442;14.42;0.9;0.55;Vir;
IC0909;IC0909;Galaxie;205.2132;24.4733;14.74;0.73;0.67;Boo;
IC0910;IC0910;Galaxie;205.2827;23.2821;15.1;0.68;0.56;Boo;
IC0911;IC0911;Galaxie;205.3557;23.2475;15.44;0.56;0.4;Boo;
IC0912;IC0912;Galaxie;205.3702;23.2454;15.25;0.72;0.35;Boo;
IC0913;IC0913;Galaxie;205.3736;23.1669;15.46;0.72;0.49;Boo;
IC0914;IC0914;Galaxie;205.4192;23.189;15.19;0.79;0.65;Boo;
IC0915;IC0915;Galaxie;205.864;-17.3328;15.07;0.45;0.41;Vir;
IC0916;IC0916;Galaxie;205.659;24.4651;15.42;0.86;0.83;Boo;
IC0917;IC0917;Autre;205.6302;55.6369;;;;UMa;
IC0918;IC0918;Galaxie;205.6575;55.5296;17.97;0.63;0.23;UMa;
IC0919;IC0919;Galaxie;205.6979;55.5214;15.66;0.54;0.32;UMa;
IC0920;IC0920;Galaxie;206.3528;-12.5742;14.33;0.87;0.77;Vir;
IC0921;IC0921;Galaxie;205.7833;55.6512;;0.29;0.2;UMa;
IC0922;IC0922;Galaxie;205.7348;55.6039;18.05;0.78;0.47;UMa;
IC0923;IC0923;Galaxie;205.8091;55.6031;16.37;0.56;0.5;UMa;
IC0924;IC0924;Galaxie;206.4066;-12.4551;15.2;0.78;0.47;Vir;
IC0925;IC0925;Galaxie;205.8171;55.6158;17.49;0.54;0.17;UMa;
IC0926;IC0926;Galaxie;205.9136;55.6315;17.46;0.35;0.18;UMa;
IC0927;IC0927;Galaxie;206.4683;-12.4645;15.44;0.87;0.74;Vir;
IC0928;IC0928;Galaxie;205.95;55.5679;18.67;0.34;0.25;UMa;
IC0929;IC0929;Galaxie;205.9376;55.6338;17.83;0.46;0.37;UMa;
IC0930;IC0930;Galaxie;205.9398;55.6465;17.1;0.4;0.33;UMa;
IC0931;IC0931;Galaxie;205.955;55.624;;0.25;0.19;UMa;
IC0932;IC0932;Galaxie;205.9633;55.6467;18.13;0.47;0.23;UMa;
IC0933;IC0933;Galaxie;206.3173;23.2189;14.48;1.19;0.85;Boo;
IC0934;IC0934;Galaxie;205.9683;55.6568;17.38;0.36;0.28;UMa;
IC0936;IC0936;Galaxie;206.0356;55.7061;17.39;0.41;0.21;UMa;
IC0937;IC0937;Galaxie;206.1205;55.6302;17.5;0.52;0.47;UMa;
IC0938;IC0938;Galaxie;206.1302;55.6274;16.5;0.76;0.29;UMa;
IC0939;IC0939;Galaxie;206.9297;3.4115;14.42;1.02;0.93;Vir;
IC0940;IC0940;Galaxie;206.9905;3.4496;15.35;0.67;0.38;Vir;
IC0941;IC0941;Galaxie;207.1485;24.0151;15.23;0.9;0.49;Boo;
IC0942;IC0942;Galaxie;206.9214;56.6216;15.22;1;0.66;UMa;
IC0943;IC0943;Galaxie;207.6339;3.1942;14.67;0.86;0.82;Vir;
IC0944;IC0944;Galaxie;207.8786;14.0922;14.46;1.53;0.74;Boo;
IC0945;IC0945;Galaxie;206.7825;72.0704;15.05;1;0.59;UMi;
IC0946;IC0946;Galaxie;208.0348;14.1162;14.35;0.9;0.7;Boo;
IC0947;IC0947;Galaxie;208.1496;0.8184;13.83;1.67;1.09;Vir;
IC0948;IC0948;Galaxie;208.1113;14.0913;14.23;1.18;0.66;Boo;
IC0949;IC0949;Galaxie;208.0698;22.5216;15.24;1.27;0.44;Boo;
IC0950;IC0950;Galaxie;208.1092;14.4897;;0.8;0.8;Boo;
IC0950 NED01;IC0950 NED01;Galaxie;208.1068;14.4887;16.28;1.23;0.38;Boo;
IC0950 NED02;IC0950 NED02;Galaxie;208.1114;14.4909;15.12;0.99;0.89;Boo;
IC0951;IC0951;Galaxie;207.9467;50.9783;14.33;1.05;1;UMa;
IC0952;IC0952;Galaxie;208.4247;3.3774;14.69;1.25;0.47;Vir;
IC0953;IC0953;Autre;208.7384;-30.2833;;;;Cen;
IC0954;IC0954;Galaxie;207.4871;71.1646;14.45;0.96;0.53;UMi;
IC0955;IC0955;Autre;208.9305;-30.2612;;;;Cen;
IC0956;IC0956;Galaxie;208.6695;20.7215;;0.8;0.8;Boo;
IC0956 NED01;IC0956 NED01;Galaxie;208.6678;20.7198;16.14;0.47;0.41;Boo;
IC0956 NED02;IC0956 NED02;Galaxie;208.669;20.717;15.95;0.59;0.49;Boo;
IC0957;IC0957;Autre;209.0348;-30.2376;;;;Cen;
IC0959;IC0959;Galaxie;209.0142;13.5058;14.34;1.5;0.88;Boo;
IC0960;IC0960;Galaxie;208.9982;17.5058;;1.8;1.8;Boo;
IC0960A;IC0960A;Galaxie;208.9962;17.4992;15.5;0.64;0.34;Boo;
IC0960B;IC0960B;Galaxie;209.0005;17.5116;15.12;0.89;0.34;Boo;
IC0961;IC0961;Galaxie;208.945;25.8404;15.46;0.81;0.74;Boo;
IC0962;IC0962;Galaxie;209.305;12.0213;13.98;0.85;0.84;Boo;
IC0963;IC0963;Galaxie;209.3542;17.4078;15.15;0.64;0.53;Boo;
IC0964;IC0964;Galaxie;209.4223;17.5087;15.45;0.64;0.56;Boo;
IC0965;IC0965;Galaxie;209.4479;17.5105;15.22;0.8;0.61;Boo;
IC0966;IC0966;Galaxie;209.5583;5.4083;14.75;0.92;0.77;Vir;
IC0967;IC0967;Galaxie;209.5956;14.4573;14.7;0.97;0.42;Boo;
IC0968;IC0968;Galaxie;210.1551;-2.9076;;1.1;1.1;Vir;
IC0968 NED01;IC0968 NED01;Galaxie;210.1525;-2.9091;15.28;0.69;0.43;Vir;
IC0968 NED02;IC0968 NED02;Galaxie;210.1582;-2.9063;15.88;0.68;0.34;Vir;
IC0969;IC0969;Galaxie;210.4425;-4.1804;15.92;0.6;0.39;Vir;
IC0970;IC0970;Galaxie;210.6425;14.5526;14.56;1.26;0.35;Boo;
IC0971;IC0971;Galaxie;210.97;-10.1406;12.88;2.26;1.29;Vir;
IC0972;IC0972;Nebuleuse;211.108;-17.2282;13.9;0.7;0.7;Vir;
IC0974;IC0974;Autre;211.6432;-5.4924;16.72;;;Vir;
IC0975;IC0975;Galaxie;211.7868;15.3181;15.52;0.75;0.57;Boo;
IC0976;IC0976;Galaxie;212.1804;-1.1616;14.01;1.52;0.62;Vir;
IC0977;IC0977;Galaxie;212.1752;-3.0024;15.16;0.69;0.53;Vir;
IC0978;IC0978;Galaxie;212.2421;-2.9738;15.22;0.97;0.51;Vir;
IC0979;IC0979;Galaxie;212.3849;14.8318;14.37;1.09;0.66;Boo;
IC0980;IC0980;Galaxie;212.5934;-7.3426;15.23;0.83;0.73;Vir;
IC0981;IC0981;Galaxie;212.6172;-4.1714;15.01;0.86;0.43;Vir;
IC0982;IC0982;Galaxie;212.4962;17.6961;14.53;0.95;0.9;Boo;
IC0983;IC0983;Galaxie;212.5182;17.7338;11.96;2.32;2.01;Boo;
IC0984;IC0984;Galaxie;212.5323;18.3647;14.41;1.9;0.47;Boo;
IC0985;IC0985;Galaxie;212.887;-3.2198;14.61;0.75;0.42;Vir;
IC0986;IC0986;Galaxie;212.8593;1.2865;14.67;0.81;0.76;Vir;
IC0987;IC0987;Galaxie;212.8828;19.1723;15.37;0.61;0.38;Boo;
IC0988;IC0988;Galaxie;213.6336;3.1902;14.69;0.61;0.4;Vir;
IC0989;IC0989;Galaxie;213.7139;3.1309;13.07;0.98;0.84;Vir;
IC0990;IC0990;Galaxie;213.955;39.7979;15.27;0.54;0.43;Boo;
IC0991;IC0991;Galaxie;214.4524;-13.8729;13.75;1.56;0.97;Vir;
IC0992;IC0992;Galaxie;214.5621;0.8911;14.82;0.88;0.67;Vir;
IC0993;IC0993;Galaxie;214.5776;11.2164;15.44;0.77;0.48;Boo;
IC0994;IC0994;Galaxie;214.5943;11.1952;14.62;1.46;0.6;Boo;
IC0995;IC0995;Galaxie;214.1296;57.8101;14.5;1.67;0.43;UMa;
IC0996;IC0996;Galaxie;214.342;57.6299;14.62;1.35;0.21;UMa;
IC0997;IC0997;Galaxie;214.9969;-4.4512;;1.5;1.5;Vir;
IC0997 NED01;IC0997 NED01;Galaxie;214.9969;-4.4512;14.32;1.41;0.83;Vir;
IC0997 NED02;IC0997 NED02;Galaxie;214.999;-4.4523;15.71;1;0.5;Vir;
IC0998;IC0998;Galaxie;215.0804;-4.4164;15.67;0.93;0.26;Vir;
IC0999;IC0999;Galaxie;214.8861;17.8753;14.55;0.85;0.69;Boo;
IC1000;IC1000;Galaxie;214.918;17.8547;14.47;1.01;0.5;Boo;
IC1001;IC1001;Galaxie;215.1653;5.4274;15.01;0.81;0.32;Vir;
IC1002;IC1002;Galaxie;215.1762;5.4858;15.43;0.59;0.23;Vir;
IC1003;IC1003;Galaxie;215.374;5.0732;15.33;1.04;0.33;Vir;
IC1004;IC1004;Galaxie;215.2595;17.7006;15.82;0.95;0.58;Boo;
IC1006;IC1006;Galaxie;215.7463;23.7943;15.12;0.89;0.61;Boo;
IC1007;IC1007;Galaxie;216.1525;4.5592;15.04;0.75;0.55;Vir;
IC1008;IC1008;Galaxie;215.9275;28.3479;;0.8;0.8;Boo;
IC1008 NED01;IC1008 NED01;Galaxie;215.9261;28.3461;15.33;0.57;0.36;Boo;
IC1008 NED02;IC1008 NED02;Galaxie;215.9298;28.3474;15.11;0.86;0.56;Boo;
IC1009;IC1009;Galaxie;216.5733;12.3529;15.16;0.87;0.48;Boo;
IC1010;IC1010;Galaxie;216.8348;1.0259;14.56;1.52;1.28;Vir;
IC1011;IC1011;Galaxie;217.0189;1.0063;14.69;0.84;0.56;Vir;
IC1012;IC1012;Galaxie;216.7896;30.9482;14.73;1.09;0.66;Boo;
IC1013;IC1013;Galaxie;216.9952;25.8663;16.62;0.95;0.44;Boo;
IC1014;IC1014;Galaxie;217.0768;13.7802;13.9;2;1.11;Boo;
IC1015;IC1015;Galaxie;217.0798;15.4201;;1;1;Boo;
IC1015 NED01;IC1015 NED01;Galaxie;217.0787;15.4164;15.56;0.59;0.23;Boo;
IC1015 NED02;IC1015 NED02;Galaxie;217.0821;15.4219;16.54;0.72;0.3;Boo;
IC1015 NED03;IC1015 NED03;Galaxie;217.0803;15.4212;16.1;0.74;0.4;Boo;
IC1017;IC1017;Galaxie;217.0301;25.8688;14.64;1.07;0.6;Boo;
IC1018;IC1018;Galaxie;217.0533;25.8305;16.08;0.57;0.46;Boo;
IC1019;IC1019;Galaxie;217.0562;25.9474;15.05;0.6;0.44;Boo;
IC1020;IC1020;Galaxie;217.2062;26.0323;14.95;1.06;0.23;Boo;
IC1021;IC1021;Galaxie;217.3214;20.6545;15.04;0.62;0.26;Boo;
IC1022;IC1022;Galaxie;217.5077;3.7729;15.16;0.97;0.33;Vir;
IC1023;IC1023;Amas ouvert;218.1047;-35.8036;;5.1;5.1;Cen;
IC1024;IC1024;Galaxie;217.8633;3.0091;13.98;1.11;0.47;Vir;
IC1025;IC1025;Galaxie;217.8678;7.0639;15.35;0.58;0.36;Vir;
IC1027;IC1027;Galaxie;217.4521;53.965;15.24;1.35;1.05;Boo;
IC1028;IC1028;Galaxie;218.3185;41.6504;14.74;1.04;0.56;Boo;
IC1029;IC1029;Galaxie;218.1136;49.9046;11.29;2.78;0.45;Boo;
IC1031;IC1031;Galaxie;218.5999;48.0374;15.43;0.79;0.6;Boo;
IC1032;IC1032;Galaxie;218.6645;47.968;15.68;0.65;0.56;Boo;
IC1033;IC1033;Galaxie;218.674;47.9378;15.02;1.05;0.98;Boo;
IC1034;IC1034;Galaxie;219.3072;14.6651;15.55;0.59;0.47;Boo;
IC1035;IC1035;Galaxie;219.5425;9.336;14.95;1.07;0.89;Boo;
IC1036;IC1036;Galaxie;219.595;18.1112;15.66;0.58;0.3;Boo;
IC1037;IC1037;Galaxie;219.6057;18.184;14.82;0.99;0.66;Boo;
IC1038;IC1038;Galaxie;219.8643;11.9286;15.43;0.63;0.49;Boo;
IC1039;IC1039;Galaxie;220.1225;3.4327;15.72;0.68;0.34;Vir;
IC1040;IC1040;Galaxie;220.0947;9.4761;15.44;0.5;0.45;Boo;
IC1041;IC1041;Galaxie;220.1579;3.377;14.9;0.87;0.63;Vir;
IC1042;IC1042;Galaxie;220.1626;3.4697;14.7;1.13;1.1;Vir;
IC1043;IC1043;Galaxie;220.1806;3.374;15.76;0.74;0.37;Vir;
IC1044;IC1044;Galaxie;220.3709;9.4309;14.77;1.51;0.84;Boo;
IC1046;IC1046;Galaxie;219.4726;69.0145;14.65;0.78;0.45;UMi;
IC1047;IC1047;Galaxie;220.5832;19.1918;15.53;0.72;0.61;Boo;
IC1048;IC1048;Galaxie;220.7417;4.8895;13.89;2.08;0.5;Vir;
IC1049;IC1049;Galaxie;219.888;62.0029;14.7;0.92;0.8;Dra;
IC1050;IC1050;Galaxie;221.0297;18.0126;15.24;0.83;0.42;Boo;
IC1051;IC1051;Galaxie;221.0483;19.0202;15.36;0.74;0.61;Boo;
IC1052;IC1052;Galaxie;221.0588;20.614;15.38;1.02;0.28;Boo;
IC1053;IC1053;Galaxie;221.4301;16.9469;15.17;0.55;0.34;Boo;
IC1054;IC1054;Galaxie;221.6302;1.2748;14.79;1.03;0.75;Vir;
IC1055;IC1055;Galaxie;221.857;-13.7161;13.12;2.26;0.76;Lib;
IC1056;IC1056;Galaxie;221.4544;50.3941;14.32;1.51;0.94;Boo;
IC1058;IC1058;Galaxie;222.3016;17.0209;14.87;1.49;0.39;Boo;
IC1059;IC1059;Galaxie;222.6773;-0.8758;15.23;0.88;0.77;Lib;
IC1060;IC1060;Galaxie;222.9473;-7.2326;15.13;1.22;0.66;Lib;
IC1061;IC1061;Galaxie;222.8093;18.7576;16;0.49;0.39;Boo;
IC1062;IC1062;Galaxie;222.8236;18.687;15.28;0.94;0.78;Boo;
IC1063;IC1063;Galaxie;223.0459;4.6821;14.87;0.74;0.57;Vir;
IC1065;IC1065;Galaxie;222.3399;63.2706;13.71;0.88;0.7;Dra;
IC1066;IC1066;Galaxie;223.2619;3.296;14.13;1.21;0.66;Vir;
IC1067;IC1067;Galaxie;223.2719;3.3318;13.52;1.82;1.48;Vir;
IC1068;IC1068;Galaxie;223.3872;3.0773;14.64;0.92;0.69;Vir;
IC1069;IC1069;Galaxie;222.6938;54.4112;14.88;1.47;0.76;Boo;
IC1070;IC1070;Galaxie;223.4637;3.4847;15.88;0.78;0.31;Vir;
IC1071;IC1071;Galaxie;223.5521;4.75;14.46;1.09;0.69;Vir;
IC1072;IC1072;Galaxie;223.5548;4.8416;15.28;0.87;0.53;Vir;
IC1073;IC1073;Galaxie;223.5598;4.7944;15.49;0.52;0.41;Vir;
IC1074;IC1074;Galaxie;222.9888;51.2649;15.05;0.92;0.33;Boo;
IC1075;IC1075;Galaxie;223.7052;18.106;14.87;1.19;0.52;Boo;
IC1076;IC1076;Galaxie;223.7484;18.0373;13.69;0.91;0.49;Boo;
IC1077;IC1077;Galaxie;224.3405;-19.2137;13.46;1.31;1.08;Lib;
IC1078;IC1078;Galaxie;224.1209;9.3545;14.72;0.99;0.81;Boo;
IC1079;IC1079;Galaxie;224.1507;9.3697;14.65;1.46;0.85;Boo;
IC1080;IC1080;Galaxie;224.4992;-6.7233;14.98;1.22;0.92;Lib;
IC1081;IC1081;Galaxie;224.7294;-19.2391;14.75;1.66;0.58;Lib;
IC1082;IC1082;Galaxie;224.7187;7.0073;15.28;0.86;0.7;Vir;
IC1083;IC1083;Galaxie;223.8892;68.4086;15.16;0.72;0.57;UMi;
IC1084;IC1084;Galaxie;225.312;-7.4749;14.23;0.87;0.6;Lib;
IC1085;IC1085;Galaxie;225.6807;17.2525;14.91;0.94;0.84;Boo;
IC1086;IC1086;Galaxie;225.8715;17.1144;15.32;0.69;0.47;Boo;
IC1087;IC1087;Galaxie;226.6829;3.7768;15.47;0.74;0.33;Vir;
IC1088;IC1088;Autre;226.6976;3.7919;;;;Vir;
IC1089;IC1089;Galaxie;226.8583;7.1167;15.24;0.97;0.64;Vir;
IC1090;IC1090;Autre;226.4298;42.6824;;;;Boo;
IC1091;IC1091;Galaxie;227.0563;-11.1409;14.34;1.09;0.82;Lib;
IC1092;IC1092;Galaxie;226.9005;9.3582;15.04;1.01;1;Boo;
IC1093;IC1093;Galaxie;226.8985;14.548;14.99;1;0.74;Boo;
IC1094;IC1094;Galaxie;226.9258;14.625;;0.8;0.8;Boo;
IC1094 NED01;IC1094 NED01;Galaxie;226.9242;14.6219;16.57;0.55;0.51;Boo;
IC1094 NED02;IC1094 NED02;Galaxie;226.9258;14.628;16.3;0.54;0.41;Boo;
IC1094 NED03;IC1094 NED03;Galaxie;226.9275;14.6268;17.14;0.52;0.32;Boo;
IC1095;IC1095;Galaxie;227.146;13.6706;15.3;0.65;0.6;Boo;
IC1096;IC1096;Galaxie;227.0899;19.1921;15.69;0.56;0.38;Boo;
IC1097;IC1097;Galaxie;227.1304;19.1843;14.83;0.91;0.42;Boo;
IC1098;IC1098;Autre;226.6052;55.6017;;;;Dra;
IC1099;IC1099;Galaxie;226.7277;56.509;14.78;1.12;0.81;Dra;
IC1101;IC1101;Galaxie;227.7337;5.7448;15.34;1.2;0.6;Vir;
IC1102;IC1102;Galaxie;227.7706;4.2939;15.5;1.04;0.58;Vir;
IC1103;IC1103;Galaxie;227.8995;19.2078;15.81;0.91;0.5;Se1;
IC1104;IC1104;Autre;228.2078;-5.0556;;;;Lib;
IC1105;IC1105;Galaxie;228.308;4.2876;14.94;0.95;0.52;Se1;
IC1106;IC1106;Galaxie;228.4845;4.711;15.13;0.91;0.43;Se1;
IC1107;IC1107;Galaxie;228.5373;4.7144;15.91;0.7;0.57;Se1;
IC1109;IC1109;Galaxie;229.2666;5.2561;15.37;0.81;0.69;Se1;
IC1110;IC1110;Galaxie;228.0211;67.3626;14.83;1.26;0.5;UMi;
IC1112;IC1112;Galaxie;229.4473;7.2183;15.07;1.02;0.6;Se1;
IC1113;IC1113;Galaxie;229.563;12.4887;15.28;0.87;0.77;Se1;
IC1114;IC1114;Autre;227.857;75.4267;;;;UMi;
IC1115;IC1115;Autre;230.5793;-4.4739;;;;Lib;
IC1116;IC1116;Galaxie;230.4803;8.4238;14.53;1.07;0.68;Se1;
IC1117;IC1117;Galaxie;231.0954;15.4886;15.68;0.73;0.35;Se1;
IC1118;IC1118;Galaxie;231.248;13.4451;14.91;1.23;1.23;Se1;
IC1119;IC1119;Galaxie;231.4345;-3.6563;;1;1;Se1;
IC1119 NED01;IC1119 NED01;Galaxie;231.434;-3.6539;16.5;0.52;0.33;Se1;
IC1119 NED02;IC1119 NED02;Galaxie;231.4359;-3.6581;15.28;0.62;0.43;Se1;
IC1120;IC1120;Galaxie;231.546;18.8723;16.23;0.67;0.29;Se1;
IC1121;IC1121;Galaxie;231.9336;6.8039;15.42;1.05;0.82;Se1;
IC1122;IC1122;Galaxie;232.3461;7.6174;15.58;0.6;0.56;Se1;
IC1123;IC1123;Autre;232.2255;42.8985;;;;Boo;
IC1124;IC1124;Galaxie;232.5036;23.6384;14.45;1.1;0.42;Se1;
IC1125;IC1125;Galaxie;233.2734;-1.6282;14.32;1.61;0.86;Se1;
IC1126;IC1126;Autre;233.7534;4.9904;;;;Se1;
IC1129;IC1129;Galaxie;233.0034;68.2463;13.5;1.01;0.86;UMi;
IC1130;IC1130;Galaxie;234.4335;17.2444;15.56;0.74;0.52;Se1;
IC1131;IC1131;Galaxie;234.7154;12.0806;14.73;0.85;0.65;Se1;
IC1132;IC1132;Galaxie;235.0282;20.6806;14.37;1.05;0.97;Se1;
IC1133;IC1133;Galaxie;235.3;15.5734;14.73;1.27;0.39;Se1;
IC1134;IC1134;Galaxie;236.2437;16.9621;15.41;0.87;0.54;Se1;
IC1135;IC1135;Galaxie;236.3946;17.7001;15.14;0.85;0.31;Se1;
IC1136;IC1136;Galaxie;236.8933;-1.5453;15.21;0.75;0.7;Se1;
IC1137;IC1137;Galaxie;237.1358;8.5879;14.71;0.86;0.79;Se1;
IC1138;IC1138;Galaxie;237.0657;26.2062;15.27;1.04;0.21;CrB;
IC1139;IC1139;Galaxie;232.3587;82.5839;15.62;0.65;0.28;UMi;
IC1140;IC1140;Autre;237.3553;19.1134;;;;Se1;
IC1141;IC1141;Galaxie;237.4456;12.3993;14.52;0.47;0.45;Se1;
IC1142;IC1142;Galaxie;237.608;18.1396;14.96;1.03;0.77;Se1;
IC1143;IC1143;Galaxie;232.7332;82.4558;14.62;1.45;1.38;UMi;
IC1144;IC1144;Galaxie;237.8404;43.4177;14.69;0.74;0.52;Her;
IC1145;IC1145;Galaxie;236.0356;72.4312;15.12;1.45;0.43;UMi;
IC1146;IC1146;Galaxie;237.092;69.3856;14.65;1.29;0.94;Dra;
IC1147;IC1147;Galaxie;237.5484;69.5601;15.52;0.45;0.45;Dra;
IC1149;IC1149;Galaxie;239.5333;12.0703;14.05;1.07;0.85;Se1;
IC1150;IC1150;Autre;239.5773;15.8745;;;;Se1;
IC1151;IC1151;Galaxie;239.6347;17.4415;12.92;2.23;0.88;Se1;
IC1152;IC1152;Galaxie;239.1805;48.095;14.21;1.15;1.03;Her;
IC1153;IC1153;Galaxie;239.2625;48.1684;13.57;1.2;1;Her;
IC1154;IC1154;Galaxie;238.1192;70.3751;14.67;1.77;1.12;UMi;
IC1155;IC1155;Galaxie;240.149;15.6856;14.35;0.79;0.74;Se1;
IC1156;IC1156;Galaxie;240.1557;19.7232;13.44;1.1;1.01;Her;
IC1157;IC1157;Galaxie;240.2344;15.5264;15.56;0.82;0.41;Se1;
IC1158;IC1158;Galaxie;240.392;1.7078;13.09;1.89;0.94;Se1;
IC1159;IC1159;Galaxie;240.2561;15.42;15.66;0.76;0.52;Se1;
IC1160;IC1160;Galaxie;240.2605;15.4947;15.59;0.77;0.49;Se1;
IC1161;IC1161;Galaxie;240.3201;15.6454;15.15;0.71;0.52;Se1;
IC1162;IC1162;Galaxie;240.318;17.6778;14.68;0.72;0.56;Her;
IC1163;IC1163;Galaxie;240.3773;15.5039;14.93;0.79;0.73;Se1;
IC1164;IC1164;Autre;238.7613;70.587;;;;UMi;
IC1165;IC1165;Galaxie;240.5342;15.6939;;0.9;0.9;Her;
IC1165 NED01;IC1165 NED01;Galaxie;240.5335;15.6966;14.95;0.69;0.64;Her;
IC1165 NED02;IC1165 NED02;Galaxie;240.536;15.6932;15.63;0.63;0.54;Her;
IC1166;IC1166;Galaxie;240.5371;26.3272;;0.6;0.6;CrB;
IC1166 NED01;IC1166 NED01;Galaxie;240.5372;26.3293;16.77;0.53;0.31;CrB;
IC1166 NED02;IC1166 NED02;Galaxie;240.5368;26.3253;17.07;0.41;0.28;CrB;
IC1167;IC1167;Galaxie;240.9703;14.9464;15.5;0.62;0.55;Se1;
IC1168;IC1168;Galaxie;240.982;14.9024;15.62;1.32;0.56;Se1;
IC1169;IC1169;Galaxie;241.056;13.744;14.06;1.06;0.72;Se1;
IC1170;IC1170;Galaxie;241.132;17.7215;17.41;0.5;0.28;Her;
IC1171;IC1171;Autre;241.216;17.9782;;;;Her;
IC1173;IC1173;Galaxie;241.3023;17.4229;14.57;0.92;0.45;Her;
IC1174;IC1174;Galaxie;241.3617;15.0253;14.37;1.03;0.75;Se1;
IC1175;IC1175;Autre;241.3442;18.1631;;;;Her;
IC1177;IC1177;Galaxie;241.3325;18.3154;16.23;0.54;0.41;Her;
IC1178;IC1178;Galaxie;241.388;17.6014;13.92;1.34;0.66;Her;
IC1180;IC1180;Autre;241.3755;18.1497;;;;Her;
IC1181;IC1181;Galaxie;241.391;17.5937;14.79;1.01;0.73;Her;
IC1182;IC1182;Galaxie;241.4033;17.8021;14.65;0.84;0.68;Her;
IC1184;IC1184;Autre;241.4283;17.79;;;;Her;
IC1185;IC1185;Galaxie;241.4362;17.717;13.84;0.74;0.54;Her;
IC1186;IC1186;Galaxie;241.4342;17.3622;14.69;0.78;0.48;Her;
IC1187;IC1187;Galaxie;239.7924;70.557;15.43;0.35;0.22;UMi;
IC1188;IC1188;Galaxie;241.532;17.46;;0.7;0.7;Her;
IC1188A;IC1188A;Galaxie;241.5304;17.4608;15.65;0.55;0.41;Her;
IC1188B;IC1188B;Galaxie;241.5345;17.4616;17.42;0.28;0.18;Her;
IC1189;IC1189;Galaxie;241.5618;18.1829;14.43;0.79;0.56;Her;
IC1190;IC1190;Galaxie;241.4684;18.2205;14.68;1.28;0.35;Her;
IC1191;IC1191;Galaxie;241.6198;18.2679;;0.7;0.7;Her;
IC1191 NED01;IC1191 NED01;Galaxie;241.6208;18.2679;16.63;0.71;0.16;Her;
IC1191 NED02;IC1191 NED02;Galaxie;241.6238;18.2679;17;0.4;0.21;Her;
IC1192;IC1192;Galaxie;241.638;17.7756;14.89;0.91;0.43;Her;
IC1193;IC1193;Galaxie;241.6342;17.7139;14.38;0.78;0.65;Her;
IC1194;IC1194;Galaxie;241.664;17.7612;14.3;0.64;0.49;Her;
IC1195;IC1195;Galaxie;241.6703;17.1918;14.83;0.61;0.43;Her;
IC1196;IC1196;Galaxie;241.9932;10.7796;14.69;1.04;0.51;Se1;
IC1197;IC1197;Galaxie;242.072;7.5385;14.36;2.56;0.54;Se1;
IC1198;IC1198;Galaxie;242.1515;12.3309;14.94;0.79;0.41;Se1;
IC1199;IC1199;Galaxie;242.6431;10.0404;14.54;1.19;0.42;Se1;
IC1201;IC1201;Galaxie;241.4235;69.5938;15.58;0.68;0.22;Dra;
IC1203;IC1203;Amas ouvert;243.8167;-22.3706;;3.5;2;Sco;
IC1204;IC1204;Galaxie;241.8145;69.9315;15.3;0.65;0.3;UMi;
IC1205;IC1205;Galaxie;243.5663;9.5372;14.55;0.69;0.59;Her;
IC1206;IC1206;Galaxie;243.8045;11.2974;14.81;1.12;0.64;Her;
IC1207;IC1207;Amas ouvert;244.8613;-29.6511;;2;0.5;Sco;
IC1208;IC1208;Galaxie;243.9495;36.5273;15.03;1.25;0.32;CrB;
IC1209;IC1209;Galaxie;244.6651;15.5584;14.88;1.36;0.88;Her;
IC1210;IC1210;Galaxie;243.6256;62.5367;14.56;1.38;0.42;Dra;
IC1211;IC1211;Galaxie;244.2166;53.006;13.76;1.34;1.25;Dra;
IC1212;IC1212;Galaxie;243.8781;64.2248;15.32;0.77;0.66;Dra;
IC1214;IC1214;Galaxie;244.0488;65.9688;14.95;1.05;0.44;Dra;
IC1215;IC1215;Galaxie;243.8964;68.3977;13.7;0.91;0.68;Dra;
IC1216;IC1216;Galaxie;243.9808;68.3499;14.87;0.75;0.63;Dra;
IC1217;IC1217;Autre;244.0171;69.6765;;;;Dra;
IC1218;IC1218;Galaxie;244.1546;68.2026;15.3;0.92;0.92;Dra;
IC1219;IC1219;Galaxie;246.1144;19.4826;15.13;1.31;0.52;Her;
IC1220;IC1220;Galaxie;247.4096;8.4507;14.73;1.24;1.17;Her;
IC1221;IC1221;Galaxie;248.6735;46.3921;14.59;1;0.92;Her;
IC1222;IC1222;Galaxie;248.7883;46.2139;13.37;1.51;1.12;Her;
IC1223;IC1223;Galaxie;248.9269;49.2205;15.3;0.82;0.6;Her;
IC1224;IC1224;Galaxie;250.7345;19.2544;15.37;1.28;0.84;Her;
IC1225;IC1225;Galaxie;249.2188;67.6294;15.42;1.37;0.45;Dra;
IC1226;IC1226;Galaxie;250.2774;46.0041;15.3;0.57;0.5;Her;
IC1228;IC1228;Galaxie;250.527;65.5855;14.43;1.32;0.71;Dra;
IC1229;IC1229;Galaxie;251.2451;51.3081;15.96;0.44;0.17;Dra;
IC1230;IC1230;Galaxie;251.2562;51.2596;;0.92;0.59;Her;
IC1231;IC1231;Galaxie;251.7459;58.4232;13.2;1.88;0.86;Dra;
IC1234;IC1234;Autre;253.2121;56.8778;;;;Dra;
IC1235;IC1235;Galaxie;253.0151;63.1158;15.04;0.76;0.53;Dra;
IC1236;IC1236;Galaxie;254.6233;20.0415;13.64;1.17;1.07;Her;
IC1237;IC1237;Galaxie;254.0669;55.0265;14.6;1.97;0.58;Dra;
IC1238;IC1238;Autre;255.1256;23.0768;;;;Her;
IC1240;IC1240;Autre;255.2453;61.0504;;;;Dra;
IC1241;IC1241;Galaxie;255.3676;63.6911;13.72;1.16;0.93;Dra;
IC1242;IC1242;Galaxie;257.1787;4.0499;14.86;0.84;0.51;Oph;
IC1243;IC1243;Autre;257.6023;10.7666;;;;Oph;
IC1244;IC1244;Galaxie;257.6405;36.3033;14.52;1.13;1.13;Her;
IC1245;IC1245;Galaxie;258.1525;38.0204;14.9;1.85;0.97;Her;
IC1246;IC1246;Autre;258.5512;20.2373;;;;Her;
IC1247;IC1247;Autre;259.0923;-12.7809;;;;Oph;
IC1248;IC1248;Galaxie;257.9174;59.9956;14.59;0.82;0.64;Dra;
IC1249;IC1249;Galaxie;258.7297;35.5201;14.83;0.24;0.22;Her;
IC1250;IC1250;Galaxie;258.6215;57.4168;15.95;0.59;0.3;Dra;
IC1251;IC1251;Galaxie;257.5538;72.4105;14.33;1.21;0.64;Dra;
IC1252;IC1252;Galaxie;258.9599;57.3668;15.64;1.06;0.32;Dra;
IC1254;IC1254;Galaxie;257.8892;72.402;13.95;0.91;0.54;Dra;
IC1255;IC1255;Galaxie;260.7725;12.6954;14.15;0.98;0.48;Oph;
IC1256;IC1256;Galaxie;260.9471;26.4865;13.55;1.28;0.75;Her;
IC1257;IC1257;Amas globulaire;261.7849;-7.0931;;3.3;3.3;Oph;
IC1258;IC1258;Galaxie;261.8224;58.4855;14.43;0.91;0.72;Dra;
IC1259;IC1259;Galaxie;261.8575;58.5167;;0.9;0.9;Dra;
IC1259 NED01;IC1259 NED01;Galaxie;261.853;58.5169;15.22;0.91;0.59;Dra;
IC1259 NED02;IC1259 NED02;Galaxie;261.8616;58.5166;14.11;1.11;1.06;Dra;
IC1260;IC1260;Galaxie;261.8822;58.4759;15.7;0.42;0.34;Dra;
IC1261;IC1261;Galaxie;260.8473;71.2636;;1.1;1.1;Dra;
IC1261 NED01;IC1261 NED01;Galaxie;260.8588;71.2628;15.98;0.84;0.68;Dra;
IC1261 NED02;IC1261 NED02;Galaxie;260.837;71.2644;14.9;0.69;0.61;Dra;
IC1262;IC1262;Galaxie;263.2584;43.7596;13.65;1.64;0.82;Her;
IC1263;IC1263;Galaxie;263.28;43.8221;14.71;1.63;0.68;Her;
IC1264;IC1264;Galaxie;263.3202;43.6292;15.52;1.37;1.22;Her;
IC1265;IC1265;Galaxie;264.1643;42.0884;14.04;1.85;0.81;Her;
IC1266;IC1266;Nebuleuse;266.3971;-46.0899;11.2;0.16;0.16;Ara;
IC1267;IC1267;Galaxie;264.6912;59.3731;13.42;1.38;0.95;Dra;
IC1268;IC1268;Galaxie;267.6637;17.2094;15.21;0.66;0.49;Her;
IC1269;IC1269;Galaxie;268.025;21.5696;12.82;1.32;0.85;Her;
IC1270;IC1270;Autre;266.9875;62.2234;;;;Dra;
IC1271;IC1271;Nebuleuse;271.3046;-24.4105;;;;Sgr;
IC1272;IC1272;Autre;271.2323;25.1292;;;;Her;
IC1273;IC1273;Autre;271.2615;25.1321;;;;Her;
IC1274;IC1274;Nebuleuse;272.4626;-23.6482;;20;5;Sgr;
IC1275;IC1275;Nebuleuse;272.53;-23.7612;;;;Sgr;
IC1276;IC1276;Amas globulaire;272.6845;-7.2076;;9.6;9.6;Se2;
IC1277;IC1277;Galaxie;272.6137;31.0032;14.95;0.98;0.67;Her;
IC1278;IC1278;Autre;272.6735;31.1499;;;;Her;
IC1279;IC1279;Galaxie;272.8141;36.0078;14.38;2.34;0.59;Her;
IC1281;IC1281;Galaxie;272.9087;35.9922;;1.3;1.3;Her;
IC1281 NED01;IC1281 NED01;Galaxie;272.9084;35.9874;16.39;0.54;0.31;Her;
IC1281 NED02;IC1281 NED02;Galaxie;272.909;35.9973;15.58;0.57;0.38;Her;
IC1282;IC1282;Autre;273.5219;21.1022;;;;Her;
IC1283;IC1283;Nebuleuse;274.3202;-19.7622;;15;15;Sgr;
IC1284;IC1284;Nebuleuse;274.4151;-19.672;7.7;16.98;15.14;Sgr;
IC1285;IC1285;Autre;274.0424;25.1003;;;;Her;
IC1286;IC1286;Galaxie;274.0595;55.591;14.72;1.42;0.44;Dra;
IC1287;IC1287;Nebuleuse;277.857;-10.7958;6.1;20;10;Sct;
IC1288;IC1288;Galaxie;277.3436;39.7134;14.24;1.09;0.61;Lyr;
IC1289;IC1289;Galaxie;277.5095;39.964;15.27;0.66;0.33;Lyr;
IC1290;IC1290;Amas ouvert;279.6471;-24.0968;;;;Sgr;
IC1291;IC1291;Galaxie;278.469;49.2786;13.03;1.33;1.15;Dra;
IC1292;IC1292;Autre;281.1685;-27.8163;;;;Sgr;
IC1293;IC1293;Autre;280.4027;56.3178;;;;Dra;
IC1294;IC1294;Autre;282.4602;40.2094;;;;Lyr;
IC1295;IC1295;Nebuleuse;283.6547;-8.827;12.5;1.5;1.5;Sct;
IC1296;IC1296;Galaxie;283.3285;33.0666;15.35;0.99;0.53;Lyr;
IC1297;IC1297;Nebuleuse;289.3475;-39.6131;10.7;0.12;0.12;CrA;
IC1298;IC1298;Autre;289.6487;-1.5962;;;;Aql;
IC1299;IC1299;Amas ouvert;290.6751;20.7396;14;2;1;Vul;
IC1301;IC1301;Galaxie;291.6332;50.1253;14.25;1.44;0.69;Cyg;
IC1302;IC1302;Galaxie;292.7204;35.7852;13.35;0.95;0.51;Cyg;
IC1303;IC1303;Galaxie;292.8752;35.8766;14.83;1.18;0.73;Cyg;
IC1304;IC1304;Amas ouvert;293.8937;41.1118;;;;Cyg;
IC1305;IC1305;Autre;294.8213;20.1943;;;;Vul;
IC1306;IC1306;Amas ouvert;295.4216;37.6852;;;;Cyg;
IC1307;IC1307;Amas ouvert;295.6338;27.7526;;;;Vul;
IC1308;IC1308;Nebuleuse;296.2718;-14.7203;;;;Sgr;
IC1309;IC1309;Galaxie;300.7563;-17.2321;15.06;0.87;0.64;Sgr;
IC1310;IC1310;Amas ouvert;302.5041;34.9689;;15;3;Cyg;
IC1311;IC1311;Amas ouvert;302.6993;41.1739;13.1;6.3;6.3;Cyg;
IC1312;IC1312;Autre;304.2146;18.046;;;;Sge;
IC1313;IC1313;Galaxie;304.6819;-16.946;15;1.61;1.02;Cap;
IC1314;IC1314;Amas ouvert;304.4583;25.0898;;;;Vul;
IC1315;IC1315;Autre;304.3415;30.6891;;;;Cyg;
IC1316;IC1316;Autre;305.6077;6.5017;;;;Aql;
IC1317;IC1317;Galaxie;305.815;0.6647;13.73;0.76;0.57;Aql;
IC1318;IC1318;Autre;305.557;40.2567;2.23;;;Cyg;gam Cyg
IC1319;IC1319;Galaxie;306.508;-18.5041;14.84;0.79;0.49;Cap;
IC1320;IC1320;Galaxie;306.6069;2.9097;14.44;1.07;0.61;Del;
IC1321;IC1321;Galaxie;307.046;-18.2915;15.24;1.1;0.71;Cap;
IC1322;IC1322;Galaxie;307.5353;-15.2278;15.47;1.1;0.56;Cap;
IC1323;IC1323;Autre;307.6208;-15.1819;;;;Cap;
IC1324;IC1324;Galaxie;308.0513;-9.0561;14.29;1.25;1.12;Cap;
IC1327;IC1327;Galaxie;308.922;-0.0058;14.92;0.93;0.9;Aql;
IC1328;IC1328;Galaxie;310.4877;-19.6331;14.88;0.89;0.36;Cap;
IC1329;IC1329;Autre;310.9255;15.5974;;;;Del;
IC1330;IC1330;Galaxie;311.5622;-14.0232;;1.25;0.41;Aqr;
IC1331;IC1331;Galaxie;311.9532;-9.9959;14.69;1.75;0.49;Aqr;
IC1332;IC1332;Galaxie;312.9641;-13.7115;15.88;1.16;0.69;Aqr;
IC1333;IC1333;Galaxie;313.0717;-16.2858;15.46;1.37;0.73;Cap;
IC1335;IC1335;Galaxie;313.2755;-16.3354;15.96;0.89;0.64;Cap;
IC1336;IC1336;Galaxie;313.7705;-18.0387;15.29;0.86;0.49;Cap;
IC1337;IC1337;Galaxie;314.2196;-16.5858;14.68;0.84;0.61;Cap;
IC1338;IC1338;Galaxie;314.241;-16.4926;15.59;0.76;0.5;Cap;
IC1339;IC1339;Galaxie;314.4813;-17.9428;14.17;1.51;0.94;Cap;
IC1340;IC1340;Nebuleuse;314.0344;31.0479;;25.12;19.95;Cyg;
IC1341;IC1341;Galaxie;315.0695;-13.9763;15.24;0.95;0.53;Aqr;
IC1342;IC1342;Galaxie;315.106;-14.4959;;1.08;0.41;Aqr;
IC1343;IC1343;Galaxie;315.2527;-15.4037;15.16;1.02;0.43;Cap;
IC1344;IC1344;Galaxie;315.3185;-13.3803;14.57;1.15;0.52;Aqr;
IC1345;IC1345;Galaxie;315.3425;-13.3976;15.58;0.48;0.41;Aqr;
IC1346;IC1346;Galaxie;315.4042;-13.9607;14.92;1.23;0.62;Aqr;
IC1347;IC1347;Galaxie;315.435;-13.3133;15.62;1.42;0.65;Aqr;
IC1348;IC1348;Galaxie;315.4338;-13.358;15.58;0.37;0.26;Aqr;
IC1349;IC1349;Galaxie;315.4602;-13.2655;15.47;0.72;0.43;Aqr;
IC1350;IC1350;Galaxie;315.4679;-13.8527;14.79;0.91;0.56;Aqr;
IC1351;IC1351;Galaxie;315.4685;-13.2019;15.65;0.74;0.23;Aqr;
IC1352;IC1352;Galaxie;315.4787;-13.3841;16.38;0.5;0.3;Aqr;
IC1353;IC1353;Galaxie;315.4847;-13.2728;16.38;0.45;0.35;Aqr;
IC1355;IC1355;Galaxie;315.4933;-13.173;15.66;0.4;0.34;Aqr;
IC1356;IC1356;Galaxie;315.7208;-15.8116;15.2;0.82;0.58;Cap;
IC1357;IC1357;Galaxie;316.4888;-10.7162;15.85;1.28;0.48;Aqr;
IC1358;IC1358;Galaxie;316.6225;-16.2044;15.65;0.5;0.23;Cap;
IC1359;IC1359;Galaxie;317.1792;12.4843;14.74;1.16;0.49;Del;
IC1360;IC1360;Galaxie;317.7097;5.0714;15.4;0.8;0.4;Equ;
IC1361;IC1361;Galaxie;317.8714;5.0543;15.39;0.78;0.55;Equ;
IC1362;IC1362;Galaxie;317.9694;2.329;15.88;0.62;0.45;Aqr;
IC1363;IC1363;Amas ouvert;317.6684;46.8701;;;;Cyg;
IC1364;IC1364;Galaxie;318.3528;2.7697;13.41;1.07;0.78;Equ;
IC1365;IC1365;Galaxie;318.483;2.5654;;1;1;Equ;
IC1365 NED01;IC1365 NED01;Galaxie;318.483;2.5654;14.95;1.66;0.85;Equ;
IC1365 NED02;IC1365 NED02;Galaxie;318.4777;2.5638;15.81;1.38;0.81;Equ;
IC1366;IC1366;Galaxie;318.5334;1.7761;15.79;0.81;0.41;Aqr;
IC1367;IC1367;Galaxie;318.5404;2.9938;15.52;0.65;0.5;Equ;
IC1368;IC1368;Galaxie;318.5525;2.178;14.3;1.36;0.52;Aqr;
IC1369;IC1369;Amas ouvert;318.0377;47.7685;;5.1;5.1;Cyg;
IC1370;IC1370;Galaxie;318.8095;2.192;15.07;0.66;0.49;Aqr;
IC1371;IC1371;Galaxie;320.0652;-4.8765;14.98;1.42;0.83;Aqr;
IC1372;IC1372;Galaxie;320.0712;-5.6046;15.04;0.83;0.63;Aqr;
IC1373;IC1373;Galaxie;320.1552;1.0924;15.34;0.89;0.61;Aqr;
IC1374;IC1374;Galaxie;320.261;1.713;15.78;0.63;0.44;Aqr;
IC1375;IC1375;Galaxie;320.2491;3.9854;15.17;0.58;0.37;Equ;
IC1376;IC1376;Autre;321.1712;-5.7424;;;;Aqr;
IC1377;IC1377;Galaxie;321.361;4.3142;14.77;0.73;0.56;Equ;
IC1378;IC1378;Autre;320.7155;55.4643;;;;Cep;
IC1379;IC1379;Galaxie;321.5053;3.0974;15.68;0.59;0.47;Equ;
IC1380;IC1380;Galaxie;321.7959;2.7177;15.65;0.68;0.58;Peg;
IC1381;IC1381;Galaxie;321.8904;-1.1886;15.49;0.9;0.59;Aqr;
IC1383;IC1383;Galaxie;321.9152;-1.1022;15.94;0.62;0.22;Aqr;
IC1384;IC1384;Galaxie;321.9711;-1.3686;15.36;0.77;0.63;Aqr;
IC1385;IC1385;Galaxie;322.2133;-1.0701;18.25;0.59;0.53;Aqr;
IC1386;IC1386;Galaxie;322.406;-21.1957;13.12;0.97;0.77;Cap;
IC1387;IC1387;Galaxie;322.3936;-1.3509;15.04;0.48;0.46;Aqr;
IC1388;IC1388;Galaxie;322.4674;-0.6313;15.02;0.82;0.41;Aqr;
IC1389;IC1389;Galaxie;323.0327;-18.0184;15.46;0.81;0.49;Cap;
IC1390;IC1390;Galaxie;323.1033;-1.8625;15.07;0.65;0.61;Aqr;
IC1391;IC1391;Galaxie;323.7517;-0.5114;15.85;0.64;0.49;Aqr;
IC1392;IC1392;Galaxie;323.8862;35.3983;12.95;1.53;1.22;Cyg;
IC1393;IC1393;Galaxie;325.0594;-22.4114;15.6;0.74;0.48;Cap;
IC1394;IC1394;Galaxie;325.0543;14.633;14.84;1.23;1.15;Peg;
IC1395;IC1395;Galaxie;325.4225;4.1045;15.44;0.74;0.68;Peg;
IC1396;IC1396;Amas ouvert;324.7401;57.4891;;14;4;Cep;
IC1397;IC1397;Galaxie;326.0096;-4.8848;15.29;0.85;0.52;Aqr;
IC1398;IC1398;Galaxie;326.4643;9.4753;15.35;0.76;0.43;Peg;
IC1399;IC1399;Galaxie;326.5371;4.4022;15.62;0.68;0.46;Peg;
IC1400;IC1400;Amas ouvert;326.0678;52.967;;;;Cyg;
IC1401;IC1401;Galaxie;326.7479;1.7127;13.72;1.68;0.56;Aqr;
IC1402;IC1402;Amas ouvert;326.2457;53.2625;;;;Cyg;
IC1403;IC1403;Galaxie;327.6212;-2.7162;16.42;0.49;0.35;Aqr;
IC1404;IC1404;Galaxie;327.7349;-9.2666;14.63;0.97;0.81;Cap;
IC1405;IC1405;Galaxie;327.7077;2.0208;15.12;0.87;0.63;Aqr;
IC1406;IC1406;Galaxie;327.7703;1.9871;15.57;0.62;0.47;Aqr;
IC1407;IC1407;Galaxie;328.0977;3.4272;15.05;0.76;0.56;Peg;
IC1408;IC1408;Galaxie;328.2876;-13.3468;14.92;1;0.52;Cap;
IC1409;IC1409;Galaxie;328.3317;-7.4999;15.62;0.69;0.43;Aqr;
IC1410;IC1410;Galaxie;329.0089;-2.9003;15.5;0.83;0.54;Aqr;
IC1411;IC1411;Galaxie;329.0025;-1.5171;14.38;0.87;0.56;Aqr;
IC1412;IC1412;Galaxie;329.5769;-17.1762;14.55;1.27;0.71;Cap;
IC1413;IC1413;Galaxie;329.6109;-3.1024;15.72;0.93;0.26;Aqr;
IC1414;IC1414;Galaxie;329.5752;8.4238;15.2;0.47;0.4;Peg;
IC1415;IC1415;Autre;329.6777;1.3504;;;;Aqr;
IC1416;IC1416;Autre;329.7062;1.4516;;;;Aqr;
IC1417;IC1417;Galaxie;330.09;-13.1474;14;1.65;0.54;Aqr;
IC1418;IC1418;Galaxie;330.4997;4.3843;15.23;0.86;0.86;Peg;
IC1419;IC1419;Galaxie;330.7452;-9.921;16.06;0.54;0.3;Aqr;
IC1420;IC1420;Galaxie;330.6332;19.7501;;1.3;1.3;Peg;
IC1420 NED01;IC1420 NED01;Galaxie;330.6304;19.7504;14.35;1.32;1.07;Peg;
IC1420 NED02;IC1420 NED02;Galaxie;330.6345;19.7501;15.02;0.86;0.6;Peg;
IC1421;IC1421;Galaxie;330.7668;-9.9782;15.45;0.63;0.57;Aqr;
IC1422;IC1422;Galaxie;330.7502;2.5989;15.85;0.46;0.3;Peg;
IC1423;IC1423;Galaxie;330.8029;4.2976;14.76;0.92;0.44;Peg;
IC1424;IC1424;Autre;330.7891;11.1971;;;;Peg;
IC1425;IC1425;Galaxie;330.8521;2.5949;15.1;0.79;0.62;Peg;
IC1426;IC1426;Autre;330.9637;-9.9193;;;;Aqr;
IC1427;IC1427;Galaxie;330.8965;15.1068;15.19;1.14;0.83;Peg;
IC1428;IC1428;Galaxie;331.1153;2.6309;15.56;0.71;0.37;Peg;
IC1429;IC1429;Autre;331.7602;10.1092;;;;Peg;
IC1430;IC1430;Galaxie;331.8743;-13.5812;15.63;0.56;0.47;Aqr;
IC1431;IC1431;Galaxie;331.915;-13.5134;15.27;0.75;0.7;Aqr;
IC1432;IC1432;Galaxie;332.5165;3.6896;16.75;0.44;0.28;Peg;
IC1433;IC1433;Galaxie;333.0425;-12.7653;;1;1;Aqr;
IC1433 NED01;IC1433 NED01;Galaxie;333.0443;-12.7656;15.64;0.83;0.41;Aqr;
IC1433 NED02;IC1433 NED02;Galaxie;333.041;-12.7656;;0.18;0.15;Aqr;
IC1433 NED03;IC1433 NED03;Galaxie;333.0384;-12.7631;17.74;0.21;0.19;Aqr;
IC1434;IC1434;Amas ouvert;332.6757;52.8501;;4.8;4.8;Lac;
IC1435;IC1435;Galaxie;333.3595;-22.0967;13.89;1.07;0.65;Aqr;
IC1436;IC1436;Galaxie;333.4643;-10.1918;16.06;0.56;0.42;Aqr;
IC1437;IC1437;Galaxie;333.9375;2.0659;14.84;1.08;0.94;Aqr;
IC1438;IC1438;Galaxie;334.1212;-21.4307;12.75;2.33;2.16;Aqr;
IC1439;IC1439;Galaxie;334.1672;-21.4859;14.75;1.25;0.65;Aqr;
IC1440;IC1440;Galaxie;334.1384;-16.0164;14.91;1.67;0.48;Aqr;
IC1441;IC1441;Galaxie;333.8297;37.3015;15.37;1.07;0.58;Lac;
IC1442;IC1442;Amas ouvert;334.0055;53.9913;9.1;4.2;4.2;Lac;
IC1443;IC1443;Galaxie;334.7653;-20.9399;13.53;1.55;1.21;Aqr;
IC1444;IC1444;Galaxie;335.5997;5.1392;15.81;0.58;0.37;Peg;
IC1445;IC1445;Galaxie;336.3764;-17.2433;12.74;1.41;1.15;Aqr;
IC1446;IC1446;Galaxie;337.2696;-1.1849;15.5;0.78;0.49;Aqr;
IC1447;IC1447;Galaxie;337.4992;-5.1199;13.71;1.48;0.77;Aqr;
IC1449;IC1449;Galaxie;338.7792;-8.7653;15.23;0.57;0.34;Aqr;
IC1450;IC1450;Autre;339.4914;34.5355;;;;Peg;
IC1451;IC1451;Galaxie;341.5311;-10.3694;15;0.91;0.87;Aqr;
IC1453;IC1453;Galaxie;341.726;-13.4496;15.1;0.84;0.71;Aqr;
IC1454;IC1454;Nebuleuse;340.6042;80.4422;14;0.47;0.47;Cep;
IC1455;IC1455;Galaxie;343.4419;1.372;14.62;1;0.56;Psc;
IC1456;IC1456;Galaxie;343.8258;-12.732;15.91;0.95;0.21;Aqr;
IC1457;IC1457;Autre;343.849;-5.5627;;;;Aqr;
IC1459;IC1459;Galaxie;344.2942;-36.4622;10.54;4.61;3.23;Gru;
IC1460;IC1460;Galaxie;344.267;4.677;14.3;0.61;0.48;Psc;
IC1461;IC1461;Galaxie;344.6429;15.1728;15.01;0.6;0.55;Peg;
IC1462;IC1462;Autre;344.6548;8.4413;;;;Peg;
IC1463;IC1463;Autre;344.8372;-10.5309;;;;Aqr;
IC1464;IC1464;Galaxie;345.7983;-8.9908;;1.2;1.2;Aqr;
IC1464A;IC1464A;Galaxie;345.8003;-8.993;15.32;0.26;0.15;Aqr;
IC1464B;IC1464B;Galaxie;345.796;-8.9892;15.5;0.68;0.45;Aqr;
IC1465;IC1465;Autre;345.7217;16.5825;;;;Peg;
IC1466;IC1466;Galaxie;345.9127;-2.7754;14.55;0.6;0.5;Psc;
IC1467;IC1467;Galaxie;346.2071;-3.2299;14.75;0.79;0.38;Psc;
IC1468;IC1468;Galaxie;346.2815;-3.2045;15.25;1.06;0.49;Psc;
IC1469;IC1469;Galaxie;346.6195;-13.5366;;0.45;0.36;Aqr;
IC1470;IC1470;Nebuleuse;346.2925;60.2441;11.5;1.8;1.8;Cep;
IC1471;IC1471;Galaxie;347.1869;-12.6394;14.63;1.07;0.65;Aqr;
IC1472;IC1472;Galaxie;347.2778;17.2591;15.21;1.01;0.6;Peg;
IC1473;IC1473;Galaxie;347.7725;29.6434;14.16;1.74;0.85;Peg;
IC1474;IC1474;Galaxie;348.2136;5.8064;13.94;1.04;0.48;Psc;
IC1475;IC1475;Autre;348.5093;-28.4224;;;;Scl;
IC1476;IC1476;Galaxie;348.5681;30.5515;15.53;0.91;0.91;Peg;
IC1479;IC1479;Galaxie;349.6934;-10.3993;14.6;1.16;0.96;Aqr;
IC1481;IC1481;Galaxie;349.8547;5.9062;14.4;0.73;0.65;Psc;
IC1482;IC1482;Galaxie;350.2063;1.739;15.08;0.81;0.63;Psc;
IC1484;IC1484;Galaxie;350.6664;11.3845;17.78;0.62;0.32;Peg;
IC1488;IC1488;Galaxie;351.4106;15.3544;15.73;1.08;0.24;Peg;
IC1489;IC1489;Galaxie;351.6339;-12.5165;15.11;0.54;0.52;Aqr;
IC1490;IC1490;Galaxie;359.7947;-4.127;14.5;1.45;0.84;Psc;
IC1491;IC1491;Galaxie;352.3529;-16.3166;15.03;0.77;0.42;Aqr;
IC1492;IC1492;Galaxie;352.6504;-3.0399;14.37;1.47;1.11;Psc;
IC1493;IC1493;Galaxie;352.6146;14.4589;16.55;0.52;0.29;Peg;
IC1494;IC1494;Galaxie;352.6923;-12.7245;15.83;0.73;0.34;Aqr;
IC1495;IC1495;Galaxie;352.6989;-13.4854;13;1.33;0.83;Aqr;
IC1496;IC1496;Galaxie;352.723;-2.9343;14.41;1.65;1.22;Psc;
IC1497;IC1497;Autre;352.2087;11.987;;;;Peg;
IC1498;IC1498;Galaxie;352.9735;-5.007;14.03;2.24;0.57;Aqr;
IC1499;IC1499;Autre;352.9876;-13.4397;;;;Aqr;
IC1500;IC1500;Galaxie;353.289;4.5525;15.2;0.47;0.38;Psc;
IC1501;IC1501;Galaxie;353.6669;-3.1528;14.6;1.48;0.67;Psc;
IC1502;IC1502;Galaxie;354.0855;75.6481;14.66;1.01;0.58;Cep;
IC1503;IC1503;Galaxie;354.613;4.8014;14.26;0.9;0.43;Psc;
IC1504;IC1504;Galaxie;355.3312;4.0175;14.41;1.64;0.49;Psc;
IC1505;IC1505;Galaxie;355.4046;-3.5651;14.67;0.6;0.6;Aqr;
IC1506;IC1506;Galaxie;356.2017;4.7357;15.52;0.91;0.56;Psc;
IC1507;IC1507;Galaxie;356.3882;1.6887;14.73;1.29;0.47;Psc;
IC1508;IC1508;Galaxie;356.4795;12.0617;13.4;0.76;0.37;Peg;
IC1509;IC1509;Galaxie;356.8195;-15.3064;15.21;1.29;0.22;Aqr;
IC1510;IC1510;Galaxie;357.6367;2.0733;;1;1;Psc;
IC1510 NED01;IC1510 NED01;Galaxie;357.6354;2.0747;16.08;0.51;0.35;Psc;
IC1510 NED02;IC1510 NED02;Galaxie;357.6377;2.0724;15.16;0.68;0.49;Psc;
IC1511;IC1511;Autre;357.7519;27.0609;;;;Peg;
IC1512;IC1512;Autre;357.756;27.0271;;;;Peg;
IC1513;IC1513;Galaxie;358.3724;11.3176;15.04;1.1;0.4;Peg;
IC1515;IC1515;Galaxie;359.0163;-0.9885;14.4;1.31;1.08;Psc;
IC1516;IC1516;Galaxie;359.0295;-0.9165;14.08;1.19;1;Psc;
IC1517;IC1517;Galaxie;359.0784;-0.3056;14.62;1.01;0.75;Psc;
IC1518;IC1518;Galaxie;359.2755;12.465;15.93;0.5;0.37;Peg;
IC1519;IC1519;Galaxie;359.2849;12.4576;15.95;0.63;0.5;Peg;
IC1520;IC1520;Galaxie;359.4769;-14.0393;14.69;0.55;0.55;Cet;
IC1521;IC1521;Galaxie;359.7486;-7.1468;15.04;0.92;0.55;Cet;
IC1522;IC1522;Galaxie;359.7644;1.7199;15.25;0.76;0.29;Psc;
IC1523;IC1523;Galaxie;359.7775;6.8731;16.28;0.36;0.26;Psc;
IC1525;IC1525;Galaxie;359.8156;46.8897;13.2;1.79;1.24;And;
IC1526;IC1526;Galaxie;0.3813;11.3459;15.07;0.74;0.51;Peg;
IC1527;IC1527;Galaxie;0.59;4.0897;15.42;0.91;0.65;Psc;
IC1528;IC1528;Galaxie;1.2724;-7.0934;13.59;2.15;0.85;Cet;
IC1529;IC1529;Galaxie;1.3049;-11.5028;14.51;1.15;0.94;Cet;
IC1531;IC1531;Galaxie;2.3982;-32.277;13.52;1.89;1.31;Scl;
IC1532;IC1532;Galaxie;2.47;-64.3721;14.84;1.83;0.54;Tuc;
IC1533;IC1533;Autre;2.6517;-7.4151;;;;Cet;
IC1534;IC1534;Galaxie;3.4393;48.1514;15.06;1.02;0.44;And;
IC1535;IC1535;Galaxie;3.4889;48.158;15.15;0.99;0.29;And;
IC1536;IC1536;Galaxie;3.5792;48.1433;15.53;0.81;0.53;And;
IC1537;IC1537;Autre;3.9636;-39.2621;16.04;1.32;0.59;Scl;
IC1538;IC1538;Autre;4.5065;30.0293;;;;And;
IC1540;IC1540;Galaxie;4.9531;23.7726;14.89;0.97;0.41;And;
IC1541;IC1541;Galaxie;5.0082;21.9998;15.59;0.72;0.28;And;
IC1542;IC1542;Galaxie;5.1716;22.5924;15;0.53;0.43;And;
IC1543;IC1543;Galaxie;5.231;21.866;14.17;0.8;0.68;And;
IC1544;IC1544;Galaxie;5.3229;23.0909;14.05;1.1;0.77;And;
IC1545;IC1545;Galaxie;5.3371;21.9834;16.67;0.45;0.36;And;
IC1547;IC1547;Autre;5.3987;22.5064;;;;And;
IC1548;IC1548;Galaxie;5.4798;22.0063;15.63;0.68;0.42;And;
IC1549;IC1549;Galaxie;5.7076;6.9643;14.97;1.45;1.45;Psc;
IC1550;IC1550;Galaxie;6.1152;38.1856;15.03;0.91;0.91;And;
IC1551;IC1551;Galaxie;6.8979;8.8775;14.88;2.42;0.68;Psc;
IC1552;IC1552;Galaxie;7.4321;21.4768;15.35;0.94;0.27;Psc;
IC1553;IC1553;Galaxie;8.1672;-25.6075;14.44;1.36;0.34;Scl;
IC1554;IC1554;Galaxie;8.2806;-32.2584;13.81;1.38;0.8;Scl;
IC1555;IC1555;Galaxie;8.636;-30.0179;14.35;1.31;0.74;Scl;
IC1556;IC1556;Galaxie;8.7621;-9.3684;15.21;0.84;0.34;Cet;
IC1557;IC1557;Galaxie;8.8938;-2.8764;15.54;0.69;0.24;Cet;
IC1558;IC1558;Galaxie;8.9461;-25.3744;12.46;2.8;1.52;Scl;
IC1560;IC1560;Autre;9.4135;2.6716;;;;Cet;
IC1561;IC1561;Galaxie;9.6354;-24.3399;15.16;1.41;0.51;Cet;
IC1562;IC1562;Galaxie;9.6415;-24.2741;13.6;1.5;1.41;Cet;
IC1564;IC1564;Galaxie;9.7714;6.0211;14.75;1.01;0.5;Psc;
IC1565;IC1565;Galaxie;9.8595;6.7343;14.5;1.8;1.76;Psc;
IC1566;IC1566;Galaxie;9.889;6.8151;15.45;0.91;0.74;Psc;
IC1568;IC1568;Galaxie;9.9832;6.8486;15.72;1.15;0.87;Psc;
IC1569;IC1569;Galaxie;10.1167;6.7197;15.69;0.72;0.6;Psc;
IC1570;IC1570;Galaxie;10.1421;6.7527;16.45;0.58;0.27;Psc;
IC1571;IC1571;Galaxie;10.1577;-0.3307;14.58;1.05;0.84;Cet;
IC1572;IC1572;Autre;10.3004;16.2375;;;;Psc;
IC1573;IC1573;Galaxie;10.5436;-23.5916;16.69;1.29;0.17;Cet;
IC1574;IC1574;Galaxie;10.7659;-22.2469;13.86;1.83;0.7;Cet;
IC1575;IC1575;Galaxie;10.889;-4.1178;14.85;0.87;0.77;Cet;
IC1576;IC1576;Galaxie;11.059;-25.1093;15.56;0.76;0.46;Scl;
IC1578;IC1578;Galaxie;11.108;-25.0768;15.28;0.84;0.37;Scl;
IC1579;IC1579;Galaxie;11.3852;-26.5654;14.78;1.02;0.53;Scl;
IC1580;IC1580;Autre;11.5889;29.9366;;;;And;
IC1581;IC1581;Galaxie;11.443;-25.9202;16.23;1;0.2;Scl;
IC1582;IC1582;Galaxie;11.5701;-24.2793;15.8;1.21;0.3;Cet;
IC1583;IC1583;Galaxie;11.7929;23.0738;15.33;0.6;0.46;And;
IC1584;IC1584;Galaxie;11.8274;27.8277;15.02;1.38;1.2;And;
IC1585;IC1585;Galaxie;11.8096;23.0536;15.11;0.75;0.55;And;
IC1586;IC1586;Galaxie;11.9847;22.3729;14.7;0.28;0.23;And;
IC1587;IC1587;Galaxie;12.1804;-23.5617;15.55;1.16;0.44;Cet;
IC1588;IC1588;Galaxie;12.7405;-23.5579;16.37;0.69;0.35;Cet;
IC1589;IC1589;Autre;12.9973;-34.4221;;;;Scl;
IC1590;IC1590;Amas ouvert;13.2092;56.643;;6.3;6.3;Cas;
IC1592;IC1592;Galaxie;13.3627;5.7704;15.36;0.86;0.68;Psc;
IC1593;IC1593;Autre;13.6651;32.5195;;;;Psc;
IC1594;IC1594;Galaxie;13.4389;-47.6475;15.17;1.25;0.39;Phe;
IC1595;IC1595;Galaxie;13.446;-45.1866;15.38;1.45;0.26;Phe;
IC1596;IC1596;Galaxie;13.6785;21.5226;15;1.88;0.75;Psc;
IC1597;IC1597;Galaxie;13.3837;-58.1071;15.02;1.61;0.42;Tuc;
IC1598;IC1598;Galaxie;13.674;5.7738;14.97;1.01;0.51;Psc;
IC1599;IC1599;Galaxie;13.6367;-23.4949;15.53;1.19;0.28;Cet;
IC1600;IC1600;Galaxie;13.7677;-23.5249;15.52;0.8;0.47;Cet;
IC1601;IC1601;Galaxie;13.8952;-24.1534;14.47;0.92;0.44;Cet;
IC1602;IC1602;Galaxie;13.9662;-9.9857;15.44;1.08;0.8;Cet;
IC1603;IC1603;Galaxie;14.2487;-45.4129;14.63;1.41;0.55;Phe;
IC1604;IC1604;Autre;14.4956;-16.2301;;;;Cet;
IC1605;IC1605;Galaxie;14.4068;-48.9027;12.94;1.68;1.35;Phe;
IC1606;IC1606;Autre;14.5924;-12.1785;;;;Cet;
IC1607;IC1607;Galaxie;14.7036;0.5873;14.41;0.94;0.76;Cet;
IC1608;IC1608;Galaxie;14.8515;-34.3289;13.71;2.05;0.68;Scl;
IC1609;IC1609;Galaxie;14.9443;-40.3336;13.73;1.13;0.99;Phe;
IC1610;IC1610;Galaxie;15.4274;-15.5678;13.86;1.59;1.41;Cet;
IC1611;IC1611;Amas ouvert;14.9496;-72.3323;11.96;1.5;1.5;Tuc;
IC1612;IC1612;Amas ouvert;14.9942;-72.3707;12.31;1.2;0.8;Tuc;
IC1613;IC1613;Galaxie;16.1991;2.1178;9.54;18.32;17.14;Cet;
IC1614;IC1614;Galaxie;16.279;33.1898;17.62;0.62;0.51;Psc;
IC1615;IC1615;Galaxie;16.0293;-51.1331;14.3;1.33;0.6;Phe;
IC1616;IC1616;Galaxie;16.2341;-27.4294;12.89;1.63;1.5;Scl;
IC1617;IC1617;Galaxie;16.07;-51.0328;14.6;1.35;0.49;Phe;
IC1618;IC1618;Galaxie;16.4832;32.4122;15.59;0.86;0.46;Psc;
IC1619;IC1619;Galaxie;16.8435;33.0673;15.18;0.75;0.6;Psc;
IC1620;IC1620;Galaxie;16.8094;13.9551;14.6;0.96;0.68;Psc;
IC1621;IC1621;Galaxie;16.5943;-46.7255;14.62;1.38;0.43;Phe;
IC1622;IC1622;Galaxie;16.9028;-17.5386;14.64;0.7;0.56;Cet;
IC1623;IC1623;Galaxie;16.9466;-17.507;;1.2;1.2;Cet;
IC1623A;IC1623A;Galaxie;16.9446;-17.5072;14.26;1.05;0.87;Cet;
IC1623B;IC1623B;Galaxie;16.9482;-17.507;13.89;0.8;0.6;Cet;
IC1624;IC1624;Amas ouvert;16.341;-72.0425;12.42;0.9;0.9;Tuc;
IC1625;IC1625;Galaxie;16.9275;-46.9076;12.08;1.8;1.41;Phe;
IC1626;IC1626;Amas ouvert;16.556;-73.2961;13.82;1;1;Tuc;
IC1627;IC1627;Galaxie;17.0452;-46.0941;13.72;1.62;0.64;Phe;
IC1628;IC1628;Galaxie;17.198;-28.5823;12.52;1.65;1.53;Scl;
IC1629;IC1629;Galaxie;17.3258;2.5675;15.97;0.78;0.63;Cet;
IC1630;IC1630;Galaxie;17.0699;-46.754;15.19;1.65;0.28;Phe;
IC1631;IC1631;Galaxie;17.187;-46.4758;14.23;0.81;0.52;Phe;
IC1632;IC1632;Galaxie;17.6807;17.6833;16.48;0.23;0.22;Psc;
IC1633;IC1633;Galaxie;17.4816;-45.9312;11.39;2.9;2.16;Phe;
IC1634;IC1634;Galaxie;17.7658;17.6631;15.66;0.83;0.72;Psc;
IC1635;IC1635;Galaxie;17.7647;17.652;15.64;1.15;0.65;Psc;
IC1636;IC1636;Galaxie;17.8957;33.3654;15;0.55;0.44;Psc;
IC1637;IC1637;Galaxie;17.7548;-30.4385;12.88;1.69;1.3;Scl;
IC1638;IC1638;Galaxie;18.0909;33.3645;14.92;0.75;0.68;Psc;
IC1639;IC1639;Galaxie;17.944;-0.6644;14.37;0.76;0.7;Cet;
IC1640;IC1640;Galaxie;17.9638;-0.6304;15.45;0.18;0.18;Cet;
IC1641;IC1641;Amas ouvert;17.4133;-71.769;14.99;0.75;0.65;Tuc;
IC1643;IC1643;Galaxie;18.036;-0.4102;15.15;0.9;0.67;Cet;
IC1644;IC1644;Nebuleuse;17.3042;-73.1941;11.7;0.8;0.65;Tuc;
IC1645;IC1645;Galaxie;18.1139;15.7501;14.4;0.86;0.77;Psc;
IC1646;IC1646;Galaxie;18.1826;15.7078;15.1;0.65;0.61;Psc;
IC1647;IC1647;Galaxie;18.3109;38.8853;15.13;0.9;0.4;And;
IC1648;IC1648;Galaxie;18.4255;33.2182;15.14;0.4;0.4;Psc;
IC1649;IC1649;Galaxie;17.9623;-55.8573;14.72;1.9;0.31;Phe;
IC1650;IC1650;Galaxie;18.0795;-50.4017;13.64;1.32;0.65;Phe;
IC1651;IC1651;Autre;18.3648;2.0692;;;;Cet;
IC1652;IC1652;Galaxie;18.7344;31.9485;14.23;1.32;0.17;Psc;
IC1654;IC1654;Galaxie;18.7995;30.1948;14.52;0.99;0.46;Psc;
IC1655;IC1655;Amas ouvert;17.9754;-71.3306;14;1.7;1.5;Tuc;
IC1657;IC1657;Galaxie;18.5292;-32.6509;13.14;2.32;0.52;Scl;
IC1659;IC1659;Galaxie;19.0251;30.3491;14.56;0.83;0.74;Psc;
IC1660;IC1660;Amas ouvert;18.157;-71.7618;13.51;1.1;1.1;Tuc;
IC1662;IC1662;Amas ouvert;18.1365;-73.4567;14.03;1.2;1.2;Tuc;
IC1664;IC1664;Autre;18.5771;-69.8115;;;;Tuc;
IC1665;IC1665;Autre;19.4371;34.7017;;;;And;
IC1666;IC1666;Galaxie;19.9725;32.4673;14.35;0.93;0.86;Psc;
IC1667;IC1667;Galaxie;19.6765;-17.0502;15.41;0.96;0.68;Cet;
IC1668;IC1668;Galaxie;19.7213;33.1731;15.75;0.34;0.24;Psc;
IC1669;IC1669;Galaxie;20.0285;33.1847;15.65;0.77;0.26;Psc;
IC1670;IC1670;Galaxie;19.7117;-16.8028;;3;3;Cet;
IC1670A;IC1670A;Galaxie;19.7035;-16.8034;14.77;1.6;0.56;Cet;
IC1670B;IC1670B;Galaxie;19.7202;-16.8034;14.5;1.99;0.44;Cet;
IC1672;IC1672;Galaxie;20.1592;29.6988;13.92;1.42;1;Psc;
IC1673;IC1673;Galaxie;20.1931;33.0449;14.79;0.54;0.54;Psc;
IC1674;IC1674;Galaxie;19.8268;-50.9636;14.92;0.52;0.29;Phe;
IC1675;IC1675;Galaxie;20.2496;34.2486;14.27;0.72;0.23;And;
IC1676;IC1676;Galaxie;20.2441;30.2595;15.58;0.59;0.44;Psc;
IC1677;IC1677;Galaxie;20.2795;33.2161;15.17;0.65;0.3;Psc;
IC1678;IC1678;Galaxie;20.2605;5.5605;15.3;0.34;0.24;Psc;
IC1679;IC1679;Galaxie;20.4358;33.4936;15.48;0.6;0.51;Psc;
IC1680;IC1680;Galaxie;20.4633;33.2825;14.86;0.7;0.53;Psc;
IC1681;IC1681;Galaxie;20.3388;0.0904;14.89;1;0.49;Cet;
IC1682;IC1682;Galaxie;20.5554;33.2603;14.26;0.86;0.4;Psc;
IC1683;IC1683;Galaxie;20.6625;34.4369;14.13;1.32;0.57;And;
IC1684;IC1684;Galaxie;20.7217;33.4136;15.77;0.68;0.45;Psc;
IC1685;IC1685;Galaxie;20.7775;33.1894;;0.4;0.3;Psc;
IC1687;IC1687;Galaxie;20.8296;33.2753;14.77;0.68;0.48;Psc;
IC1688;IC1688;Galaxie;20.8671;33.0831;16.42;0.38;0.31;Psc;
IC1689;IC1689;Galaxie;20.9494;33.0553;14.78;0.62;0.41;Psc;
IC1690;IC1690;Galaxie;20.9564;33.1563;14.98;0.49;0.26;Psc;
IC1691;IC1691;Galaxie;21.1075;33.4069;16.26;0.46;0.39;Psc;
IC1692;IC1692;Galaxie;21.1648;33.2358;15.6;0.5;0.36;Psc;
IC1693;IC1693;Galaxie;21.01;-1.657;15.99;0.65;0.27;Cet;
IC1694;IC1694;Galaxie;21.1992;1.6072;14.8;1.12;0.71;Cet;
IC1695;IC1695;Galaxie;21.2818;8.6995;15.3;1.84;1.08;Psc;
IC1696;IC1696;Galaxie;21.2182;-1.6171;13.61;0.83;0.75;Cet;
IC1697;IC1697;Galaxie;21.2623;0.4444;15.02;0.81;0.46;Cet;
IC1698;IC1698;Galaxie;21.3423;14.8387;14.82;1.87;0.76;Psc;
IC1701;IC1701;Galaxie;21.46;18.1845;15.31;0.79;0.6;Psc;
IC1702;IC1702;Galaxie;21.4845;16.6018;14.44;1.13;0.68;Psc;
IC1704;IC1704;Galaxie;21.7897;14.7763;14.26;1.08;0.76;Psc;
IC1705;IC1705;Galaxie;21.6868;-3.5015;14.38;0.63;0.48;Cet;
IC1706;IC1706;Galaxie;21.8792;14.8196;15.56;0.5;0.48;Psc;
IC1707;IC1707;Autre;22.0013;37.1171;;;;And;
IC1708;IC1708;Amas ouvert;21.2337;-71.1844;14.3;1.2;1.2;Hyi;
IC1711;IC1711;Galaxie;22.7302;17.1886;14.68;2.49;0.48;Psc;
IC1713;IC1713;Autre;23.1825;35.3245;;;;Tri;
IC1714;IC1714;Galaxie;23.2215;-13.025;16.57;0.62;0.5;Cet;
IC1715;IC1715;Galaxie;23.3923;12.5854;14.48;0.65;0.5;Psc;
IC1716;IC1716;Autre;23.3619;-12.3079;;;;Cet;
IC1717;IC1717;Autre;23.1264;-67.5368;;;;Hyi;
IC1718;IC1718;Galaxie;24.6115;33.3665;14.96;0.68;0.38;Tri;
IC1719;IC1719;Galaxie;24.3997;-33.9241;13.96;1.49;1.08;Scl;
IC1720;IC1720;Galaxie;25.09;-28.9127;13.81;1.21;0.91;Scl;
IC1721;IC1721;Galaxie;25.3518;8.5255;14.59;1.05;0.46;Psc;
IC1722;IC1722;Galaxie;25.7613;-34.1877;14.81;1.52;0.39;Scl;
IC1723;IC1723;Galaxie;25.8091;8.8894;14.08;2.45;0.5;Psc;
IC1724;IC1724;Galaxie;25.7903;-34.2419;14.22;1.29;0.5;Scl;
IC1725;IC1725;Galaxie;26.2993;21.7766;15.3;0.52;0.45;Psc;
IC1726;IC1726;Galaxie;26.332;4.6185;14.62;0.3;0.3;Psc;
IC1727;IC1727;Galaxie;26.8745;27.3334;11.57;6.52;2.44;Tri;
IC1728;IC1728;Galaxie;26.9354;-33.6015;13.35;1.29;0.8;For;
IC1729;IC1729;Galaxie;26.9802;-26.8921;12.53;2.22;1.25;For;
IC1730;IC1730;Galaxie;27.4914;22.0121;15.64;0.75;0.48;Ari;
IC1731;IC1731;Galaxie;27.5514;27.1962;14.12;1.45;0.8;Tri;
IC1732;IC1732;Galaxie;27.6996;35.9327;14.82;1.32;0.38;And;
IC1733;IC1733;Galaxie;27.6787;33.082;13.01;1.54;1.43;Tri;
IC1734;IC1734;Galaxie;27.321;-32.7426;12.86;1.63;1.52;For;
IC1735;IC1735;Galaxie;27.7156;33.0923;15.07;0.85;0.69;Tri;
IC1736;IC1736;Galaxie;27.7217;18.3028;14.95;1.04;0.28;Ari;
IC1737;IC1737;Autre;27.928;36.2512;;;;And;
IC1738;IC1738;Galaxie;27.7829;-9.792;14.7;0.93;0.69;Cet;
IC1739;IC1739;Galaxie;27.6233;-34.0556;14.75;0.88;0.55;For;
IC1740;IC1740;Autre;27.2148;-30.086;;;;For;
IC1741;IC1741;Galaxie;27.9864;-16.788;15.52;1.05;0.58;Cet;
IC1742;IC1742;Galaxie;28.3093;22.7214;15.16;0.68;0.46;Ari;
IC1745;IC1745;Galaxie;28.2462;-16.669;16.07;0.75;0.31;Cet;
IC1746;IC1746;Galaxie;28.6013;4.8039;15.01;1.58;0.47;Psc;
IC1747;IC1747;Nebuleuse;29.3989;63.3218;12;0.22;0.22;Cas;
IC1748;IC1748;Galaxie;29.0369;17.6413;14.68;0.69;0.49;Ari;
IC1749;IC1749;Galaxie;29.0463;6.7449;14.69;1.06;0.69;Psc;
IC1750;IC1750;Galaxie;29.0773;4.0763;15.35;1.02;0.18;Psc;
IC1752;IC1752;Galaxie;29.3143;28.6135;16.29;0.62;0.28;Tri;
IC1753;IC1753;Galaxie;29.3305;28.5892;14.94;0.84;0.57;Tri;
IC1754;IC1754;Galaxie;29.2078;4.0256;15.36;0.92;0.92;Psc;
IC1755;IC1755;Galaxie;29.2908;14.5499;14.71;1.46;0.37;Ari;
IC1756;IC1756;Galaxie;29.2722;-0.4682;15.56;1.31;0.24;Cet;
IC1757;IC1757;Galaxie;29.2973;-0.474;16.74;0.4;0.24;Cet;
IC1758;IC1758;Galaxie;29.2187;-16.5421;15.22;0.56;0.2;Cet;
IC1759;IC1759;Galaxie;29.4807;-32.9871;13.94;1.47;1.26;For;
IC1760;IC1760;Galaxie;29.3528;-31.9883;16.61;0.62;0.41;For;
IC1761;IC1761;Galaxie;29.7179;0.5683;15.54;0.63;0.28;Cet;
IC1762;IC1762;Galaxie;29.4527;-33.2398;14.3;1.69;0.55;For;
IC1763;IC1763;Galaxie;29.799;-27.8107;14.64;1.09;0.92;For;
IC1764;IC1764;Galaxie;30.0974;24.5806;14.43;1.2;0.87;Ari;
IC1767;IC1767;Galaxie;29.9974;-11.079;14.77;1.69;0.56;Cet;
IC1768;IC1768;Galaxie;30.2078;-25.0267;14.8;1.45;1.2;For;
IC1769;IC1769;Galaxie;30.2288;-31.9198;15.51;0.93;0.26;For;
IC1770;IC1770;Galaxie;30.56;9.9809;15.32;1.41;1.36;Psc;
IC1771;IC1771;Galaxie;30.5661;9.9686;15.35;0.75;0.75;Psc;
IC1772;IC1772;Galaxie;30.6789;7.7455;;0.68;0.68;Psc;
IC1774;IC1774;Galaxie;30.9958;15.3181;13.61;1.41;0.66;Ari;
IC1775;IC1775;Galaxie;31.3231;13.5057;15.52;0.75;0.67;Ari;
IC1776;IC1776;Galaxie;31.3134;6.1068;14.33;1.26;1;Psc;
IC1777;IC1777;Galaxie;31.5362;15.2095;15.4;0.91;0.91;Ari;
IC1779;IC1779;Galaxie;31.608;3.706;15.2;0.37;0.28;Psc;
IC1780;IC1780;Galaxie;31.7132;14.7219;15.53;0.64;0.37;Ari;
IC1781;IC1781;Galaxie;31.72;-0.5181;15.95;0.68;0.52;Cet;
IC1783;IC1783;Galaxie;32.5255;-32.9399;12.48;1.98;0.8;For;
IC1784;IC1784;Galaxie;34.0533;32.6495;13.14;1.4;0.74;Tri;
IC1785;IC1785;Galaxie;34.0877;32.6665;15.59;0.81;0.44;Tri;
IC1786;IC1786;Galaxie;34.0235;5.1455;15.47;0.66;0.43;Cet;
IC1788;IC1788;Galaxie;33.9582;-31.201;12.37;2.53;1.07;For;
IC1789;IC1789;Galaxie;34.4632;32.396;14.7;1.95;0.42;Tri;
IC1790;IC1790;Galaxie;34.4075;12.509;15.66;0.82;0.28;Ari;
IC1791;IC1791;Galaxie;34.4222;12.4706;14.54;1.09;1.08;Ari;
IC1792;IC1792;Galaxie;34.7545;34.4624;14.92;1.39;0.96;Tri;
IC1793;IC1793;Galaxie;35.385;32.5445;14.79;1.28;0.63;Tri;
IC1794;IC1794;Galaxie;35.3757;15.7616;15.04;0.93;0.71;Ari;
IC1795;IC1795;Nebuleuse;36.6332;62.0416;;12;12;Cas;
IC1796;IC1796;Galaxie;35.6972;-41.3711;13.67;1.07;0.7;Phe;
IC1797;IC1797;Galaxie;36.3662;20.3953;15.25;0.97;0.37;Ari;
IC1798;IC1798;Galaxie;36.5646;13.4308;;0.31;0.21;Ari;
IC1799;IC1799;Galaxie;37.1913;45.9706;14.89;0.79;0.37;And;
IC1800;IC1800;Autre;37.1298;31.4097;;;;Tri;
IC1801;IC1801;Galaxie;37.0531;19.5833;13.98;1.18;0.54;Ari;
IC1802;IC1802;Galaxie;37.3083;23.0827;13.37;0.98;0.79;Ari;
IC1803;IC1803;Galaxie;37.4581;23.1086;15.72;0.46;0.46;Ari;
IC1804;IC1804;Galaxie;37.4768;23.0971;15.81;0.97;0.86;Ari;
IC1805;IC1805;Amas ouvert;38.173;61.4569;6.5;60;60;Cas;
IC1806;IC1806;Galaxie;37.3956;22.9432;15.69;0.63;0.47;Ari;
IC1807;IC1807;Galaxie;37.6292;22.9497;15.56;0.56;0.49;Ari;
IC1809;IC1809;Galaxie;37.9181;22.9172;14.96;0.85;0.51;Ari;
IC1810;IC1810;Galaxie;37.3618;-43.0763;14.15;1.37;0.97;Eri;
IC1811;IC1811;Galaxie;37.6591;-34.2642;14.42;1.15;0.68;For;
IC1812;IC1812;Galaxie;37.3824;-42.8114;12.21;2.08;1.6;Eri;
IC1813;IC1813;Galaxie;37.7062;-34.2209;14.3;1.13;0.75;For;
IC1815;IC1815;Galaxie;38.5833;32.4295;14.26;1.35;1.2;Tri;
IC1816;IC1816;Galaxie;37.9625;-36.6721;14.26;1.26;1.22;For;
IC1817;IC1817;Galaxie;38.4592;11.2033;;0.9;0.9;Ari;
IC1817 NED01;IC1817 NED01;Galaxie;38.4567;11.2033;16.43;0.49;0.25;Ari;
IC1817 NED02;IC1817 NED02;Galaxie;38.4616;11.2035;15.18;0.67;0.43;Ari;
IC1818;IC1818;Galaxie;38.5297;-11.0407;15.27;0.83;0.71;Cet;
IC1819;IC1819;Galaxie;38.9243;4.0518;15.03;2.01;0.62;Cet;
IC1820;IC1820;Galaxie;38.9695;6.0406;15.2;0.53;0.28;Cet;
IC1821;IC1821;Galaxie;39.1089;13.7796;;1;1;Ari;
IC1821 NED01;IC1821 NED01;Galaxie;39.1059;13.7802;15.65;0.7;0.3;Ari;
IC1821 NED02;IC1821 NED02;Galaxie;39.1113;13.7789;;0.26;0.2;Ari;
IC1822;IC1822;Autre;38.9265;-8.5628;;;;Cet;
IC1823;IC1823;Galaxie;39.6541;32.0697;13.28;1.38;0.83;Tri;
IC1825;IC1825;Galaxie;39.7318;9.0974;14.84;1.15;0.79;Cet;
IC1826;IC1826;Galaxie;39.7648;-27.4431;12.76;2.06;1.81;For;
IC1827;IC1827;Galaxie;39.9436;1.5583;14.44;1.09;0.23;Cet;
IC1829;IC1829;Galaxie;40.1366;14.2979;15.83;0.94;0.73;Ari;
IC1831;IC1831;Nebuleuse;40.985;62.4116;;120.23;120.23;Cas;
IC1832;IC1832;Galaxie;40.4903;19.0301;15.17;0.74;0.69;Ari;
IC1833;IC1833;Galaxie;40.4113;-28.1713;14.14;1.43;0.74;For;
IC1834;IC1834;Galaxie;40.7004;3.0842;15.18;0.69;0.61;Cet;
IC1835;IC1835;Galaxie;40.9548;14.8896;;0.72;0.58;Ari;
IC1836;IC1836;Galaxie;40.8478;3.1054;15.57;0.63;0.5;Cet;
IC1838;IC1838;Galaxie;41.1791;19.4551;15.17;0.64;0.23;Ari;
IC1839;IC1839;Galaxie;41.1788;15.2401;15.25;0.97;0.4;Ari;
IC1841;IC1841;Galaxie;41.401;18.9289;15.07;0.64;0.48;Ari;
IC1842;IC1842;Galaxie;41.3476;11.4581;15.61;1.07;0.3;Ari;
IC1843;IC1843;Galaxie;41.3526;2.8805;14.15;1.04;0.63;Cet;
IC1844;IC1844;Galaxie;41.4558;3.2303;14.99;0.94;0.37;Cet;
IC1845;IC1845;Autre;40.9871;-27.9689;10.17;;;For;
IC1847;IC1847;Galaxie;41.9736;14.5051;15.98;0.56;0.47;Ari;
IC1848;IC1848;Amas ouvert;42.7941;60.4025;6.5;40;10;Cas;
IC1849;IC1849;Galaxie;41.936;9.3568;15.44;0.83;0.46;Cet;
IC1851;IC1851;Autre;42.9413;58.3143;6.44;;;Cas;
IC1853;IC1853;Galaxie;42.0178;-13.9931;14.36;1.39;0.39;Eri;
IC1854;IC1854;Galaxie;42.3363;19.3039;14.81;0.52;0.43;Ari;
IC1855;IC1855;Galaxie;42.268;13.4429;16.27;0.45;0.31;Ari;
IC1856;IC1856;Galaxie;42.2117;-0.7674;14.38;1.14;0.51;Cet;
IC1857;IC1857;Galaxie;42.4122;14.6198;15.07;0.79;0.43;Ari;
IC1858;IC1858;Galaxie;42.285;-31.2896;14.2;1.88;0.86;For;
IC1859;IC1859;Galaxie;42.2663;-31.1725;14.3;1.3;0.85;For;
IC1860;IC1860;Galaxie;42.3905;-31.1891;12.59;2.64;1.8;For;
IC1861;IC1861;Galaxie;43.2791;25.4904;14.63;1.28;0.8;Ari;
IC1862;IC1862;Galaxie;42.995;-33.3402;14.59;2.67;0.59;For;
IC1863;IC1863;Galaxie;43.7114;8.7844;15.7;0.6;0.6;Cet;
IC1864;IC1864;Galaxie;43.4138;-34.1976;12.72;1.3;0.76;For;
IC1865;IC1865;Galaxie;43.8341;8.8282;14.93;1.3;1.01;Cet;
IC1866;IC1866;Galaxie;43.7208;-15.6526;15.22;1.01;0.81;Eri;
IC1867;IC1867;Galaxie;43.9676;9.3118;14.6;1.52;1.17;Cet;
IC1868;IC1868;Galaxie;44.0244;9.3788;15.86;0.4;0.36;Cet;
IC1869;IC1869;Galaxie;44.5487;5.8366;15.56;0.7;0.27;Cet;
IC1870;IC1870;Galaxie;44.473;-2.3471;13.5;1.55;0.9;Eri;
IC1871;IC1871;Nebuleuse;44.3408;60.6724;;4;4;Cas;
IC1872;IC1872;Autre;46.1442;42.8107;;;;Per;
IC1873;IC1873;Galaxie;45.9703;9.6132;15.3;1.17;0.46;Cet;
IC1874;IC1874;Galaxie;46.5916;36.0145;14.69;0.94;0.66;Per;
IC1875;IC1875;Galaxie;45.986;-39.4404;12.55;1.57;0.87;For;
IC1876;IC1876;Galaxie;46.1345;-27.4605;14.12;1.16;1.12;For;
IC1877;IC1877;Galaxie;45.7899;-50.5119;16.32;0.9;0.2;Hor;
IC1878;IC1878;Galaxie;45.9175;-52.108;15.18;0.58;0.39;Hor;
IC1879;IC1879;Galaxie;45.9685;-52.1178;15.96;1.21;0.23;Hor;
IC1880;IC1880;Galaxie;46.6193;-9.7315;14.86;1.85;1.09;Eri;
IC1882;IC1882;Galaxie;46.9554;3.1479;15.04;1.14;0.39;Cet;
IC1885;IC1885;Galaxie;46.6685;-32.8636;14.88;1.45;0.46;For;
IC1886;IC1886;Galaxie;47.0135;-4.3998;14.81;1.11;0.88;Eri;
IC1890;IC1890;Galaxie;47.4935;19.2081;15.63;1.02;1.02;Ari;
IC1891;IC1891;Galaxie;47.5501;19.6066;16.61;0.44;0.34;Ari;
IC1892;IC1892;Galaxie;47.1135;-23.0558;13.84;1.78;0.98;Eri;
IC1893;IC1893;Galaxie;47.569;19.6169;17.13;0.39;0.25;Ari;
IC1894;IC1894;Galaxie;47.6061;19.6066;15.83;0.78;0.52;Ari;
IC1895;IC1895;Galaxie;47.4009;-25.2536;13.29;1.4;1.05;For;
IC1896;IC1896;Galaxie;46.9688;-54.2145;15.82;0.81;0.31;Hor;
IC1897;IC1897;Galaxie;47.6914;-10.7961;14.67;0.99;0.57;Eri;
IC1898;IC1898;Galaxie;47.5825;-22.4049;13.62;3.66;0.65;Eri;
IC1899;IC1899;Galaxie;48.0546;-25.3049;14.39;1.32;0.39;For;
IC1900;IC1900;Galaxie;48.9801;37.1541;13.86;0.83;0.65;Per;
IC1901;IC1901;Galaxie;49.0109;37.1124;16.76;0.91;0.27;Per;
IC1902;IC1902;Galaxie;49.0517;37.1774;15.6;0.69;0.43;Per;
IC1903;IC1903;Galaxie;48.2931;-50.5698;;1.9;1.9;Hor;
IC1903 NED01;IC1903 NED01;Galaxie;48.2857;-50.5626;17.32;0.48;0.15;Hor;
IC1903 NED02;IC1903 NED02;Galaxie;48.3023;-50.5778;16.6;0.65;0.23;Hor;
IC1904;IC1904;Galaxie;48.7532;-30.708;14.42;1.37;0.61;For;
IC1905;IC1905;Autre;49.7;41.3654;;;;Per;
IC1906;IC1906;Galaxie;49.0235;-34.3606;14.46;1.21;0.51;For;
IC1908;IC1908;Galaxie;48.7721;-54.82;14.08;1.23;0.68;Hor;
IC1909;IC1909;Galaxie;49.3334;-33.6901;14.52;1.25;0.68;For;
IC1910;IC1910;Autre;49.4908;-21.4348;;;;Eri;
IC1911;IC1911;Autre;50.2049;35.3218;;;;Per;
IC1912;IC1912;Galaxie;49.181;-50.6549;15.83;1.05;0.21;Hor;
IC1913;IC1913;Galaxie;49.8939;-32.465;14.44;1.96;0.41;For;
IC1914;IC1914;Galaxie;49.8552;-49.5997;13.04;1.95;1.45;Hor;
IC1915;IC1915;Galaxie;49.9665;-50.6912;16.17;0.61;0.52;Hor;
IC1916;IC1916;Galaxie;50.0688;-49.0419;15.4;0.86;0.55;Hor;
IC1917;IC1917;Galaxie;50.5515;-53.1852;16.17;0.83;0.47;Hor;
IC1918;IC1918;Galaxie;51.5745;4.541;15.57;0.6;0.2;Tau;
IC1919;IC1919;Galaxie;51.5093;-32.8946;13.79;1.73;1.08;For;
IC1920;IC1920;Galaxie;51.1017;-52.7136;16;0.56;0.41;Hor;
IC1921;IC1921;Autre;51.1755;-50.698;;;;Hor;
IC1922;IC1922;Galaxie;51.1793;-50.7405;16.9;0.41;0.28;Hor;
IC1923;IC1923;Autre;51.2193;-50.5558;;;;Hor;
IC1923 NED01;IC1923 NED01;Galaxie;51.2205;-50.5556;17.6;0.3;0.19;Hor;
IC1923 NED02;IC1923 NED02;Autre;51.2157;-50.5557;;;;Hor;
IC1924;IC1924;Galaxie;51.282;-51.7034;16.69;0.74;0.3;Hor;
IC1925;IC1925;Autre;51.3154;-51.2569;;;;Hor;
IC1926;IC1926;Galaxie;51.3293;-51.7011;16.59;0.55;0.21;Hor;
IC1927;IC1927;Autre;51.332;-51.7194;;;;Hor;
IC1928;IC1928;Galaxie;51.8716;-21.5602;14.13;1.77;0.46;Eri;
IC1929;IC1929;Galaxie;51.3577;-51.2672;14.16;0.94;0.59;Hor;
IC1930;IC1930;Galaxie;52.1927;4.3836;15.81;0.76;0.62;Tau;
IC1931;IC1931;Galaxie;52.2405;1.7507;15.44;0.8;0.76;Tau;
IC1932;IC1932;Galaxie;51.4751;-51.3432;14.59;0.94;0.41;Hor;
IC1933;IC1933;Galaxie;51.4162;-52.7855;12.57;2.27;1.21;Hor;
IC1934;IC1934;Galaxie;52.8084;42.7923;16;0.99;0.51;Per;
IC1935;IC1935;Galaxie;51.5554;-50.0104;14.26;1;0.71;Hor;
IC1936;IC1936;Galaxie;51.6168;-51.3232;16.04;0.64;0.3;Hor;
IC1937;IC1937;Galaxie;51.6985;-48.7026;14.89;0.89;0.54;Hor;
IC1938;IC1938;Galaxie;51.7935;-53.0099;15.51;0.82;0.61;Hor;
IC1939;IC1939;Autre;51.9357;-51.0709;;;;Hor;
IC1940;IC1940;Galaxie;51.9264;-52.1394;14.78;0.96;0.87;Hor;
IC1941;IC1941;Autre;53.0622;24.3837;;;;Tau;
IC1942;IC1942;Galaxie;51.9721;-52.6769;;0.7;0.7;Hor;
IC1942 NED01;IC1942 NED01;Galaxie;51.9698;-52.6775;17.28;0.39;0.12;Hor;
IC1942 NED02;IC1942 NED02;Galaxie;51.9746;-52.6758;15.37;0.89;0.69;Hor;
IC1944;IC1944;Galaxie;52.4167;-47.9962;15.75;0.5;0.36;Hor;
IC1945;IC1945;Galaxie;52.319;-52.6272;15.31;0.81;0.26;Hor;
IC1946;IC1946;Galaxie;52.3425;-52.6193;14.44;0.91;0.45;Hor;
IC1947;IC1947;Galaxie;52.6368;-50.3385;14.78;0.58;0.49;Hor;
IC1948;IC1948;Galaxie;52.7085;-47.9649;15.69;0.83;0.64;Hor;
IC1949;IC1949;Galaxie;52.7201;-47.9793;13.15;1.18;0.87;Hor;
IC1950;IC1950;Galaxie;52.7688;-50.4334;14.47;1.56;0.42;Hor;
IC1951;IC1951;Galaxie;52.7347;-53.1262;17.13;0.54;0.16;Hor;
IC1952;IC1952;Galaxie;53.3611;-23.7128;13.52;2.58;0.55;Eri;
IC1953;IC1953;Galaxie;53.4245;-21.4786;11.96;2.26;1.19;Eri;
IC1954;IC1954;Galaxie;52.8808;-51.9048;11.58;2.99;1.71;Hor;
IC1955;IC1955;Galaxie;52.8528;-57.2419;15.77;0.68;0.55;Ret;
IC1956;IC1956;Galaxie;53.8882;5.067;15.53;1.32;0.47;Tau;
IC1957;IC1957;Galaxie;53.0562;-52.4566;16.54;1.02;0.18;Hor;
IC1958;IC1958;Galaxie;53.1934;-51.4417;16.03;0.46;0.27;Hor;
IC1959;IC1959;Galaxie;53.3025;-50.4142;12.83;3.05;0.72;Hor;
IC1960;IC1960;Galaxie;53.1374;-57.2066;15.21;1.13;0.27;Ret;
IC1961;IC1961;Galaxie;53.389;-48.9506;15.48;0.63;0.42;Hor;
IC1962;IC1962;Galaxie;53.9062;-21.2941;14.76;2.25;0.5;Eri;
IC1964;IC1964;Galaxie;53.3753;-53.1731;16.61;0.55;0.34;Ret;
IC1965;IC1965;Galaxie;53.296;-56.5541;15.09;0.96;0.63;Ret;
IC1966;IC1966;Galaxie;53.5141;-51.3223;15.61;0.58;0.25;Hor;
IC1967;IC1967;Galaxie;54.4488;3.271;14.94;0.83;0.44;Tau;
IC1968;IC1968;Galaxie;53.6575;-50.6513;16.2;0.46;0.35;Hor;
IC1969;IC1969;Galaxie;54.0577;-45.1796;14.88;1.32;0.35;Hor;
IC1970;IC1970;Galaxie;54.1313;-43.9568;12.44;2.99;0.76;Hor;
IC1971;IC1971;Galaxie;53.9891;-52.6512;15.9;0.78;0.38;Hor;
IC1972;IC1972;Galaxie;54.0888;-51.9681;16.41;0.69;0.2;Hor;
IC1973;IC1973;Galaxie;54.0876;-51.9942;16.71;0.5;0.19;Hor;
IC1974;IC1974;Galaxie;54.176;-49.5503;15.91;0.78;0.36;Hor;
IC1975;IC1975;Galaxie;54.7648;-15.5001;15.57;0.42;0.38;Eri;
IC1976;IC1976;Galaxie;54.2865;-47.4379;15.78;0.8;0.59;Hor;
IC1977;IC1977;Galaxie;55.188;17.7412;14.56;0.85;0.62;Tau;
IC1978;IC1978;Galaxie;54.2733;-50.1508;15.7;1.21;0.2;Hor;
IC1979;IC1979;Autre;54.1928;-57.9446;;;;Ret;
IC1980;IC1980;Galaxie;54.2458;-57.9739;14.94;1.27;0.41;Ret;
IC1982;IC1982;Galaxie;54.427;-57.7763;15.66;0.49;0.39;Ret;
IC1984;IC1984;Galaxie;54.9593;-47.0758;16.39;0.75;0.25;Hor;
IC1986;IC1986;Galaxie;55.1465;-45.3558;14.63;1.27;0.23;Hor;
IC1987;IC1987;Galaxie;55.047;-55.0548;;1.4;1.4;Ret;
IC1987 NED01;IC1987 NED01;Galaxie;55.0404;-55.0549;16.5;0.56;0.32;Ret;
IC1987 NED02;IC1987 NED02;Galaxie;55.0481;-55.0591;15.95;0.78;0.28;Ret;
IC1987 NED03;IC1987 NED03;Galaxie;55.0502;-55.0534;16.39;0.79;0.79;Ret;
IC1987 NED04;IC1987 NED04;Galaxie;55.0509;-55.0563;;0.2;0.19;Ret;
IC1988;IC1988;Autre;55.69;-39.8871;;;;Eri;
IC1989;IC1989;Galaxie;55.4778;-50.9578;14.61;1.37;0.76;Hor;
IC1990;IC1990;Nebuleuse;56.8076;24.3339;;;;Tau;
IC1991;IC1991;Galaxie;56.195;-51.5234;16.18;0.84;0.28;Hor;
IC1992;IC1992;Autre;56.2835;-51.0047;;;;Hor;
IC1993;IC1993;Galaxie;56.77;-33.7099;11.9;2.81;2.48;For;
IC1994;IC1994;Galaxie;56.4794;-51.6433;16.02;0.73;0.22;Hor;
IC1995;IC1995;Nebuleuse;57.5772;25.5808;;2;2;Tau;
IC1996;IC1996;Galaxie;56.282;-57.3248;16.32;0.92;0.21;Ret;
IC1997;IC1997;Galaxie;56.2163;-59.1377;13.47;1.01;0.7;Ret;
IC1998;IC1998;Galaxie;57.8805;1.1898;15.69;0.77;0.61;Tau;
IC1999;IC1999;Galaxie;56.9285;-56.9521;15.08;0.79;0.68;Ret;
IC2000;IC2000;Galaxie;57.2822;-48.8582;12.38;4.88;0.85;Hor;
IC2001;IC2001;Autre;57.7155;-48.5996;;;;Hor;
IC2003;IC2003;Nebuleuse;59.0918;33.8749;11.4;0.14;0.14;Per;
IC2004;IC2004;Galaxie;57.9405;-49.4196;14.99;0.91;0.68;Hor;
IC2005;IC2005;Galaxie;59.4148;36.7875;15.76;0.34;0.23;Per;
IC2006;IC2006;Galaxie;58.6185;-35.9671;11.34;2.36;1.98;Eri;
IC2007;IC2007;Galaxie;58.8448;-28.1583;13.73;1.29;0.6;Eri;
IC2009;IC2009;Galaxie;58.3952;-48.9895;14.9;1.5;0.99;Hor;
IC2010;IC2010;Galaxie;57.9918;-59.9294;13.71;1.19;0.48;Ret;
IC2011;IC2011;Autre;58.1131;-57.4684;;;;Ret;
IC2012;IC2012;Galaxie;58.2305;-58.651;;0.7;0.7;Ret;
IC2012 NED01;IC2012 NED01;Galaxie;58.2303;-58.6496;16.28;0.51;0.42;Ret;
IC2013;IC2013;Autre;59.1836;-17.1095;;;;Eri;
IC2014;IC2014;Galaxie;58.8403;-56.7463;15.67;0.63;0.47;Ret;
IC2015;IC2015;Galaxie;59.5476;-40.3891;15.66;0.59;0.44;Hor;
IC2016;IC2016;Galaxie;60.4995;20.2404;15.7;0.51;0.25;Tau;
IC2017;IC2017;Galaxie;59.164;-59.3948;15;1.11;0.74;Ret;
IC2018;IC2018;Galaxie;59.4772;-52.7811;14.78;0.79;0.55;Dor;
IC2019;IC2019;Galaxie;60.4735;5.6394;15.24;0.84;0.47;Tau;
IC2020;IC2020;Galaxie;59.7214;-54.0576;15.62;0.67;0.53;Ret;
IC2021;IC2021;Galaxie;59.8497;-52.6567;15.76;0.65;0.49;Dor;
IC2022;IC2022;Galaxie;59.6667;-59.0437;16.14;1.1;0.24;Ret;
IC2023;IC2023;Galaxie;59.9193;-52.6811;15.86;0.59;0.44;Dor;
IC2024;IC2024;Galaxie;60.0172;-53.371;15.55;1.1;0.26;Ret;
IC2025;IC2025;Galaxie;60.0966;-53.0656;15.3;1.16;0.25;Ret;
IC2027;IC2027;Galaxie;61.665;37.1157;16;0.94;0.78;Per;
IC2028;IC2028;Galaxie;60.326;-52.7074;14.22;0.86;0.52;Dor;
IC2029;IC2029;Galaxie;60.3248;-52.8008;15.74;1.03;0.4;Dor;
IC2030;IC2030;Autre;61.2345;-19.2315;;;;Eri;
IC2031;IC2031;Galaxie;61.5613;-5.6519;15.8;0.56;0.48;Eri;
IC2032;IC2032;Galaxie;61.7627;-55.3238;14.73;1.12;0.41;Dor;
IC2033;IC2033;Galaxie;61.8101;-53.6809;14.99;1.19;0.47;Dor;
IC2034;IC2034;Galaxie;61.6535;-57.9614;15.9;1.35;0.2;Ret;
IC2035;IC2035;Galaxie;62.2578;-45.5175;11.75;1.41;1.17;Hor;
IC2036;IC2036;Galaxie;62.4796;-39.6887;14.45;1.12;0.73;Hor;
IC2037;IC2037;Galaxie;62.0792;-58.7512;14.78;1.74;0.3;Ret;
IC2038;IC2038;Galaxie;62.224;-55.9896;14.68;1.85;0.49;Dor;
IC2039;IC2039;Galaxie;62.2599;-56.0117;14.26;1.09;0.93;Dor;
IC2040;IC2040;Galaxie;63.249;-32.5533;13.68;1.35;0.66;Eri;
IC2041;IC2041;Galaxie;63.1454;-32.8174;14.68;1.07;0.74;Eri;
IC2042;IC2042;Autre;62.9303;-47.2701;10.94;;;Hor;
IC2043;IC2043;Galaxie;62.7894;-53.6866;14.51;1.43;0.27;Dor;
IC2044;IC2044;Galaxie;62.8082;-54.5326;16.51;0.62;0.38;Dor;
IC2045;IC2045;Galaxie;63.65;-13.1749;15.49;0.91;0.68;Eri;
IC2046;IC2046;Galaxie;62.8522;-54.6732;15.15;0.82;0.56;Dor;
IC2049;IC2049;Galaxie;63.0178;-58.557;14.74;1.06;0.8;Ret;
IC2050;IC2050;Galaxie;63.4839;-53.4754;13.8;1.17;0.82;Dor;
IC2051;IC2051;Galaxie;58.0035;-83.8307;11.23;2.86;1.72;Men;
IC2052;IC2052;Galaxie;63.7438;-54.3362;15.37;1.06;0.39;Dor;
IC2053;IC2053;Galaxie;63.9818;-49.3583;15.27;0.53;0.48;Dor;
IC2054;IC2054;Galaxie;61.8597;-78.2533;16.38;0.46;0.42;Men;
IC2055;IC2055;Autre;64.4522;-48.9241;;;;Dor;
IC2056;IC2056;Galaxie;64.1022;-60.2068;11.87;1.85;1.61;Ret;
IC2057;IC2057;Galaxie;65.4837;4.0486;15.18;0.63;0.52;Tau;
IC2058;IC2058;Galaxie;64.4765;-55.9329;13.76;3.4;0.48;Dor;
IC2059;IC2059;Galaxie;65.1096;-31.7246;13.98;1.34;0.55;Eri;
IC2060;IC2060;Galaxie;64.4723;-56.6163;13.91;1.25;0.82;Ret;
IC2061;IC2061;Autre;66.0005;21.0832;;;;Tau;
IC2062;IC2062;Autre;68.0078;71.9199;;;;Cam;
IC2063;IC2063;Galaxie;65.668;-15.6605;14.83;0.87;0.48;Eri;
IC2064;IC2064;Galaxie;65.8614;-15.6852;15.75;0.53;0.47;Eri;
IC2065;IC2065;Galaxie;65.3666;-55.9333;14.61;1.19;0.39;Dor;
IC2066;IC2066;Galaxie;65.8847;-54.7334;15.27;0.86;0.64;Dor;
IC2067;IC2067;Nebuleuse;67.7126;35.4462;11.49;;;Per;
IC2068;IC2068;Galaxie;66.6537;-42.0937;14.27;1.29;0.91;Cae;
IC2069;IC2069;Autre;66.4839;-48.2081;;;;Cae;
IC2070;IC2070;Galaxie;66.1487;-57.9809;14.5;1.44;0.67;Dor;
IC2071;IC2071;Galaxie;66.555;-53.1521;;1.2;1.2;Dor;
IC2072;IC2072;Autre;66.7275;-48.3775;;;;Cae;
IC2073;IC2073;Galaxie;66.641;-53.1873;13.72;1.43;0.58;Dor;
IC2074;IC2074;Autre;67.846;7.7026;;;;Tau;
IC2076;IC2076;Autre;67.0325;-48.2289;;;;Cae;
IC2078;IC2078;Autre;67.9676;-4.6987;14.4;;;Eri;
IC2079;IC2079;Galaxie;67.1284;-53.7379;14;1.4;0.39;Dor;
IC2080;IC2080;Galaxie;67.9673;-5.7568;15.84;0.78;0.47;Eri;
IC2081;IC2081;Galaxie;67.2538;-53.6137;13.27;1;0.77;Dor;
IC2082;IC2082;Galaxie;67.2817;-53.8272;;1.4;1.4;Dor;
IC2082 NED01;IC2082 NED01;Galaxie;67.2842;-53.8279;12.79;1.23;0.58;Dor;
IC2082 NED02;IC2082 NED02;Galaxie;67.2793;-53.8267;13.77;1.02;0.55;Dor;
IC2083;IC2083;Galaxie;67.6845;-53.9808;14.93;0.95;0.51;Dor;
IC2084;IC2084;Autre;68.0257;-48.2883;;;;Cae;
IC2085;IC2085;Galaxie;67.851;-54.4168;13.18;2.45;0.54;Dor;
IC2086;IC2086;Galaxie;67.884;-53.6476;15.71;0.64;0.57;Dor;
IC2087;IC2087;Nebuleuse;69.9999;25.7422;;4;4;Tau;
IC2088;IC2088;Nebuleuse;67.769;26.607;;;;Tau;
IC2089;IC2089;Galaxie;68.2102;-75.5394;15.13;0.99;0.88;Men;
IC2090;IC2090;Autre;71.1836;-33.9941;;;;Cae;
IC2091;IC2091;Autre;71.6634;-4.6718;;;;Eri;
IC2092;IC2092;Autre;71.6984;-4.9434;;;;Eri;
IC2093;IC2093;Autre;71.8845;-2.709;;;;Ori;
IC2094;IC2094;Galaxie;72.1035;-5.3526;15.82;1.04;0.27;Eri;
IC2095;IC2095;Galaxie;72.1901;-5.1248;16.13;1.46;0.2;Eri;
IC2096;IC2096;Autre;72.4202;-4.9786;;;;Eri;
IC2097;IC2097;Galaxie;72.6009;-5.0812;15.33;1.16;0.29;Eri;
IC2098;IC2098;Galaxie;72.6846;-5.4187;14.66;2.45;0.33;Eri;
IC2100;IC2100;Autre;72.8122;-4.8309;;;;Eri;
IC2101;IC2101;Galaxie;72.926;-6.2314;14.42;1.76;0.38;Eri;
IC2102;IC2102;Galaxie;72.9805;-4.9516;14.52;1.28;1.14;Eri;
IC2103;IC2103;Galaxie;69.9502;-76.8368;14.67;2.02;0.34;Men;
IC2104;IC2104;Galaxie;74.079;-15.7979;13.79;2.11;1.14;Lep;
IC2105;IC2105;Amas ouvert;72.3611;-69.2009;11.3;0.65;0.6;Dor;
IC2106;IC2106;Galaxie;74.1412;-28.5039;13.79;1.79;1.04;Cae;
IC2109;IC2109;Autre;74.7466;-0.3053;;;;Ori;
IC2110;IC2110;Autre;74.7575;-0.3026;;;;Ori;
IC2111;IC2111;Amas ouvert;72.9672;-69.3922;;0.65;0.55;Dor;
IC2112;IC2112;Galaxie;75.1256;4.3865;15.36;0.32;0.21;Ori;
IC2115;IC2115;Autre;74.2863;-66.3902;11.27;;;Dor;
IC2116;IC2116;Nebuleuse;74.3178;-66.389;14.21;0.6;0.6;Dor;
IC2117;IC2117;Amas ouvert;74.3134;-68.4415;;1;0.9;Dor;
IC2119;IC2119;Galaxie;76.7123;-20.3452;14.69;1.2;0.63;Lep;
IC2120;IC2120;Autre;79.7929;38.185;;;;Aur;
IC2122;IC2122;Galaxie;79.7558;-37.0894;13.93;1.75;1.51;Col;
IC2125;IC2125;Galaxie;81.1172;-27.0161;14.5;1.02;0.75;Lep;
IC2128;IC2128;Amas ouvert;80.684;-68.0611;11.1;4.8;3.6;Dor;
IC2129;IC2129;Galaxie;82.9603;-23.1451;13.85;1.82;0.88;Lep;
IC2132;IC2132;Galaxie;83.1195;-13.9271;14.15;1.88;0.62;Lep;
IC2134;IC2134;Amas globulaire;80.7743;-75.4468;13.94;1.4;1.4;Men;
IC2135;IC2135;Galaxie;83.3037;-36.3988;13.28;3.24;0.66;Col;
IC2137;IC2137;Galaxie;83.5903;-23.5333;13.94;1.29;0.81;Lep;
IC2139;IC2139;Amas ouvert;83.8176;-17.9337;;;;Lep;
IC2140;IC2140;Amas globulaire;83.3413;-75.3754;13.48;2.3;2.3;Men;
IC2141;IC2141;Amas ouvert;85.5931;-51.0329;;;;Pic;
IC2142;IC2142;Galaxie;83.2882;-78.0194;15.53;0.86;0.48;Men;
IC2143;IC2143;Galaxie;86.7192;-18.7264;13.42;1.9;0.92;Lep;
IC2144;IC2144;Nebuleuse;87.5579;23.8724;;1;1;Tau;
IC2145;IC2145;Nebuleuse;85.1031;-69.6703;12;0.19;0.19;Dor;
IC2146;IC2146;Amas globulaire;84.4455;-74.7832;12.41;3.3;3.3;Men;
IC2147;IC2147;Galaxie;85.8669;-30.495;13.62;1.56;1.29;Col;
IC2148;IC2148;Amas globulaire;84.7994;-75.5624;14.23;1.3;1.3;Men;
IC2149;IC2149;Nebuleuse;89.0995;46.1048;10.78;0.14;0.14;Aur;
IC2150;IC2150;Galaxie;87.8273;-38.3205;12.94;2.9;0.8;Col;
IC2151;IC2151;Galaxie;88.1518;-17.7873;14.17;1.24;0.64;Lep;
IC2152;IC2152;Galaxie;89.4725;-23.1808;13.49;1.65;1.15;Lep;
IC2153;IC2153;Galaxie;90.0216;-33.9198;;1;1;Col;
IC2153 NED01;IC2153 NED01;Galaxie;90.0176;-33.9201;14.26;1.15;0.89;Col;
IC2153 NED02;IC2153 NED02;Galaxie;90.0227;-33.9182;14.33;1.08;0.84;Col;
IC2155;IC2155;Galaxie;90.1601;-33.9973;16.54;0.37;0.23;Col;
IC2156;IC2156;Amas ouvert;91.2184;24.1584;;;;Gem;
IC2157;IC2157;Amas ouvert;91.1983;24.071;8.4;2.7;2.7;Gem;
IC2158;IC2158;Galaxie;91.3248;-27.857;12.91;1.36;1.08;Col;
IC2159;IC2159;Nebuleuse;92.4901;20.4314;;;;Ori;
IC2160;IC2160;Galaxie;88.869;-76.9203;13.11;1.8;0.89;Men;
IC2161;IC2161;Amas globulaire;89.3536;-75.1395;14.24;1.6;1.6;Men;
IC2162;IC2162;Nebuleuse;93.2696;17.9801;;4;4;Ori;
IC2163;IC2163;Galaxie;94.1166;-21.3759;11.11;3.37;0.95;CMa;
IC2164;IC2164;Galaxie;91.7177;-75.3647;14.57;1.15;0.97;Men;
IC2165;IC2165;Nebuleuse;95.4279;-12.9872;10.5;0.15;0.15;CMa;
IC2166;IC2166;Galaxie;96.7318;59.0801;12.45;2.2;1.08;Lyn;
IC2168;IC2168;Autre;98.4488;44.6855;;;;Aur;
IC2170;IC2170;Autre;98.5205;44.6884;;;;Aur;
IC2171;IC2171;Galaxie;101.1154;-17.9325;15.19;1.63;0.34;CMa;
IC2173;IC2173;Autre;102.6965;33.4581;;;;Gem;
IC2174;IC2174;Galaxie;107.2734;75.353;13.55;0.78;0.78;Cam;
IC2175;IC2175;Autre;107.1653;35.2882;;;;Gem;
IC2176;IC2176;Galaxie;106.8826;32.4698;15.12;0.93;0.76;Gem;
IC2177;IC2177;Nebuleuse;106.1538;-10.4711;;20;20;Mon;
IC2178;IC2178;Galaxie;106.9069;32.5124;16.01;0.59;0.35;Gem;
IC2179;IC2179;Galaxie;108.8846;64.9262;12.51;0.85;0.79;Cam;
IC2180;IC2180;Galaxie;107.8316;26.3715;14.96;0.9;0.79;Gem;
IC2181;IC2181;Galaxie;108.2931;18.9958;14.78;1.02;0.56;Gem;
IC2182;IC2182;Galaxie;108.546;18.945;14.89;1.51;0.78;Gem;
IC2183;IC2183;Autre;109.2345;-20.4105;;;;CMa;
IC2184;IC2184;Galaxie;112.3558;72.1289;;1.1;1.1;Cam;
IC2184 NED01;IC2184 NED01;Galaxie;112.3507;72.1279;14.29;0.86;0.4;Cam;
IC2184 NED02;IC2184 NED02;Galaxie;112.3626;72.131;14;0.73;0.3;Cam;
IC2185;IC2185;Galaxie;110.8168;32.4953;14.88;0.6;0.36;Gem;
IC2186;IC2186;Galaxie;110.6991;21.5292;16.09;0.33;0.22;Gem;
IC2187;IC2187;Galaxie;110.6805;21.4834;15.1;0.2;0.2;Gem;
IC2188;IC2188;Galaxie;110.6799;21.513;15.05;1.1;0.72;Gem;
IC2189;IC2189;Autre;111.24;8.9207;;;;CMi;
IC2190;IC2190;Galaxie;112.4762;37.4518;14.68;0.93;0.61;Aur;
IC2191;IC2191;Galaxie;112.5727;24.3277;15.18;0.81;0.53;Gem;
IC2192;IC2192;Galaxie;113.3346;31.3614;15.56;0.52;0.41;Gem;
IC2193;IC2193;Galaxie;113.3488;31.4836;14.62;1.47;0.96;Gem;
IC2194;IC2194;Galaxie;113.4175;31.3344;14.96;1.51;0.38;Gem;
IC2195;IC2195;Autre;112.1151;-51.2574;;;;Car;
IC2196;IC2196;Galaxie;113.5406;31.4057;13.92;1.67;0.86;Gem;
IC2197;IC2197;Galaxie;113.6055;31.422;17.07;0.5;0.33;Gem;
IC2198;IC2198;Galaxie;113.5464;23.9663;15.27;0.65;0.62;Gem;
IC2199;IC2199;Galaxie;113.7322;31.2762;13.55;1.03;0.58;Gem;
IC2200;IC2200;Galaxie;112.073;-62.3529;13.16;1.33;0.78;Car;
IC2201;IC2201;Galaxie;114.07;33.1227;14.91;1.16;0.29;Gem;
IC2202;IC2202;Galaxie;111.9781;-67.5742;13.6;2.16;0.67;Vol;
IC2203;IC2203;Galaxie;115.14;34.2301;14.58;0.9;0.7;Gem;
IC2204;IC2204;Galaxie;115.3254;34.2322;16.26;0.89;0.82;Gem;
IC2205;IC2205;Galaxie;116.7274;26.8723;14.98;0.71;0.35;Gem;
IC2206;IC2206;Autre;116.46;-34.3302;10.5;;;Pup;
IC2207;IC2207;Galaxie;117.462;33.9623;15.15;1.71;0.28;Gem;
IC2208;IC2208;Galaxie;118.0327;27.4839;15.18;0.43;0.33;Gem;
IC2209;IC2209;Galaxie;119.0592;60.3041;13.8;0.84;0.75;Cam;
IC2210;IC2210;Autre;119.2354;56.6823;;;;Lyn;
IC2211;IC2211;Galaxie;119.4403;32.5581;14.56;0.82;0.45;Gem;
IC2212;IC2212;Galaxie;119.7383;32.6123;15.7;0.73;0.64;Gem;
IC2213;IC2213;Galaxie;119.7773;27.464;15.44;0.73;0.61;Gem;
IC2214;IC2214;Galaxie;119.9742;33.2905;14.45;0.92;0.81;Lyn;
IC2215;IC2215;Autre;119.8881;24.929;;;;Gem;
IC2216;IC2216;Autre;119.8648;5.6145;;;;CMi;
IC2217;IC2217;Galaxie;120.2072;27.5003;14.3;0.59;0.42;Cnc;
IC2218;IC2218;Galaxie;120.4104;24.4324;15.57;0.85;0.3;Cnc;
IC2219;IC2219;Galaxie;120.6522;27.4375;14.41;1.16;0.55;Cnc;
IC2220;IC2220;Nebuleuse;119.2123;-59.1258;;5;5;Car;Toby Jug Nebula
IC2221;IC2221;Galaxie;121.2831;37.4506;16.22;0.64;0.45;Lyn;
IC2222;IC2222;Galaxie;121.3115;37.4726;15.43;0.79;0.41;Lyn;
IC2223;IC2223;Galaxie;121.4596;37.4601;16.31;0.46;0.3;Lyn;
IC2225;IC2225;Galaxie;121.3672;35.9467;14.76;1.07;0.75;Lyn;
IC2226;IC2226;Galaxie;121.5468;12.5435;13.43;1.05;0.78;Cnc;
IC2227;IC2227;Galaxie;121.7799;36.2335;14.19;1.11;0.58;Lyn;
IC2228;IC2228;Autre;121.7735;8.0254;;;;Cnc;
IC2230;IC2230;Galaxie;122.7356;25.6847;15.67;0.57;0.46;Cnc;
IC2231;IC2231;Galaxie;122.7567;5.0873;14.91;1.67;1.67;CMi;
IC2233;IC2233;Galaxie;123.4955;45.7421;12.61;2.88;0.4;Lyn;
IC2234;IC2234;Galaxie;123.4651;35.4929;15.98;0.54;0.51;Lyn;
IC2235;IC2235;Autre;123.391;24.0768;;;;Cnc;
IC2236;IC2236;Autre;123.4063;24.0488;;;;Cnc;
IC2237;IC2237;Autre;123.5337;24.6793;;;;Cnc;
IC2238;IC2238;Autre;123.5359;24.6619;;;;Cnc;
IC2239;IC2239;Galaxie;123.5283;23.8664;15.24;0.84;0.71;Cnc;
IC2240;IC2240;Autre;123.6978;24.4676;;;;Cnc;
IC2241;IC2241;Autre;123.786;24.1294;;;;Cnc;
IC2242;IC2242;Autre;123.7978;24.1329;;;;Cnc;
IC2243;IC2243;Autre;123.8268;23.9623;;;;Cnc;
IC2244;IC2244;Autre;123.8428;24.5458;;;;Cnc;
IC2245;IC2245;Autre;123.8684;24.5361;;;;Cnc;
IC2246;IC2246;Autre;124.0033;23.8498;;;;Cnc;
IC2247;IC2247;Galaxie;123.9962;23.1996;14.04;1.82;0.27;Cnc;
IC2248;IC2248;Galaxie;124.02;23.134;15.03;0.79;0.46;Cnc;
IC2249;IC2249;Galaxie;124.1435;24.4937;16.54;0.31;0.25;Cnc;
IC2250;IC2250;Galaxie;124.134;23.633;16.58;0.41;0.31;Cnc;
IC2251;IC2251;Autre;124.1616;23.9496;;;;Cnc;
IC2252;IC2252;Autre;124.1748;24.6939;;;;Cnc;
IC2253;IC2253;Galaxie;124.1412;21.4099;14.7;0.95;0.58;Cnc;
IC2254;IC2254;Galaxie;124.1896;24.7802;15.28;0.7;0.43;Cnc;
IC2255;IC2255;Autre;124.1799;23.4571;;;;Cnc;
IC2256;IC2256;Galaxie;124.2268;24.1768;15.13;0.79;0.4;Cnc;
IC2257;IC2257;Autre;124.295;23.6499;;;;Cnc;
IC2258;IC2258;Autre;124.3185;23.5775;;;;Cnc;
IC2259;IC2259;Autre;124.3256;23.5656;;;;Cnc;
IC2260;IC2260;Autre;124.3649;24.6732;;;;Cnc;
IC2261;IC2261;Autre;124.3868;23.5123;;;;Cnc;
IC2262;IC2262;Autre;124.344;18.4545;;;;Cnc;
IC2263;IC2263;Autre;124.4205;23.5801;;;;Cnc;
IC2264;IC2264;Autre;124.4372;23.7147;;;;Cnc;
IC2265;IC2265;Autre;124.4593;24.1935;;;;Cnc;
IC2266;IC2266;Autre;124.4102;18.4104;;;;Cnc;
IC2267;IC2267;Galaxie;124.5067;24.7353;15.2;1.85;0.24;Cnc;
IC2268;IC2268;Galaxie;124.5273;24.7964;15.47;0.38;0.37;Cnc;
IC2269;IC2269;Galaxie;124.5365;23.0476;15.6;0.98;0.21;Cnc;
IC2270;IC2270;Autre;124.5015;19.0977;;;;Cnc;
IC2271;IC2271;Galaxie;124.5821;24.5269;15.42;0.4;0.31;Cnc;
IC2272;IC2272;Autre;124.5299;18.7359;;;;Cnc;
IC2273;IC2273;Autre;124.5534;18.4017;;;;Cnc;
IC2274;IC2274;Autre;124.5584;18.6658;;;;Cnc;
IC2275;IC2275;Autre;124.5572;18.4114;;;;Cnc;
IC2276;IC2276;Autre;124.6224;18.4777;;;;Cnc;
IC2277;IC2277;Autre;124.6352;18.6501;;;;Cnc;
IC2278;IC2278;Autre;124.6435;18.4615;;;;Cnc;
IC2279;IC2279;Autre;124.648;18.5679;;;;Cnc;
IC2280;IC2280;Autre;124.6605;18.4498;;;;Cnc;
IC2281;IC2281;Autre;124.7256;18.9091;12.29;;;Cnc;
IC2282;IC2282;Galaxie;124.8147;24.7926;13.93;0.88;0.77;Cnc;
IC2283;IC2283;Autre;124.823;24.7864;;;;Cnc;
IC2284;IC2284;Autre;124.7445;18.6056;;;;Cnc;
IC2285;IC2285;Autre;124.7617;18.9147;;;;Cnc;
IC2286;IC2286;Autre;124.767;18.9561;;;;Cnc;
IC2287;IC2287;Autre;124.7818;19.4005;;;;Cnc;
IC2288;IC2288;Galaxie;124.8432;23.7473;15.62;0.53;0.31;Cnc;
IC2289;IC2289;Autre;124.7818;18.4983;;;;Cnc;
IC2290;IC2290;Galaxie;124.8161;19.3133;15.34;0.58;0.42;Cnc;
IC2291;IC2291;Autre;124.8256;18.5084;;;;Cnc;
IC2292;IC2292;Autre;124.8416;19.5636;;;;Cnc;
IC2293;IC2293;Galaxie;124.8838;21.3943;14.37;0.89;0.67;Cnc;
IC2294;IC2294;Autre;124.8585;18.9847;;;;Cnc;
IC2295;IC2295;Autre;124.8625;18.4142;;;;Cnc;
IC2296;IC2296;Autre;124.869;18.8987;;;;Cnc;
IC2297;IC2297;Autre;125.0193;18.382;;;;Cnc;
IC2298;IC2298;Autre;125.0295;18.4031;;;;Cnc;
IC2299;IC2299;Autre;125.0392;19.3374;;;;Cnc;
IC2300;IC2300;Autre;125.0525;18.4201;;;;Cnc;
IC2301;IC2301;Autre;125.058;18.4337;;;;Cnc;
IC2302;IC2302;Autre;125.072;19.3572;;;;Cnc;
IC2303;IC2303;Autre;125.0803;19.419;;;;Cnc;
IC2304;IC2304;Autre;125.1487;19.4395;;;;Cnc;
IC2305;IC2305;Autre;125.167;19.4529;;;;Cnc;
IC2306;IC2306;Autre;125.1642;19.1103;;;;Cnc;
IC2307;IC2307;Galaxie;125.1784;19.4407;15.4;0.85;0.36;Cnc;
IC2308;IC2308;Galaxie;125.1885;19.3623;;0.63;0.32;Cnc;
IC2308 NED01;IC2308 NED01;Galaxie;125.1869;19.3622;17.1;0.28;0.11;Cnc;
IC2309;IC2309;Galaxie;125.1817;18.3978;15.97;0.76;0.25;Cnc;
IC2310;IC2310;Autre;125.193;18.4635;;;;Cnc;
IC2311;IC2311;Galaxie;124.6916;-25.3697;11.52;2.14;1.99;Pup;
IC2312;IC2312;Galaxie;125.2224;18.5109;;0.7;0.7;Cnc;
IC2312 NED01;IC2312 NED01;Galaxie;125.2219;18.5085;16.68;0.44;0.27;Cnc;
IC2312 NED02;IC2312 NED02;Galaxie;125.2231;18.5124;18.21;0.25;0.17;Cnc;
IC2313;IC2313;Autre;125.2274;18.5142;;;;Cnc;
IC2314;IC2314;Autre;125.2652;18.7627;;;;Cnc;
IC2315;IC2315;Autre;125.2945;18.9153;;;;Cnc;
IC2316;IC2316;Autre;125.3133;19.7594;;;;Cnc;
IC2317;IC2317;Autre;125.3394;18.8443;;;;Cnc;
IC2318;IC2318;Autre;125.3865;18.6229;;;;Cnc;
IC2319;IC2319;Autre;125.3877;18.4767;;;;Cnc;
IC2320;IC2320;Autre;125.3975;18.6703;;;;Cnc;
IC2321;IC2321;Autre;125.4132;18.4691;;;;Cnc;
IC2322;IC2322;Autre;125.4124;18.4841;;;;Cnc;
IC2323;IC2323;Autre;125.4217;18.6133;;;;Cnc;
IC2324;IC2324;Autre;125.4947;19.194;;;;Cnc;
IC2325;IC2325;Autre;125.5364;18.9121;;;;Cnc;
IC2326;IC2326;Autre;125.5506;19.0121;;;;Cnc;
IC2327;IC2327;Galaxie;125.3665;3.1693;13.95;1.21;0.39;Hya;
IC2328;IC2328;Autre;125.5724;19.6164;;;;Cnc;
IC2329;IC2329;Galaxie;125.5812;19.416;14.89;2;0.36;Cnc;
IC2330;IC2330;Autre;125.5964;18.8536;;;;Cnc;
IC2331;IC2331;Autre;125.6465;19.6797;;;;Cnc;
IC2332;IC2332;Autre;125.6651;19.9231;;;;Cnc;
IC2333;IC2333;Autre;125.7535;19.0819;;;;Cnc;
IC2334;IC2334;Autre;125.7499;18.6138;;;;Cnc;
IC2335;IC2335;Galaxie;125.7793;19.408;16.77;0.45;0.29;Cnc;
IC2336;IC2336;Autre;125.8293;18.5374;;;;Cnc;
IC2337;IC2337;Galaxie;125.8345;18.5352;16.06;0.48;0.26;Cnc;
IC2338;IC2338;Galaxie;125.8861;21.3381;14.75;0.55;0.4;Cnc;
IC2339;IC2339;Galaxie;125.8925;21.3476;14.01;0.89;0.45;Cnc;
IC2340;IC2340;Galaxie;125.8752;18.7494;14.44;1.07;0.73;Cnc;
IC2341;IC2341;Galaxie;125.9227;21.4349;14.64;1.18;0.57;Cnc;
IC2342;IC2342;Autre;125.8837;18.5796;;;;Cnc;
IC2343;IC2343;Autre;125.9747;19.0256;;;;Cnc;
IC2344;IC2344;Autre;125.9781;18.6597;;;;Cnc;
IC2345;IC2345;Autre;126.0352;19.9522;;;;Cnc;
IC2346;IC2346;Autre;126.0454;19.7062;;;;Cnc;
IC2347;IC2347;Autre;126.0587;18.7739;;;;Cnc;
IC2348;IC2348;Galaxie;126.0844;20.5332;14.98;0.66;0.32;Cnc;
IC2349;IC2349;Autre;126.0696;19.0081;;;;Cnc;
IC2350;IC2350;Autre;126.1183;19.5521;;;;Cnc;
IC2351;IC2351;Autre;126.1258;18.5888;;;;Cnc;
IC2352;IC2352;Autre;126.1666;19.6028;;;;Cnc;
IC2353;IC2353;Autre;126.1571;18.6566;;;;Cnc;
IC2354;IC2354;Autre;126.1698;18.6664;;;;Cnc;
IC2355;IC2355;Autre;126.2159;20.4635;;;;Cnc;
IC2356;IC2356;Autre;126.2536;19.4976;;;;Cnc;
IC2357;IC2357;Autre;126.269;19.5089;;;;Cnc;
IC2358;IC2358;Autre;126.2713;19.4952;;;;Cnc;
IC2360;IC2360;Autre;126.3129;19.5164;;;;Cnc;
IC2361;IC2361;Galaxie;126.4354;27.8746;14.76;1.56;0.5;Cnc;
IC2362;IC2362;Autre;126.4226;19.9422;;;;Cnc;
IC2363;IC2363;Galaxie;126.4392;19.4493;14.87;0.83;0.7;Cnc;
IC2364;IC2364;Autre;126.4645;19.7597;;;;Cnc;
IC2365;IC2365;Galaxie;126.5752;27.8401;14.53;1.21;0.85;Cnc;
IC2367;IC2367;Galaxie;126.042;-18.7756;12.05;2.45;1.3;Pup;
IC2368;IC2368;Autre;126.5054;19.883;;;;Cnc;
IC2369;IC2369;Autre;126.5669;20.2322;;;;Cnc;
IC2370;IC2370;Autre;126.5951;19.6381;;;;Cnc;
IC2371;IC2371;Autre;126.6541;19.7986;;;;Cnc;
IC2372;IC2372;Autre;126.6693;19.8831;;;;Cnc;
IC2373;IC2373;Galaxie;126.7041;20.3648;14.88;0.59;0.48;Cnc;
IC2374;IC2374;Galaxie;127.0923;30.4432;15.26;0.53;0.48;Cnc;
IC2375;IC2375;Galaxie;126.582;-13.3031;;2.18;0.35;Pup;
IC2376;IC2376;Galaxie;127.1089;30.4077;14.58;0.89;0.6;Cnc;
IC2377;IC2377;Galaxie;126.6087;-13.3062;14.76;1.05;0.62;Pup;
IC2378;IC2378;Galaxie;127.1319;30.4313;13.23;1.31;0.92;Cnc;
IC2379;IC2379;Galaxie;126.6158;-13.2929;;0.96;0.49;Pup;
IC2380;IC2380;Galaxie;127.1829;30.4045;14.15;0.8;0.72;Cnc;
IC2381;IC2381;Autre;127.0906;19.7916;;;;Cnc;
IC2382;IC2382;Galaxie;127.1922;22.0535;14.59;0.89;0.58;Cnc;
IC2383;IC2383;Galaxie;127.4223;30.688;14.45;0.61;0.45;Cnc;
IC2384;IC2384;Galaxie;128.5978;32.4348;15.38;0.88;0.65;Cnc;
IC2385;IC2385;Galaxie;128.7932;37.266;15.07;0.79;0.52;Lyn;
IC2386;IC2386;Autre;128.6827;25.8067;;;;Cnc;
IC2387;IC2387;Galaxie;129.6417;30.7987;14.73;1.16;0.53;Cnc;
IC2388;IC2388;Galaxie;129.9855;19.6453;15.81;0.57;0.33;Cnc;
IC2389;IC2389;Galaxie;131.9907;73.5392;13.32;1.3;0.3;Cam;
IC2391;IC2391;Amas ouvert;130.1328;-53.0355;2.5;29.1;29.1;Vel;omi Vel Cluster
IC2392;IC2392;Galaxie;131.1283;18.2861;14.58;0.61;0.46;Cnc;
IC2393;IC2393;Galaxie;131.705;28.1713;14.33;1.18;0.8;Cnc;
IC2394;IC2394;Galaxie;131.7788;28.2366;15.07;0.68;0.59;Cnc;
IC2395;IC2395;Amas ouvert;130.6255;-48.1506;4.6;6;6;Vel;
IC2396;IC2396;Autre;131.6691;17.6492;;;;Cnc;
IC2397;IC2397;Autre;131.6744;17.6598;;;;Cnc;
IC2398;IC2398;Galaxie;131.6857;17.7549;15.3;0.64;0.33;Cnc;
IC2399;IC2399;Galaxie;131.9572;18.9119;15.73;0.53;0.5;Cnc;
IC2400;IC2400;Galaxie;131.9965;38.0698;15.09;0.9;0.38;Lyn;
IC2401;IC2401;Galaxie;132.0429;37.7554;14.9;1.12;0.74;Lyn;
IC2402;IC2402;Galaxie;131.996;31.7856;15.4;0.82;0.75;Cnc;
IC2403;IC2403;Galaxie;131.5389;-15.357;15.42;0.7;0.38;Hya;
IC2404;IC2404;Galaxie;132.0435;29.4914;14.75;0.76;0.55;Cnc;
IC2405;IC2405;Galaxie;132.1782;37.2186;14.86;0.76;0.57;Lyn;
IC2406;IC2406;Galaxie;132.0192;17.7024;14.21;1.64;0.77;Cnc;
IC2407;IC2407;Galaxie;132.0381;17.6115;15.12;1.25;0.23;Cnc;
IC2408;IC2408;Autre;132.0843;19.0374;16.5;;;Cnc;
IC2409;IC2409;Galaxie;132.1028;18.3311;14.3;0.92;0.73;Cnc;
IC2412;IC2412;Autre;132.3488;18.5432;;;;Cnc;
IC2413;IC2413;Autre;132.3815;18.7447;;;;Cnc;
IC2414;IC2414;Galaxie;132.4588;18.7924;15.67;0.58;0.39;Cnc;
IC2415;IC2415;Autre;132.508;18.6516;16.3;;;Cnc;
IC2416;IC2416;Autre;132.634;18.5596;;;;Cnc;
IC2417;IC2417;Autre;132.784;18.6249;14.5;;;Cnc;
IC2418;IC2418;Galaxie;132.8545;17.9453;16.42;0.39;0.33;Cnc;
IC2419;IC2419;Autre;133.0392;18.1014;;;;Cnc;
IC2420;IC2420;Galaxie;132.8907;3.1007;14.85;0.84;0.72;Hya;
IC2421;IC2421;Galaxie;133.59;32.6809;13.31;1.41;0.95;Cnc;
IC2422;IC2422;Galaxie;133.6013;20.2248;15.66;0.66;0.62;Cnc;
IC2423;IC2423;Galaxie;133.6962;20.2203;14.57;0.84;0.64;Cnc;
IC2425;IC2425;Autre;133.9589;-3.4231;;;;Hya;
IC2426;IC2426;Galaxie;134.627;2.9255;15.17;0.61;0.44;Hya;
IC2427;IC2427;Galaxie;135.2571;37.8754;15.56;0.74;0.61;Lyn;
IC2428;IC2428;Galaxie;135.8113;30.5913;14.6;1.61;0.41;Cnc;
IC2429;IC2429;Galaxie;135.9272;29.296;14.61;0.59;0.41;Cnc;
IC2430;IC2430;Galaxie;136.0951;27.953;14.38;0.96;0.5;Cnc;
IC2431;IC2431;Galaxie;136.1473;14.5941;;1;1;Cnc;
IC2431 NED01;IC2431 NED01;Galaxie;136.144;14.5979;17.47;0.04;0.02;Cnc;
IC2431 NED02;IC2431 NED02;Galaxie;136.1447;14.5958;14.04;0.6;0.48;Cnc;Browning
IC2431 NED03;IC2431 NED03;Galaxie;136.1451;14.5934;;0.45;0.33;Cnc;
IC2431 NED04;IC2431 NED04;Galaxie;136.1477;14.5951;17.44;0.28;0.23;Cnc;
IC2432;IC2432;Galaxie;136.1647;5.5121;15.59;0.82;0.3;Hya;
IC2433;IC2433;Galaxie;136.3697;22.6022;15.22;0.82;0.4;Cnc;
IC2434;IC2434;Galaxie;136.8169;37.2153;14.49;1.3;0.63;Lyn;
IC2435;IC2435;Galaxie;136.7075;26.2754;14.96;0.88;0.39;Cnc;
IC2436;IC2436;Autre;136.3488;-19.1655;;;;Hya;
IC2437;IC2437;Galaxie;136.388;-19.2071;12.92;1.79;1.23;Hya;
IC2438;IC2438;Autre;138.5368;73.4174;;;;Cam;
IC2439;IC2439;Galaxie;137.1602;32.5929;16.06;1.4;0.42;Cnc;
IC2440;IC2440;Autre;138.959;73.4591;;;;Cam;
IC2441;IC2441;Galaxie;137.5096;22.8533;;0.9;0.9;Cnc;
IC2441 NED01;IC2441 NED01;Galaxie;137.5076;22.8551;15.29;0.63;0.24;Cnc;
IC2441 NED02;IC2441 NED02;Galaxie;137.5121;22.8518;15.78;0.66;0.47;Cnc;
IC2442;IC2442;Galaxie;137.5215;22.8383;15.33;0.83;0.78;Cnc;
IC2443;IC2443;Galaxie;137.8787;28.8266;14.21;0.66;0.57;Cnc;
IC2444;IC2444;Galaxie;138.2119;30.2123;15.23;0.82;0.71;Cnc;
IC2445;IC2445;Galaxie;138.3025;31.8079;15.25;0.76;0.41;Cnc;
IC2446;IC2446;Galaxie;138.3808;28.9518;13.64;1.49;0.61;Cnc;
IC2448;IC2448;Nebuleuse;136.7761;-69.9418;10.4;0.15;0.15;Car;
IC2450;IC2450;Galaxie;139.272;25.4292;13.93;1.35;0.72;Cnc;
IC2451;IC2451;Galaxie;138.9491;23.4964;15.77;0.93;0.71;Cnc;
IC2452;IC2452;Galaxie;138.9899;23.4722;15.68;0.68;0.31;Cnc;
IC2453;IC2453;Galaxie;138.9772;20.9289;15.37;0.72;0.41;Cnc;
IC2454;IC2454;Galaxie;139.0074;17.8207;14.44;0.97;0.68;Cnc;
IC2456;IC2456;Galaxie;139.351;34.6744;15.65;0.63;0.45;Lyn;
IC2457;IC2457;Galaxie;139.2673;20.0935;16.21;0.55;0.4;Cnc;
IC2459;IC2459;Galaxie;139.7478;34.8622;15.78;0.66;0.38;Lyn;
IC2461;IC2461;Galaxie;139.9918;37.1912;14.77;2.41;0.51;Lyn;
IC2462;IC2462;Galaxie;140.7344;22.6864;16.06;0.69;0.25;Leo;
IC2463;IC2463;Galaxie;140.751;22.6186;15.79;0.54;0.44;Leo;
IC2464;IC2464;Galaxie;140.8428;22.6303;15.25;0.8;0.54;Leo;
IC2465;IC2465;Galaxie;140.8813;24.4457;15.09;0.97;0.56;Leo;
IC2466;IC2466;Galaxie;140.9376;24.5184;15.44;0.83;0.49;Leo;
IC2467;IC2467;Galaxie;141.2197;38.3518;14.77;0.95;0.92;LMi;
IC2468;IC2468;Galaxie;141.2562;38.344;16.09;0.51;0.47;LMi;
IC2469;IC2469;Galaxie;140.7544;-32.4497;11.09;5.79;1.17;Pyx;
IC2470;IC2470;Galaxie;141.4222;23.3616;15.21;1.01;0.94;Leo;
IC2471;IC2471;Galaxie;141.3007;-6.8299;14.4;1.08;0.52;Hya;
IC2472;IC2472;Galaxie;141.6405;21.385;15.49;0.62;0.51;Leo;
IC2473;IC2473;Galaxie;141.8479;30.4408;14.69;1.08;0.74;Leo;
IC2474;IC2474;Galaxie;141.7975;23.0343;15.75;0.59;0.22;Leo;
IC2475;IC2475;Galaxie;141.9764;29.7919;15.61;1.01;0.34;Leo;
IC2476;IC2476;Galaxie;141.9701;29.9857;14.24;1.3;1.04;Leo;
IC2477;IC2477;Galaxie;142.0743;29.7061;14.65;0.6;0.43;Leo;
IC2478;IC2478;Galaxie;142.0039;30.037;15.56;0.57;0.42;Leo;
IC2479;IC2479;Galaxie;142.017;29.9914;15.5;0.58;0.33;Leo;
IC2481;IC2481;Galaxie;141.87;3.9296;14.48;0.83;0.47;Hya;
IC2482;IC2482;Galaxie;141.7468;-12.1089;13.92;2.84;1.84;Hya;
IC2483;IC2483;Galaxie;142.3575;30.9947;15.64;0.66;0.45;Leo;
IC2484;IC2484;Autre;141.7095;-42.8428;;;;Vel;
IC2485;IC2485;Autre;141.7995;-39.2847;;;;Ant;
IC2486;IC2486;Galaxie;142.5724;26.6413;14.98;0.92;0.62;Leo;
IC2487;IC2487;Galaxie;142.5382;20.0909;14.13;1.84;0.46;Leo;
IC2488;IC2488;Amas ouvert;141.9093;-57.0069;7.4;7.2;7.2;Vel;
IC2489;IC2489;Autre;142.7985;-5.8842;;;;Hya;
IC2490;IC2490;Galaxie;143.2652;29.9284;14.6;0.97;0.65;Leo;
IC2491;IC2491;Galaxie;143.8092;34.7317;14.9;0.87;0.61;LMi;
IC2492;IC2492;Galaxie;143.312;-37.8663;15.72;0.76;0.31;Ant;
IC2493;IC2493;Galaxie;144.0731;37.364;14.75;0.97;0.72;LMi;
IC2495;IC2495;Galaxie;144.5308;28.0577;14.74;0.73;0.3;Leo;
IC2496;IC2496;Galaxie;144.6854;34.7268;15.44;0.73;0.43;LMi;
IC2497;IC2497;Galaxie;145.267;34.7327;15.78;0.72;0.38;LMi;
IC2498;IC2498;Galaxie;145.3414;28.1145;15.3;0.83;0.31;Leo;
IC2499;IC2499;Galaxie;145.3526;27.8953;16.21;0.63;0.26;Leo;
IC2500;IC2500;Galaxie;145.5974;36.3497;14.94;1.35;0.43;LMi;
IC2501;IC2501;Nebuleuse;144.6966;-60.0919;10.4;0.03;0.03;Car;
IC2502;IC2502;Galaxie;145.8142;35.1605;15.57;0.55;0.52;LMi;
IC2503;IC2503;Galaxie;145.816;35.2062;16.49;0.42;0.28;LMi;
IC2504;IC2504;Autre;144.6409;-69.0851;;;;Car;
IC2505;IC2505;Galaxie;146.279;27.2686;15.82;0.75;0.55;Leo;
IC2506;IC2506;Galaxie;146.3032;27.252;15.71;0.55;0.41;Leo;
IC2507;IC2507;Galaxie;146.1412;-31.79;13.34;1.74;0.86;Ant;
IC2508;IC2508;Galaxie;146.7795;33.5081;15.78;0.69;0.44;LMi;
IC2509;IC2509;Autre;146.733;5.7019;;;;Sex;
IC2510;IC2510;Galaxie;146.9312;-32.8374;15.5;1.59;0.86;Ant;
IC2511;IC2511;Galaxie;147.3523;-32.8392;13.09;4.22;0.81;Ant;
IC2513;IC2513;Galaxie;147.5033;-32.8828;13.3;3.39;0.68;Ant;
IC2515;IC2515;Galaxie;148.6642;37.4086;14.95;1.13;0.4;LMi;
IC2516;IC2516;Galaxie;148.7015;37.6869;14.89;0.97;0.87;LMi;
IC2517;IC2517;Galaxie;148.2111;-33.7419;15.45;0.68;0.56;Ant;
IC2518;IC2518;Galaxie;148.9939;37.1555;15.77;0.7;0.53;LMi;
IC2519;IC2519;Galaxie;148.995;34.0366;15.48;0.35;0.25;LMi;
IC2520;IC2520;Galaxie;149.0838;27.2276;14.31;0.88;0.74;Leo;
IC2521;IC2521;Galaxie;149.3156;33.9763;15.63;0.61;0.57;LMi;
IC2522;IC2522;Galaxie;148.7873;-33.1371;12;2.3;1.74;Ant;
IC2523;IC2523;Galaxie;148.7897;-33.2102;13.63;1.43;0.86;Ant;
IC2524;IC2524;Galaxie;149.3869;33.6197;14.76;0.74;0.44;LMi;
IC2525;IC2525;Galaxie;149.604;37.1019;15.81;0.65;0.61;LMi;
IC2526;IC2526;Galaxie;149.2626;-32.2569;13.66;2.07;0.7;Ant;
IC2527;IC2527;Galaxie;150.027;38.1722;15.55;0.57;0.48;LMi;
IC2530;IC2530;Galaxie;150.3794;37.2039;14.96;0.97;0.94;LMi;
IC2531;IC2531;Galaxie;149.9824;-29.617;12.22;6.55;0.6;Ant;
IC2532;IC2532;Galaxie;150.0225;-34.2283;14.04;2.04;1.12;Ant;
IC2533;IC2533;Galaxie;150.132;-31.245;11.97;2.04;1.45;Ant;
IC2534;IC2534;Galaxie;150.3744;-34.1124;13.41;1.84;1.25;Ant;
IC2535;IC2535;Galaxie;151.1326;38.006;14.77;0.85;0.74;LMi;
IC2536;IC2536;Galaxie;150.8759;-33.9497;14.55;1.88;0.4;Ant;
IC2537;IC2537;Galaxie;150.9662;-27.5709;12.22;2.61;1.82;Ant;
IC2538;IC2538;Galaxie;150.9854;-34.8075;15;1.49;0.75;Ant;
IC2539;IC2539;Galaxie;151.0675;-31.3629;14.06;1.98;0.56;Ant;
IC2540;IC2540;Galaxie;151.6946;31.4757;15.2;0.91;0.59;LMi;
IC2541;IC2541;Galaxie;151.45;-17.4346;13.88;1.47;0.64;Hya;
IC2542;IC2542;Galaxie;151.9606;34.3153;14.53;1.04;0.77;LMi;
IC2543;IC2543;Galaxie;152.0992;37.8428;;0.8;0.8;LMi;
IC2543 NED01;IC2543 NED01;Galaxie;152.0982;37.8415;15.73;0.74;0.29;LMi;
IC2543 NED02;IC2543 NED02;Galaxie;152.0999;37.8442;17.51;0.2;0.14;LMi;
IC2544;IC2544;Galaxie;152.1239;33.3464;15.32;0.52;0.4;LMi;
IC2545;IC2545;Autre;151.6461;-33.8583;;;;Ant;
IC2546;IC2546;Galaxie;151.7747;-33.2614;15.6;0.83;0.6;Ant;
IC2547;IC2547;Galaxie;152.5187;36.5024;15.62;0.82;0.36;LMi;
IC2548;IC2548;Galaxie;151.979;-35.2296;14.04;2.17;1.42;Ant;
IC2549;IC2549;Galaxie;152.5423;36.4649;15.88;0.47;0.32;LMi;
IC2550;IC2550;Galaxie;152.6163;27.9561;14.48;0.93;0.68;LMi;
IC2551;IC2551;Galaxie;152.668;24.4141;14.53;0.76;0.56;Leo;
IC2552;IC2552;Galaxie;152.6922;-34.8447;12.06;1.87;1.68;Ant;
IC2553;IC2553;Nebuleuse;152.337;-62.6137;10.3;0.15;0.15;Car;
IC2554;IC2554;Galaxie;152.2107;-67.0309;11.7;3.31;1.29;Car;
IC2556;IC2556;Galaxie;153.1568;-34.7289;14.26;1.83;0.95;Ant;
IC2557;IC2557;Galaxie;154.0245;38.1092;15.6;0.6;0.41;LMi;
IC2558;IC2558;Galaxie;153.6839;-34.3387;13.74;1.01;0.61;Ant;
IC2559;IC2559;Galaxie;153.6891;-34.0588;14.42;1.69;0.53;Ant;
IC2560;IC2560;Galaxie;154.078;-33.5638;12.06;3.55;1.67;Ant;
IC2561;IC2561;Galaxie;154.7859;34.675;14.81;0.89;0.55;LMi;
IC2562;IC2562;Galaxie;154.7271;16.1555;14.97;0.66;0.44;Leo;
IC2563;IC2563;Galaxie;154.7164;-32.5966;15.56;0.91;0.38;Ant;
IC2564;IC2564;Galaxie;155.3654;36.4521;15.83;0.71;0.6;LMi;
IC2565;IC2565;Galaxie;155.3245;27.9301;15.14;0.67;0.42;LMi;
IC2566;IC2566;Galaxie;155.5808;36.583;14.72;0.98;0.64;LMi;
IC2567;IC2567;Galaxie;155.4908;24.6552;15.36;0.79;0.59;Leo;
IC2568;IC2568;Galaxie;155.625;36.5993;14.93;1.1;0.55;LMi;
IC2569;IC2569;Galaxie;155.7233;24.6064;15.46;0.67;0.57;Leo;
IC2570;IC2570;Galaxie;155.3929;-33.6232;16.05;0.82;0.44;Ant;
IC2572;IC2572;Galaxie;156.2803;28.0948;15.47;0.9;0.43;LMi;
IC2573;IC2573;Galaxie;155.8757;-35.4556;15.38;1.5;0.33;Ant;
IC2574;IC2574;Galaxie;157.0978;68.4121;10.46;12.91;5.57;UMa;Coddington's Nebula
IC2575;IC2575;Galaxie;156.35;-32.6362;15.95;0.63;0.58;Ant;
IC2576;IC2576;Galaxie;156.4957;-32.9035;14.86;0.94;0.63;Ant;
IC2577;IC2577;Galaxie;157.006;32.7639;15.35;0.7;0.41;LMi;
IC2578;IC2578;Galaxie;156.8445;-33.8773;15.06;1.51;0.35;Ant;
IC2580;IC2580;Galaxie;157.0749;-31.518;12.72;2.05;1.75;Ant;
IC2581;IC2581;Amas ouvert;156.8715;-57.6173;4.3;6;6;Car;
IC2582;IC2582;Galaxie;157.2958;-30.3425;12.91;1.29;1.25;Ant;
IC2583;IC2583;Galaxie;157.7935;26.0551;14.92;0.59;0.49;Leo;
IC2584;IC2584;Galaxie;157.4645;-34.9116;12.67;1.44;0.59;Ant;
IC2586;IC2586;Galaxie;157.76;-28.7166;12.52;1.53;1.19;Hya;
IC2587;IC2587;Galaxie;157.7483;-34.5629;12.35;1.98;1.47;Ant;
IC2588;IC2588;Galaxie;157.9589;-30.3845;12.53;1.65;1.31;Ant;
IC2589;IC2589;Galaxie;158.0867;-24.0376;14.31;0.82;0.39;Hya;
IC2590;IC2590;Galaxie;159.0691;26.9625;14.73;0.97;0.97;Leo;
IC2591;IC2591;Galaxie;159.1611;35.0529;14.45;1;0.62;LMi;
IC2593;IC2593;Galaxie;159.0665;-12.7258;15.54;0.87;0.58;Hya;
IC2594;IC2594;Galaxie;159.0174;-24.3231;13.48;1.66;1.39;Hya;
IC2595;IC2595;Autre;159.388;-11.1167;;;;Sex;
IC2596;IC2596;Galaxie;158.5519;-73.2401;13.87;1.32;0.81;Car;
IC2597;IC2597;Galaxie;159.4477;-27.0817;11.68;2.62;1.73;Hya;
IC2598;IC2598;Galaxie;159.9264;26.7276;15.29;0.66;0.39;LMi;
IC2599;IC2599;Nebuleuse;159.3629;-58.7334;;20;20;Car;
IC2600;IC2600;Galaxie;161.6617;72.3204;15.58;0.62;0.45;UMa;
IC2601;IC2601;Galaxie;161.8055;72.323;15.46;0.35;0.28;UMa;
IC2602;IC2602;Amas ouvert;160.7395;-64.3942;;48;48;Car;tet Car Cluster
IC2603;IC2603;Autre;162.1057;32.9273;;;;LMi;
IC2604;IC2604;Galaxie;162.3545;32.7727;14.86;1.18;1.03;LMi;
IC2605;IC2605;Autre;162.4481;32.9732;15.39;0.4;0.2;LMi;
IC2606;IC2606;Galaxie;162.5735;37.9562;14.58;1.07;0.4;LMi;
IC2607;IC2607;Galaxie;162.5789;37.9939;15.27;0.75;0.48;LMi;
IC2608;IC2608;Galaxie;162.5647;32.7682;15.45;0.79;0.31;LMi;
IC2610;IC2610;Autre;163.0336;33.0832;;;;LMi;
IC2611;IC2611;Autre;163.1622;10.1364;;;;Leo;
IC2612;IC2612;Galaxie;163.4048;32.7676;15.78;0.82;0.56;LMi;
IC2614;IC2614;Galaxie;165.3908;38.8037;16.5;0.24;0.24;UMa;
IC2615;IC2615;Galaxie;165.5095;37.9452;15.45;0.38;0.34;UMa;
IC2616;IC2616;Galaxie;165.524;38.7873;15.35;0.66;0.48;UMa;
IC2617;IC2617;Galaxie;165.5318;38.6642;14.8;0.89;0.45;UMa;
IC2618;IC2618;Autre;165.4951;27.7893;;;;LMi;
IC2619;IC2619;Galaxie;165.5636;37.9661;15.66;0.33;0.22;UMa;
IC2620;IC2620;Galaxie;165.5998;38.505;14.22;1.04;0.94;UMa;
IC2621;IC2621;Nebuleuse;165.0833;-65.2494;11.2;0.08;0.08;Car;
IC2623;IC2623;Galaxie;165.9623;-20.0931;13.5;1.06;0.73;Crt;
IC2626;IC2626;Galaxie;167.2661;26.9042;15.8;0.77;0.34;Leo;
IC2627;IC2627;Galaxie;167.4725;-23.7259;12;2.4;1.7;Crt;
IC2628;IC2628;Galaxie;167.9078;12.122;15.72;0.75;0.69;Leo;
IC2629;IC2629;Galaxie;168.1539;12.1049;16.2;0.7;0.34;Leo;
IC2630;IC2630;Autre;168.18;12.3189;;;;Leo;
IC2631;IC2631;Nebuleuse;167.47;-76.6143;;;;Cha;
IC2632;IC2632;Galaxie;168.2747;11.6733;17.07;0.41;0.37;Leo;
IC2633;IC2633;Galaxie;168.2918;11.601;16.53;0.62;0.36;Leo;
IC2634;IC2634;Galaxie;168.3677;10.486;15;0.9;0.82;Leo;
IC2635;IC2635;Autre;168.3742;11.4639;;;;Leo;
IC2636;IC2636;Galaxie;168.3918;11.4562;16.6;0.67;0.37;Leo;
IC2637;IC2637;Galaxie;168.4573;9.5863;14.17;0.97;0.86;Leo;
IC2638;IC2638;Galaxie;168.4663;10.5634;15.04;0.97;0.65;Leo;
IC2639;IC2639;Galaxie;168.4814;9.6428;16.43;0.57;0.42;Leo;
IC2640;IC2640;Galaxie;168.5229;10.9977;16.65;0.43;0.35;Leo;
IC2641;IC2641;Autre;168.544;9.3993;;;;Leo;
IC2642;IC2642;Autre;168.5658;12.2657;;;;Leo;
IC2643;IC2643;Autre;168.6107;10.1262;;;;Leo;
IC2644;IC2644;Galaxie;168.6242;10.7685;16.52;0.61;0.36;Leo;
IC2645;IC2645;Galaxie;168.6284;11.8868;15.71;0.79;0.29;Leo;
IC2646;IC2646;Galaxie;168.6567;12.5285;16.91;0.45;0.34;Leo;
IC2647;IC2647;Autre;168.6609;12.142;;;;Leo;
IC2648;IC2648;Galaxie;168.6901;10.2248;16.14;0.58;0.46;Leo;
IC2649;IC2649;Galaxie;168.6935;11.1277;15.35;0.85;0.74;Leo;
IC2650;IC2650;Galaxie;168.7194;13.8525;16.74;0.48;0.43;Leo;
IC2651;IC2651;Galaxie;168.7178;12.2398;16.27;0.52;0.39;Leo;
IC2652;IC2652;Galaxie;168.718;12.4481;16.32;0.67;0.64;Leo;
IC2653;IC2653;Autre;168.7243;10.5484;;;;Leo;
IC2654;IC2654;Galaxie;168.7619;12.4995;16.85;0.41;0.35;Leo;
IC2655;IC2655;Galaxie;168.7715;12.1644;17.44;0.36;0.3;Leo;
IC2656;IC2656;Galaxie;168.7724;12.3791;16.88;0.64;0.3;Leo;
IC2657;IC2657;Galaxie;168.7863;13.6947;17.27;0.29;0.17;Leo;
IC2658;IC2658;Autre;168.7865;12.9966;;;;Leo;
IC2659;IC2659;Autre;168.866;12.8877;;;;Leo;
IC2660;IC2660;Galaxie;168.8685;12.4372;16.78;0.4;0.31;Leo;
IC2661;IC2661;Galaxie;168.8715;13.6087;15.79;0.68;0.26;Leo;
IC2662;IC2662;Autre;168.8783;12.7711;;;;Leo;
IC2663;IC2663;Autre;168.8849;12.6039;;;;Leo;
IC2664;IC2664;Autre;168.9102;12.5627;;;;Leo;
IC2665;IC2665;Galaxie;168.9199;11.7241;17.51;0.59;0.21;Leo;
IC2666;IC2666;Galaxie;168.9324;13.7823;14.26;1.07;0.72;Leo;
IC2667;IC2667;Galaxie;168.9335;12.1168;16.68;0.63;0.51;Leo;
IC2668;IC2668;Galaxie;168.8845;-14.1711;14.59;1.55;0.54;Crt;
IC2669;IC2669;Autre;168.9718;13.4296;;;;Leo;
IC2670;IC2670;Galaxie;168.9982;11.7834;16.57;0.46;0.29;Leo;
IC2671;IC2671;Autre;169.0138;13.1242;;;;Leo;
IC2672;IC2672;Autre;169.0159;10.1573;;;;Leo;
IC2673;IC2673;Galaxie;169.0172;10.1626;15.35;0.85;0.55;Leo;
IC2674;IC2674;Galaxie;169.0344;11.0486;15.4;1.12;0.65;Leo;
IC2675;IC2675;Autre;169.045;12.2493;;;;Leo;
IC2676;IC2676;Galaxie;169.0771;9.8218;17.69;0.14;0.11;Leo;
IC2677;IC2677;Galaxie;169.0804;12.2159;18.16;0.23;0.19;Leo;
IC2678;IC2678;Galaxie;169.0902;11.9491;16.39;0.67;0.26;Leo;
IC2679;IC2679;Galaxie;169.0967;12.0154;15.67;0.87;0.56;Leo;
IC2680;IC2680;Galaxie;169.1064;9.8071;15.87;0.79;0.28;Leo;
IC2681;IC2681;Autre;169.1385;11.2072;;;;Leo;
IC2682;IC2682;Autre;169.1505;9.4108;;;;Leo;
IC2683;IC2683;Galaxie;169.2263;12.0993;17.01;0.42;0.28;Leo;
IC2684;IC2684;Galaxie;169.2544;13.0996;17.03;0.76;0.57;Leo;
IC2685;IC2685;Autre;169.2504;10.0941;;;;Leo;
IC2686;IC2686;Autre;169.2605;12.9517;;;;Leo;
IC2687;IC2687;Autre;169.2999;10.1581;;;;Leo;
IC2689;IC2689;Galaxie;169.3313;12.9599;16.94;0.66;0.24;Leo;
IC2690;IC2690;Galaxie;169.34;12.9754;18.03;0.28;0.26;Leo;
IC2691;IC2691;Autre;169.3524;12.0311;;;;Leo;
IC2692;IC2692;Galaxie;169.3884;10.7681;16.62;0.52;0.39;Leo;
IC2693;IC2693;Autre;169.4013;13.5488;;;;Leo;
IC2694;IC2694;Galaxie;169.4108;13.3761;15.62;0.76;0.36;Leo;
IC2695;IC2695;Galaxie;169.4524;13.7277;16.53;0.51;0.39;Leo;
IC2696;IC2696;Autre;169.4539;12.7558;;;;Leo;
IC2697;IC2697;Autre;169.463;13.4;;;;Leo;
IC2698;IC2698;Galaxie;169.4626;11.8858;15.81;0.7;0.48;Leo;
IC2699;IC2699;Autre;169.4694;11.9092;;;;Leo;
IC2700;IC2700;Galaxie;169.4758;12.0542;17.03;0.38;0.31;Leo;
IC2701;IC2701;Galaxie;169.4876;11.1181;17.2;0.44;0.22;Leo;
IC2702;IC2702;Galaxie;169.4885;9.4125;17;0.4;0.34;Leo;
IC2703;IC2703;Galaxie;169.5214;17.6495;15.81;0.93;0.82;Leo;
IC2704;IC2704;Galaxie;169.5167;12.4542;15.71;0.65;0.4;Leo;
IC2705;IC2705;Autre;169.5153;11.9041;;;;Leo;
IC2706;IC2706;Autre;169.6217;12.5484;;;;Leo;
IC2707;IC2707;Galaxie;169.6285;9.4749;16.51;0.46;0.38;Leo;
IC2708;IC2708;Galaxie;169.6442;12.7111;15.06;0.92;0.77;Leo;
IC2709;IC2709;Galaxie;169.6757;12.5617;17.47;0.54;0.38;Leo;
IC2710;IC2710;Autre;169.6847;13.5666;;;;Leo;
IC2711;IC2711;Autre;169.6937;13.7384;;;;Leo;
IC2712;IC2712;Galaxie;169.7199;9.6269;16.55;0.46;0.41;Leo;
IC2713;IC2713;Galaxie;169.7926;12.1648;16.29;0.59;0.57;Leo;
IC2714;IC2714;Amas ouvert;169.364;-62.7251;8.2;7.2;7.2;Car;
IC2715;IC2715;Galaxie;169.81;11.9522;21.01;0.74;0.37;Leo;
IC2716;IC2716;Galaxie;169.8181;11.6986;17.7;0.38;0.19;Leo;
IC2717;IC2717;Autre;169.8282;12.0486;;;;Leo;
IC2718;IC2718;Galaxie;169.8371;12.0223;15.84;0.59;0.26;Leo;
IC2719;IC2719;Galaxie;169.8842;12.0598;17.87;0.22;0.21;Leo;
IC2720;IC2720;Galaxie;169.8985;12.0766;15.64;0.79;0.59;Leo;
IC2721;IC2721;Autre;169.9284;12.3106;;;;Leo;
IC2722;IC2722;Galaxie;169.9348;13.9629;;0.7;0.7;Leo;
IC2722 NED01;IC2722 NED01;Galaxie;169.9331;13.9639;16.1;0.69;0.48;Leo;
IC2722 NED03;IC2722 NED03;Galaxie;169.9348;13.9629;17.08;0.11;0.07;Leo;
IC2723;IC2723;Galaxie;169.9496;12.0334;17.38;0.47;0.25;Leo;
IC2724;IC2724;Galaxie;169.9518;10.7166;16.84;0.48;0.44;Leo;
IC2725;IC2725;Galaxie;169.9893;13.4293;17.2;0.48;0.42;Leo;
IC2726;IC2726;Autre;169.9935;13.4156;;;;Leo;
IC2727;IC2727;Galaxie;170.0003;12.0333;16.7;0.43;0.38;Leo;
IC2728;IC2728;Autre;170.0214;13.427;;;;Leo;
IC2729;IC2729;Galaxie;170.0282;13.4093;17.65;0.43;0.23;Leo;
IC2730;IC2730;Autre;170.0308;12.3665;;;;Leo;
IC2731;IC2731;Autre;170.0428;13.5583;;;;Leo;
IC2732;IC2732;Galaxie;170.0516;12.404;17.17;0.4;0.34;Leo;
IC2733;IC2733;Autre;170.0721;13.8353;;;;Leo;
IC2734;IC2734;Galaxie;170.0993;12.443;16.51;0.84;0.3;Leo;
IC2735;IC2735;Galaxie;170.2663;34.3439;15.1;1.18;0.25;UMa;
IC2736;IC2736;Autre;170.2276;12.4087;;;;Leo;
IC2737;IC2737;Autre;170.2844;14.2932;;;;Leo;
IC2738;IC2738;Galaxie;170.3461;34.3567;15.06;0.85;0.75;UMa;
IC2739;IC2739;Galaxie;170.3018;11.9147;16.86;0.37;0.31;Leo;
IC2740;IC2740;Galaxie;170.3211;8.7523;17.39;0.37;0.3;Leo;
IC2741;IC2741;Galaxie;170.3228;9.1524;16.65;0.42;0.31;Leo;
IC2742;IC2742;Galaxie;170.328;10.4467;17.46;0.34;0.16;Leo;
IC2743;IC2743;Autre;170.3541;8.6931;;;;Leo;
IC2744;IC2744;Galaxie;170.4271;34.3628;14.77;1.12;0.74;UMa;
IC2745;IC2745;Galaxie;170.3823;13.4266;15.21;0.62;0.21;Leo;
IC2746;IC2746;Galaxie;170.4017;11.7371;16.72;0.53;0.34;Leo;
IC2747;IC2747;Autre;170.4173;8.8033;;;;Leo;
IC2748;IC2748;Galaxie;170.4335;8.805;16.63;0.54;0.43;Leo;
IC2749;IC2749;Galaxie;170.4383;8.5748;15.8;0.6;0.34;Leo;
IC2750;IC2750;Galaxie;170.4616;9.6584;17.37;0.43;0.2;Leo;
IC2751;IC2751;Galaxie;170.5308;34.3664;15.4;0.63;0.54;UMa;
IC2752;IC2752;Galaxie;170.5081;14.1245;16.73;0.63;0.19;Leo;
IC2753;IC2753;Galaxie;170.4988;9.8781;16.66;0.32;0.31;Leo;
IC2754;IC2754;Galaxie;170.5099;14.1441;16.97;0.52;0.24;Leo;
IC2755;IC2755;Autre;170.51;13.7931;;;;Leo;
IC2756;IC2756;Galaxie;170.5038;9.9602;17.1;0.51;0.19;Leo;
IC2757;IC2757;Galaxie;170.5087;8.3938;15.25;0.72;0.52;Leo;
IC2758;IC2758;Galaxie;170.5139;7.8135;15.45;0.65;0.23;Leo;
IC2759;IC2759;Galaxie;170.5553;24.3172;15.1;0.73;0.65;Leo;
IC2760;IC2760;Galaxie;170.5533;12.6654;17.39;0.45;0.33;Leo;
IC2761;IC2761;Galaxie;170.5715;14.1776;16.79;0.4;0.34;Leo;
IC2762;IC2762;Galaxie;170.5747;12.7225;15.82;0.92;0.31;Leo;
IC2763;IC2763;Galaxie;170.5773;13.0651;14.89;1.44;0.39;Leo;
IC2764;IC2764;Galaxie;171.771;-28.9802;12.26;2.2;1.18;Hya;
IC2765;IC2765;Galaxie;170.5963;14.1991;17.17;0.31;0.21;Leo;
IC2766;IC2766;Galaxie;170.5961;12.9035;17.12;0.53;0.35;Leo;
IC2767;IC2767;Galaxie;170.5966;13.0778;17.03;0.87;0.3;Leo;
IC2768;IC2768;Galaxie;170.5982;12.5289;17.32;0.4;0.3;Leo;
IC2769;IC2769;Galaxie;170.6069;14.1959;15.95;0.43;0.32;Leo;
IC2770;IC2770;Galaxie;170.6032;9.2207;16.64;0.39;0.38;Leo;
IC2771;IC2771;Galaxie;170.6169;12.5192;18.11;0.28;0.2;Leo;
IC2772;IC2772;Autre;170.6267;13.5991;;;;Leo;
IC2773;IC2773;Autre;170.6471;13.5745;;;;Leo;
IC2774;IC2774;Autre;170.6548;12.5149;;;;Leo;
IC2775;IC2775;Galaxie;170.6648;12.512;17.73;0.32;0.25;Leo;
IC2776;IC2776;Galaxie;170.6666;13.3305;15.15;0.87;0.44;Leo;
IC2777;IC2777;Galaxie;170.669;12.0256;15.33;0.79;0.59;Leo;
IC2778;IC2778;Autre;170.6747;12.5263;;;;Leo;
IC2779;IC2779;Galaxie;170.6855;13.3453;17.47;0.3;0.26;Leo;
IC2780;IC2780;Galaxie;170.7005;10.1496;16.53;0.65;0.41;Leo;
IC2781;IC2781;Galaxie;170.7111;12.3449;17.19;0.36;0.34;Leo;
IC2782;IC2782;Galaxie;170.7307;13.4413;15.2;0.94;0.84;Leo;
IC2783;IC2783;Galaxie;170.7235;8.8841;16.36;0.7;0.27;Leo;
IC2784;IC2784;Galaxie;170.7985;13.1177;16.36;0.65;0.38;Leo;
IC2785;IC2785;Galaxie;170.814;13.3912;15.54;0.87;0.72;Leo;
IC2786;IC2786;Galaxie;170.8229;13.392;16.55;0.95;0.34;Leo;
IC2787;IC2787;Galaxie;170.8295;13.6298;15.53;0.8;0.74;Leo;
IC2788;IC2788;Galaxie;170.8624;12.698;18.15;0.42;0.25;Leo;
IC2789;IC2789;Galaxie;170.8861;14.188;18.04;0.05;0.03;Leo;
IC2790;IC2790;Galaxie;170.8919;9.5554;16.91;0.46;0.32;Leo;
IC2791;IC2791;Galaxie;170.9067;12.8958;17.08;0.57;0.36;Leo;
IC2792;IC2792;Galaxie;170.923;11.4048;17.06;0.49;0.29;Leo;
IC2793;IC2793;Galaxie;170.9475;9.4498;;0.5;0.5;Leo;
IC2793 NED01;IC2793 NED01;Galaxie;170.947;9.4513;17.65;0.35;0.27;Leo;
IC2793 NED02;IC2793 NED02;Galaxie;170.9481;9.4484;17.69;0.36;0.2;Leo;
IC2794;IC2794;Autre;171.0152;12.791;;;;Leo;
IC2795;IC2795;Galaxie;171.017;12.1351;17.36;0.36;0.33;Leo;
IC2796;IC2796;Galaxie;171.0348;9.3441;;0.6;0.6;Leo;
IC2796 NED01;IC2796 NED01;Galaxie;171.035;9.3457;17.44;0.51;0.26;Leo;
IC2796 NED02;IC2796 NED02;Galaxie;171.0351;9.3429;18.19;0.37;0.17;Leo;
IC2797;IC2797;Galaxie;171.0878;11.7059;16.41;0.76;0.47;Leo;
IC2798;IC2798;Galaxie;171.1;12.4156;16.93;0.77;0.26;Leo;
IC2799;IC2799;Galaxie;171.1111;13.8491;17.18;0.45;0.32;Leo;
IC2800;IC2800;Galaxie;171.1128;12.2088;17.35;0.63;0.19;Leo;
IC2801;IC2801;Galaxie;171.121;10.1838;16.34;0.5;0.32;Leo;
IC2802;IC2802;Galaxie;171.1265;12.2087;17.8;0.28;0.23;Leo;
IC2803;IC2803;Galaxie;171.1475;9.85;17.3;0.43;0.21;Leo;
IC2804;IC2804;Galaxie;171.2322;13.2221;15.11;0.87;0.23;Leo;
IC2805;IC2805;Autre;171.2495;14.0145;;;;Leo;
IC2806;IC2806;Autre;171.3137;9.6522;;;;Leo;
IC2807;IC2807;Galaxie;171.321;11.5301;17.47;0.32;0.18;Leo;
IC2808;IC2808;Autre;171.362;9.1321;;;;Leo;
IC2809;IC2809;Autre;171.4074;8.5263;;;;Leo;
IC2810;IC2810;Galaxie;171.4377;14.6766;15.24;1.03;0.41;Leo;
IC2811;IC2811;Galaxie;171.436;9.1705;16.7;0.73;0.35;Leo;
IC2812;IC2812;Galaxie;171.4826;11.5299;16.94;0.52;0.23;Leo;
IC2813;IC2813;Galaxie;171.5271;11.2558;16.75;0.48;0.4;Leo;
IC2814;IC2814;Galaxie;171.5355;9.6618;16.7;0.4;0.29;Leo;
IC2815;IC2815;Galaxie;171.569;12.8038;17.09;0.5;0.35;Leo;
IC2816;IC2816;Galaxie;171.5762;10.6365;16.58;0.74;0.27;Leo;
IC2817;IC2817;Autre;171.5784;9.149;;;;Leo;
IC2818;IC2818;Galaxie;171.612;12.9209;17.31;0.46;0.34;Leo;
IC2819;IC2819;Galaxie;171.6143;13.8449;16.05;0.59;0.28;Leo;
IC2820;IC2820;Galaxie;171.6119;10.2385;16.55;0.54;0.25;Leo;
IC2821;IC2821;Galaxie;171.6453;13.9629;16.82;0.25;0.18;Leo;
IC2822;IC2822;Galaxie;171.6419;11.4401;15.12;1.35;0.6;Leo;
IC2823;IC2823;Galaxie;171.6861;12.8484;15.8;0.89;0.31;Leo;
IC2824;IC2824;Autre;171.7703;14.0853;;;;Leo;
IC2825;IC2825;Autre;171.7648;8.4439;;;;Leo;
IC2826;IC2826;Galaxie;171.7753;13.2387;15.17;0.73;0.7;Leo;
IC2827;IC2827;Autre;171.7903;11.5144;;;;Leo;
IC2828;IC2828;Galaxie;171.7956;8.7311;14.88;1.01;0.44;Leo;
IC2829;IC2829;Galaxie;171.8124;10.3224;15.66;0.88;0.52;Leo;
IC2830;IC2830;Galaxie;171.8399;7.8143;15.54;0.5;0.44;Leo;
IC2831;IC2831;Autre;171.8442;8.9789;;;;Leo;
IC2832;IC2832;Autre;171.8547;13.9894;;;;Leo;
IC2833;IC2833;Autre;171.8588;13.6028;;;;Leo;
IC2834;IC2834;Galaxie;171.8826;13.5703;17.47;0.45;0.37;Leo;
IC2835;IC2835;Galaxie;171.8816;12.1429;16.86;0.59;0.3;Leo;
IC2836;IC2836;Autre;171.905;9.0848;;;;Leo;
IC2837;IC2837;Galaxie;171.9248;10.3131;16.48;0.43;0.37;Leo;
IC2838;IC2838;Galaxie;171.9385;14.0113;16.82;0.22;0.19;Leo;
IC2839;IC2839;Galaxie;171.9392;10.8197;17.15;0.54;0.24;Leo;
IC2840;IC2840;Galaxie;171.9483;13.4259;17.28;0.43;0.29;Leo;
IC2841;IC2841;Autre;171.9536;12.6031;;;;Leo;
IC2842;IC2842;Galaxie;171.9487;9.652;17.12;0.45;0.24;Leo;
IC2843;IC2843;Galaxie;171.992;13.1839;15.54;0.73;0.68;Leo;
IC2844;IC2844;Galaxie;171.9921;11.4533;16.38;0.7;0.35;Leo;
IC2845;IC2845;Galaxie;172.0019;12.5297;16.75;0.71;0.5;Leo;
IC2846;IC2846;Galaxie;172.002;11.1583;15.01;0.89;0.74;Leo;
IC2847;IC2847;Galaxie;172.0141;13.9304;17.2;0.17;0.12;Leo;
IC2848;IC2848;Galaxie;172.057;13.0305;17.12;0.47;0.39;Leo;
IC2849;IC2849;Autre;172.0486;9.094;;;;Leo;
IC2850;IC2850;Galaxie;172.054;9.0623;14.99;0.8;0.28;Leo;
IC2851;IC2851;Galaxie;172.0609;11.3944;17.27;0.44;0.23;Leo;
IC2852;IC2852;Galaxie;172.0585;9.8005;16.73;0.49;0.31;Leo;
IC2853;IC2853;Galaxie;172.0619;9.147;14.48;0.91;0.44;Leo;
IC2854;IC2854;Autre;172.0828;8.9687;;;;Leo;
IC2855;IC2855;Galaxie;172.1041;9.6877;18.49;0.34;0.19;Leo;
IC2856;IC2856;Galaxie;172.068;-12.8907;14.6;0.99;0.43;Crt;
IC2857;IC2857;Galaxie;172.1293;9.1044;15.31;1.79;0.32;Leo;
IC2858;IC2858;Galaxie;172.1498;13.6615;16.95;0.21;0.17;Leo;
IC2859;IC2859;Autre;172.174;9.1085;;;;Leo;
IC2860;IC2860;Galaxie;172.1858;14.0419;16.64;0.29;0.2;Leo;
IC2861;IC2861;Galaxie;172.2457;38.8513;15.33;0.83;0.74;UMa;
IC2862;IC2862;Galaxie;172.1805;10.1273;16.91;0.54;0.3;Leo;
IC2863;IC2863;Autre;172.2249;9.0953;;;;Leo;
IC2864;IC2864;Galaxie;172.2486;12.3677;16.8;0.61;0.39;Leo;
IC2865;IC2865;Autre;172.249;9.1155;;;;Leo;
IC2866;IC2866;Autre;172.2501;9.0422;;;;Leo;
IC2867;IC2867;Galaxie;172.2522;9.0894;15.92;0.45;0.36;Leo;
IC2868;IC2868;Autre;172.2742;9.0943;;;;Leo;
IC2869;IC2869;Autre;172.2863;9.0174;;;;Leo;
IC2870;IC2870;Galaxie;172.3017;11.8655;18;1.05;0.95;Leo;
IC2871;IC2871;Galaxie;172.3362;8.6024;15.22;0.91;0.66;Leo;
IC2872;IC2872;Nebuleuse;172.0335;-62.9889;;15.14;6.03;Cen;
IC2873;IC2873;Galaxie;172.3643;13.2183;;0.7;0.7;Leo;
IC2873 NED01;IC2873 NED01;Galaxie;172.3645;13.2157;17.39;0.42;0.37;Leo;
IC2873 NED02;IC2873 NED02;Galaxie;172.3652;13.2201;15.08;0.82;0.58;Leo;
IC2874;IC2874;Galaxie;172.3648;10.6292;16.85;0.45;0.27;Leo;
IC2875;IC2875;Autre;172.3955;12.9899;;;;Leo;
IC2876;IC2876;Galaxie;172.39;9.0162;16.74;0.62;0.32;Leo;
IC2877;IC2877;Galaxie;172.4072;12.8533;16.05;0.58;0.45;Leo;
IC2878;IC2878;Galaxie;172.4092;9.9676;16.54;0.53;0.25;Leo;
IC2879;IC2879;Galaxie;172.4345;9.0139;16.84;0.44;0.33;Leo;
IC2880;IC2880;Autre;172.4709;13.1988;;;;Leo;
IC2881;IC2881;Galaxie;172.4767;12.5112;18.52;0.32;0.21;Leo;
IC2882;IC2882;Autre;172.5393;11.9891;;;;Leo;
IC2883;IC2883;Galaxie;172.5658;10.9109;17.23;0.33;0.28;Leo;
IC2884;IC2884;Amas ouvert;171.921;-79.7344;;;;Cha;
IC2885;IC2885;Autre;172.5942;9.7721;;;;Leo;
IC2886;IC2886;Galaxie;172.6018;11.5627;17.06;0.32;0.25;Leo;
IC2888;IC2888;Autre;172.6463;9.9085;;;;Leo;
IC2889;IC2889;Galaxie;172.6208;-13.091;14.7;1.22;0.69;Crt;
IC2890;IC2890;Autre;172.6923;13.1818;;;;Leo;
IC2891;IC2891;Galaxie;172.7006;12.6777;16.65;0.46;0.35;Leo;
IC2892;IC2892;Galaxie;172.7038;10.5886;16.95;0.68;0.23;Leo;
IC2893;IC2893;Galaxie;172.722;13.391;;0.5;0.5;Leo;
IC2893 NED01;IC2893 NED01;Galaxie;172.7217;13.392;17.75;0.06;0.05;Leo;
IC2893 NED02;IC2893 NED02;Galaxie;172.7227;13.3899;15.96;0.45;0.28;Leo;
IC2894;IC2894;Galaxie;172.7396;13.2354;15.97;0.62;0.32;Leo;
IC2895;IC2895;Autre;172.7387;9.9769;;;;Leo;
IC2896;IC2896;Galaxie;172.806;12.3501;16.56;0.47;0.31;Leo;
IC2897;IC2897;Autre;172.8307;11.5491;;;;Leo;
IC2898;IC2898;Galaxie;172.835;13.3362;16.63;0.48;0.33;Leo;
IC2899;IC2899;Autre;172.8349;10.6347;;;;Leo;
IC2900;IC2900;Galaxie;172.8737;13.1673;17.3;0.33;0.28;Leo;
IC2901;IC2901;Galaxie;172.8839;12.6997;16.97;0.61;0.37;Leo;
IC2902;IC2902;Autre;172.8882;14.2227;;;;Leo;
IC2903;IC2903;Galaxie;172.9198;12.6426;16.81;0.44;0.27;Leo;
IC2904;IC2904;Autre;172.9265;13.1841;16.8;;;Leo;
IC2905;IC2905;Autre;172.9458;9.107;;;;Leo;
IC2906;IC2906;Autre;172.9567;13.1329;;;;Leo;
IC2907;IC2907;Autre;172.9531;9.8994;;;;Leo;
IC2908;IC2908;Autre;172.9603;12.9379;;;;Leo;
IC2909;IC2909;Galaxie;172.962;11.4702;17.77;0.24;0.21;Leo;
IC2910;IC2910;Galaxie;172.978;-9.7254;14.63;1.28;0.88;Crt;
IC2911;IC2911;Autre;173.0193;12.9774;;;;Leo;
IC2912;IC2912;Galaxie;173.0296;11.7097;17.11;0.55;0.19;Leo;
IC2913;IC2913;Galaxie;172.964;-30.4108;13.83;1;0.79;Hya;
IC2914;IC2914;Galaxie;173.0518;13.4925;15.54;0.65;0.34;Leo;
IC2916;IC2916;Autre;173.0673;11.6837;;;;Leo;
IC2917;IC2917;Galaxie;173.0805;10.9454;18;0.26;0.19;Leo;
IC2918;IC2918;Autre;173.1093;13.2485;;;;Leo;
IC2919;IC2919;Galaxie;173.1454;14.1892;15.93;0.55;0.31;Leo;
IC2920;IC2920;Autre;173.2028;12.5571;;;;Leo;
IC2921;IC2921;Galaxie;173.2053;10.2965;16.94;0.59;0.25;Leo;
IC2922;IC2922;Autre;173.2134;12.9228;;;;Leo;
IC2923;IC2923;Galaxie;173.2231;13.164;16.79;0.41;0.29;Leo;
IC2924;IC2924;Autre;173.2175;9.0233;;;;Leo;
IC2925;IC2925;Galaxie;173.3051;34.2651;15.34;0.48;0.18;UMa;
IC2926;IC2926;Autre;173.267;12.4364;;;;Leo;
IC2927;IC2927;Autre;173.2699;13.0857;;;;Leo;
IC2928;IC2928;Galaxie;173.3748;34.3162;14.67;0.9;0.74;UMa;
IC2929;IC2929;Galaxie;173.3811;12.1373;16.21;0.53;0.43;Leo;
IC2930;IC2930;Galaxie;173.4339;10.0887;15.75;0.69;0.29;Leo;
IC2931;IC2931;Autre;173.4604;12.4672;;;;Leo;
IC2932;IC2932;Autre;173.4738;10.5434;;;;Leo;
IC2933;IC2933;Galaxie;173.5531;34.3125;14.95;1.18;0.36;UMa;
IC2934;IC2934;Galaxie;173.5815;13.322;15.24;0.74;0.38;Leo;
IC2935;IC2935;Autre;173.7009;10.2501;;;;Leo;
IC2936;IC2936;Galaxie;173.7368;13.0088;16.48;0.39;0.35;Leo;
IC2937;IC2937;Autre;173.764;10.1034;;;;Leo;
IC2938;IC2938;Galaxie;173.9013;13.6807;15.26;0.89;0.62;Leo;
IC2939;IC2939;Autre;173.9083;10.6971;;;;Leo;
IC2940;IC2940;Autre;174.0114;21.9617;;;;Leo;
IC2941;IC2941;Galaxie;174.0415;10.0556;14.96;0.85;0.59;Leo;
IC2942;IC2942;Galaxie;174.0509;11.8159;16.18;0.66;0.35;Leo;
IC2943;IC2943;Galaxie;174.1763;54.846;15.14;0.41;0.33;UMa;
IC2944;IC2944;Amas ouvert;173.9455;-63.0198;4.5;7.2;7.2;Cen;lam Cen Nebula
IC2945;IC2945;Galaxie;174.2679;12.9266;;1;1;Leo;
IC2945 NED01;IC2945 NED01;Galaxie;174.2679;12.9264;15.21;0.96;0.7;Leo;
IC2946;IC2946;Galaxie;174.3737;32.2525;15.03;0.46;0.27;UMa;
IC2947;IC2947;Galaxie;174.379;31.3623;14.21;0.75;0.56;UMa;
IC2948;IC2948;Amas ouvert;174.7748;-63.4439;;6;6;Cen;
IC2949;IC2949;Autre;175.2265;-46.4546;;;;Cen;
IC2950;IC2950;Galaxie;175.408;37.9921;14.88;0.65;0.56;UMa;
IC2951;IC2951;Galaxie;175.8523;19.7498;13.57;1.54;0.43;Leo;
IC2952;IC2952;Galaxie;176.0714;33.3514;15.78;0.35;0.28;UMa;
IC2954;IC2954;Autre;176.2636;26.7865;;;;Leo;
IC2955;IC2955;Galaxie;176.2663;19.6206;14.19;0.38;0.37;Leo;
IC2956;IC2956;Galaxie;176.3232;26.7674;14.83;0.94;0.8;Leo;
IC2957;IC2957;Galaxie;176.4039;31.2996;14.91;0.79;0.47;UMa;
IC2958;IC2958;Galaxie;176.4263;33.1544;15.7;0.71;0.58;UMa;
IC2960;IC2960;Galaxie;176.5821;35.0037;15.37;0.83;0.72;UMa;
IC2961;IC2961;Galaxie;176.9565;31.3447;15.66;0.48;0.29;UMa;
IC2962;IC2962;Autre;177.275;-12.3114;;;;Crt;
IC2964;IC2964;Autre;177.4686;12.0503;;;;Leo;
IC2966;IC2966;Nebuleuse;177.5565;-64.8729;;3;2;Mus;
IC2967;IC2967;Galaxie;177.7297;30.8507;14.7;0.85;0.63;UMa;
IC2968;IC2968;Galaxie;178.1272;20.6255;15.59;0.89;0.39;Leo;
IC2969;IC2969;Galaxie;178.1303;-3.8723;13.78;1.3;0.74;Vir;
IC2970;IC2970;Autre;178.2906;-23.1233;;;;Crt;
IC2971;IC2971;Galaxie;178.3647;30.6969;15.73;0.7;0.48;UMa;
IC2973;IC2973;Galaxie;178.4615;33.3655;14.42;1.42;0.82;UMa;
IC2974;IC2974;Galaxie;178.453;-5.1678;14;2.19;0.47;Vir;
IC2977;IC2977;Galaxie;178.8111;-37.6963;12.24;2.14;1.17;Cen;
IC2978;IC2978;Galaxie;179.0968;32.0387;15.36;1;0.42;UMa;
IC2979;IC2979;Galaxie;179.226;32.1588;14.46;0.84;0.54;UMa;
IC2980;IC2980;Galaxie;179.3757;-73.6845;13.26;2.04;1.29;Mus;
IC2981;IC2981;Galaxie;178.9276;32.1889;14.95;0.53;0.42;UMa;
IC2983;IC2983;Autre;179.5697;-2.1101;;;;Vir;
IC2984;IC2984;Galaxie;179.7801;30.6969;15.49;0.73;0.49;UMa;
IC2985;IC2985;Galaxie;179.8031;30.7312;15.1;0.9;0.43;UMa;
IC2986;IC2986;Galaxie;179.9567;30.8444;14.76;0.99;0.91;UMa;
IC2987;IC2987;Galaxie;180.8523;38.8133;15.32;0.6;0.42;UMa;
IC2988;IC2988;Autre;180.9258;3.4292;;;;Vir;
IC2990;IC2990;Galaxie;181.1608;11.0501;15.09;0.73;0.32;Vir;
IC2991;IC2991;Galaxie;181.3021;10.6404;15.83;0.67;0.24;Vir;
IC2992;IC2992;Galaxie;181.316;30.8556;14.83;0.63;0.52;UMa;
IC2993;IC2993;Galaxie;181.4097;32.8222;16.01;0.35;0.31;UMa;
IC2994;IC2994;Galaxie;181.3661;12.7029;15.65;0.47;0.39;Vir;
IC2995;IC2995;Galaxie;181.4455;-27.9401;12.57;3.37;0.85;Hya;
IC2996;IC2996;Galaxie;181.4526;-29.9719;14.37;1.78;0.44;Hya;
IC2997;IC2997;Autre;181.4353;20.2809;;;;Com;
IC2998;IC2998;Autre;181.4802;20.7534;;;;Com;
IC2999;IC2999;Galaxie;181.4898;31.3485;15.72;0.67;0.26;UMa;
IC3000;IC3000;Autre;181.5356;-29.6734;;;;Hya;
IC3001;IC3001;Galaxie;181.57;33.5259;15.46;0.73;0.37;UMa;
IC3002;IC3002;Galaxie;181.7675;33.3828;15.59;0.61;0.47;CVn;
IC3003;IC3003;Galaxie;181.8859;32.813;14.91;0.8;0.58;Com;
IC3004;IC3004;Galaxie;181.7927;13.2475;15.77;0.61;0.4;Vir;
IC3005;IC3005;Galaxie;181.809;-30.0246;13.83;2.42;0.66;Hya;
IC3006;IC3006;Autre;181.8514;12.9934;;;;Vir;
IC3007;IC3007;Galaxie;181.8783;31.3481;15.55;0.69;0.42;Com;
IC3008;IC3008;Galaxie;181.9658;13.5773;14.74;0.93;0.51;Com;
IC3009;IC3009;Autre;182.0005;12.6465;;;;Vir;
IC3010;IC3010;Galaxie;181.9892;-30.3395;12.22;2.09;1.91;Hya;
IC3012;IC3012;Galaxie;182.0998;11.1766;15.89;0.59;0.26;Vir;
IC3013;IC3013;Galaxie;182.1066;10.0167;15.28;0.58;0.41;Vir;
IC3014;IC3014;Galaxie;182.1542;38.8318;14.46;0.82;0.58;CVn;
IC3015;IC3015;Galaxie;182.2512;-31.5199;13.15;0.72;0.23;Hya;
IC3016;IC3016;Galaxie;182.3273;11.4302;15.23;0.49;0.45;Vir;
IC3017;IC3017;Galaxie;182.3451;13.6182;16.43;0.6;0.35;Com;
IC3018;IC3018;Galaxie;182.354;13.5744;15.88;0.66;0.25;Com;
IC3019;IC3019;Galaxie;182.3427;13.9924;13.98;1.26;0.99;Com;
IC3020;IC3020;Galaxie;182.3634;14.2245;16.42;0.36;0.28;Com;
IC3021;IC3021;Galaxie;182.4774;13.05;15.53;1.29;0.81;Vir;
IC3022;IC3022;Galaxie;182.5099;38.74;14.3;0.2;0.2;CVn;
IC3023;IC3023;Galaxie;182.5073;14.3669;15.92;1.04;0.64;Com;
IC3024;IC3024;Galaxie;182.5497;12.3257;15.06;0.9;0.29;Vir;
IC3025;IC3025;Galaxie;182.5962;10.1886;14.94;0.73;0.43;Vir;
IC3026;IC3026;Autre;182.6429;-29.9232;;;;Hya;
IC3027;IC3027;Autre;182.6253;14.1935;;;;Com;
IC3028;IC3028;Galaxie;182.6487;11.7608;15.72;0.55;0.31;Vir;
IC3029;IC3029;Galaxie;182.6744;13.3313;14.84;1.26;0.43;Com;
IC3030;IC3030;Autre;182.7751;14.1436;;;;Com;
IC3031;IC3031;Galaxie;182.7674;13.3084;16.98;0.61;0.22;Com;
IC3032;IC3032;Galaxie;182.7823;14.2748;15.25;0.59;0.52;Com;
IC3033;IC3033;Galaxie;182.7915;13.5875;15.09;1.03;0.47;Com;
IC3034;IC3034;Galaxie;182.9492;14.2011;16.23;0.74;0.23;Com;
IC3036;IC3036;Galaxie;183.063;12.4884;14.77;0.88;0.47;Vir;
IC3037;IC3037;Galaxie;183.0853;9.9864;15.26;0.48;0.44;Vir;
IC3038;IC3038;Galaxie;183.1359;11.3528;15.3;0.41;0.3;Vir;
IC3039;IC3039;Galaxie;183.1357;12.3099;15.06;0.91;0.37;Vir;
IC3040;IC3040;Galaxie;183.1439;11.075;15.29;0.77;0.69;Vir;
IC3041;IC3041;Galaxie;183.1778;12.7628;16.96;0.62;0.17;Vir;
IC3043;IC3043;Galaxie;183.1966;10.0097;16.6;0.93;0.22;Vir;
IC3044;IC3044;Galaxie;183.2022;13.9765;14.28;1.26;0.5;Com;
IC3045;IC3045;Autre;183.2486;12.7795;;;;Vir;
IC3046;IC3046;Galaxie;183.2828;12.9182;15.31;1.34;0.29;Vir;
IC3047;IC3047;Galaxie;183.311;12.9977;16.54;0.58;0.35;Vir;
IC3048;IC3048;Autre;183.3393;13.069;;;;Vir;
IC3049;IC3049;Galaxie;183.3904;14.4803;15.66;0.9;0.6;Com;
IC3052;IC3052;Galaxie;183.4511;12.6906;17.15;0.49;0.33;Vir;
IC3053;IC3053;Galaxie;183.4664;14.223;15.27;0.56;0.35;Com;
IC3054;IC3054;Galaxie;183.5601;13.5429;16.33;0.68;0.54;Com;
IC3055;IC3055;Galaxie;183.5929;12.0914;;0.5;0.5;Vir;
IC3055 NED01;IC3055 NED01;Galaxie;183.5911;12.0906;17.47;0.52;0.26;Vir;
IC3055 NED02;IC3055 NED02;Galaxie;183.5921;12.0919;;0.12;0.1;Vir;
IC3055 NED03;IC3055 NED03;Galaxie;183.5942;12.0916;16.46;0.42;0.29;Vir;
IC3056;IC3056;Galaxie;183.6539;12.8119;14.84;1.3;0.5;Vir;
IC3057;IC3057;Autre;183.7611;-44.473;;;;Cen;
IC3058;IC3058;Galaxie;183.6977;14.0955;16.29;0.54;0.35;Com;
IC3059;IC3059;Galaxie;183.7292;13.4605;14.27;1.69;1.39;Com;
IC3060;IC3060;Galaxie;183.7587;12.5471;14.82;0.72;0.53;Vir;
IC3061;IC3061;Galaxie;183.7685;14.029;13.61;2.22;0.4;Com;
IC3062;IC3062;Galaxie;183.7724;13.5948;14.6;0.81;0.67;Com;
IC3063;IC3063;Galaxie;183.778;12.0167;14.76;0.98;0.49;Vir;
IC3065;IC3065;Galaxie;183.8023;14.4329;14.39;1.24;0.88;Com;
IC3066;IC3066;Galaxie;183.8191;13.4731;15.72;0.97;0.32;Com;
IC3068;IC3068;Galaxie;183.8467;11.5109;16.52;0.46;0.21;Vir;
IC3069;IC3069;Galaxie;183.8328;10.1608;16.58;0.5;0.21;Vir;
IC3070;IC3070;Autre;183.8528;13.0395;;;;Vir;
IC3071;IC3071;Autre;183.8828;9.5456;;;;Vir;
IC3072;IC3072;Autre;183.9089;9.5556;;;;Vir;
IC3073;IC3073;Galaxie;183.8983;13.6192;15.15;0.88;0.67;Com;
IC3074;IC3074;Galaxie;183.9425;10.6992;14.81;0.34;0.29;Vir;
IC3075;IC3075;Galaxie;183.9795;23.5956;15.13;0.93;0.55;Com;
IC3076;IC3076;Autre;184.0166;9.0789;;;;Vir;
IC3077;IC3077;Galaxie;183.9848;14.433;14.6;1.07;0.73;Com;
IC3078;IC3078;Galaxie;184.0002;12.6873;15.7;0.58;0.5;Vir;
IC3079;IC3079;Galaxie;184.0172;11.5349;15.29;0.71;0.44;Vir;
IC3080;IC3080;Galaxie;184.0111;14.1894;15;0.73;0.6;Com;
IC3081;IC3081;Galaxie;184.0378;12.6913;15;0.77;0.4;Vir;
IC3082;IC3082;Galaxie;184.0504;23.8421;15.91;0.67;0.19;Com;
IC3083;IC3083;Galaxie;184.0885;12.5278;17.14;0.47;0.4;Vir;
IC3084;IC3084;Galaxie;184.0978;23.9179;15.65;0.45;0.34;Com;
IC3085;IC3085;Autre;184.1084;9.469;;;;Vir;
IC3086;IC3086;Autre;184.1156;9.0092;;;;Vir;
IC3087;IC3087;Autre;184.1104;13.2878;;;;Vir;
IC3088;IC3088;Autre;184.1182;9.4588;;;;Vir;
IC3089;IC3089;Galaxie;184.1238;23.8277;15.67;0.73;0.73;Com;
IC3090;IC3090;Autre;184.1317;9.4394;;;;Vir;
IC3091;IC3091;Galaxie;184.1215;14.0124;14.47;1.08;0.5;Com;
IC3092;IC3092;Galaxie;184.1345;10.0464;16.38;0.37;0.26;Vir;
IC3093;IC3093;Galaxie;184.1765;14.2778;14.79;0.37;0.26;Com;
IC3094;IC3094;Galaxie;184.2334;13.6254;14.53;0.54;0.46;Com;
IC3095;IC3095;Galaxie;184.2314;23.9579;15.77;0.53;0.36;Com;
IC3096;IC3096;Galaxie;184.2182;14.5146;15.18;1.11;0.37;Com;
IC3097;IC3097;Galaxie;184.2546;9.4076;15.26;0.79;0.53;Vir;
IC3099;IC3099;Galaxie;184.2886;12.454;14.97;1.85;0.33;Vir;
IC3100;IC3100;Galaxie;184.2731;12.2898;15.09;1.41;0.44;Vir;
IC3101;IC3101;Galaxie;184.3319;11.9435;15.75;0.63;0.49;Vir;
IC3103;IC3103;Autre;184.3685;9.3604;14.56;;;Vir;
IC3104;IC3104;Galaxie;184.6919;-79.7261;13.66;2.4;1.32;Cha;
IC3105;IC3105;Galaxie;184.3906;12.3881;14.81;1.55;0.31;Vir;
IC3106;IC3106;Autre;184.4409;9.6131;;;;Vir;
IC3107;IC3107;Galaxie;184.4455;10.8446;14.3;1.25;0.55;Vir;
IC3108;IC3108;Galaxie;184.4279;13.3799;14.76;0.77;0.21;Com;
IC3109;IC3109;Galaxie;184.4338;13.171;14.86;0.67;0.51;Vir;
IC3110;IC3110;Galaxie;184.4368;37.3997;16.39;0.27;0.22;CVn;
IC3111;IC3111;Galaxie;184.4617;8.4303;14.99;0.62;0.3;Vir;
IC3112;IC3112;Galaxie;184.4515;26.0307;15;1.14;0.57;Com;
IC3114;IC3114;Autre;184.4865;9.1354;;;;Vir;
IC3116;IC3116;Galaxie;184.4882;25.0765;16.19;0.45;0.41;Com;
IC3117;IC3117;Autre;184.5194;9.0765;;;;Vir;
IC3118;IC3118;Galaxie;184.546;9.4998;14.74;1.29;0.52;Vir;
IC3119;IC3119;Galaxie;184.5353;24.6883;15.4;0.57;0.51;Com;
IC3120;IC3120;Galaxie;184.564;13.7491;15.8;0.64;0.54;Com;
IC3121;IC3121;Galaxie;184.5729;13.2572;;0.5;0.5;Vir;
IC3121 NED01;IC3121 NED01;Galaxie;184.5737;13.2564;17.33;0.53;0.27;Vir;
IC3121 NED02;IC3121 NED02;Galaxie;184.5723;13.2583;17.5;0.49;0.43;Vir;
IC3122;IC3122;Galaxie;184.5893;25.2168;14.59;1.27;0.57;Com;
IC3123;IC3123;Autre;184.615;8.0649;7.26;;;Vir;
IC3124;IC3124;Autre;184.6147;9.5884;;;;Vir;
IC3125;IC3125;Autre;184.6061;24.3651;;;;Com;
IC3126;IC3126;Galaxie;184.6548;13.8152;16.18;0.5;0.38;Com;
IC3127;IC3127;Galaxie;184.6468;11.8704;15.3;0.52;0.45;Vir;
IC3128;IC3128;Galaxie;184.6675;11.7336;;1.4;1.4;Vir;
IC3128A;IC3128A;Galaxie;184.6745;11.7318;15;0.65;0.34;Vir;
IC3128B;IC3128B;Galaxie;184.6607;11.735;18.27;0.33;0.17;Vir;
IC3129;IC3129;Autre;184.6873;9.5907;;;;Vir;
IC3130;IC3130;Autre;184.7067;8.233;;;;Vir;
IC3131;IC3131;Galaxie;184.712;7.8619;14.09;1;0.99;Vir;
IC3133;IC3133;Autre;184.7273;7.6397;;;;Vir;
IC3134;IC3134;Galaxie;184.7338;8.9616;14.73;0.8;0.33;Vir;
IC3135;IC3135;Galaxie;184.7191;27.4915;17.05;0.33;0.24;Com;
IC3136;IC3136;Galaxie;184.739;6.1844;14.89;1.22;0.46;Vir;
IC3137;IC3137;Galaxie;184.7278;12.4701;16.89;0.67;0.17;Vir;
IC3138;IC3138;Galaxie;184.7342;12.4439;;0.5;0.5;Vir;
IC3138 NED01;IC3138 NED01;Galaxie;184.734;12.4453;16.53;0.44;0.32;Vir;
IC3138 NED02;IC3138 NED02;Galaxie;184.7342;12.4421;;0.17;0.1;Vir;
IC3139;IC3139;Autre;184.7532;9.1268;;;;Vir;
IC3140;IC3140;Autre;184.7412;27.1295;;;;Com;
IC3141;IC3141;Galaxie;184.7435;24.1863;15.34;0.89;0.51;Com;
IC3142;IC3142;Galaxie;184.7646;13.9814;;1.4;1.4;Com;
IC3142 NED01;IC3142 NED01;Galaxie;184.7583;13.9824;15.39;0.67;0.58;Com;
IC3142 NED02;IC3142 NED02;Galaxie;184.7715;13.9805;15.2;0.86;0.37;Com;
IC3143;IC3143;Galaxie;184.7725;27.2984;15.63;0.63;0.44;Com;
IC3144;IC3144;Galaxie;184.7907;25.297;16.77;0.38;0.29;Com;
IC3145;IC3145;Autre;184.7937;24.2941;;;;Com;
IC3146;IC3146;Galaxie;184.8021;25.715;16.77;0.51;0.47;Com;
IC3147;IC3147;Galaxie;184.8246;12.0172;;1;1;Vir;
IC3147 NED01;IC3147 NED01;Galaxie;184.8216;12.0162;16.12;0.66;0.39;Vir;
IC3147 NED02;IC3147 NED02;Galaxie;184.8278;12.0182;16.17;0.51;0.33;Vir;
IC3148;IC3148;Galaxie;184.8401;7.8703;15.61;0.62;0.41;Vir;
IC3149;IC3149;Galaxie;184.8509;12.3014;15.2;0.64;0.62;Vir;
IC3150;IC3150;Galaxie;184.8687;7.7982;15.44;0.36;0.23;Vir;
IC3151;IC3151;Galaxie;184.887;9.4142;14.78;0.9;0.39;Vir;
IC3152;IC3152;Galaxie;184.9;-26.1455;12.43;1.66;1.45;Hya;
IC3153;IC3153;Galaxie;184.9035;5.3978;15;0.54;0.45;Vir;
IC3154;IC3154;Galaxie;184.8916;25.5859;15.99;0.61;0.44;Com;
IC3155;IC3155;Galaxie;184.9388;6.0057;14.42;1;0.46;Vir;
IC3156;IC3156;Galaxie;184.9339;9.1486;14.66;0.72;0.49;Vir;
IC3157;IC3157;Galaxie;184.9497;12.4219;15.09;0.96;0.54;Vir;
IC3158;IC3158;Autre;184.9578;9.2897;;;;Vir;
IC3159;IC3159;Galaxie;184.9717;11.6745;16.6;0.5;0.35;Vir;
IC3160;IC3160;Autre;184.9994;9.1019;;;;Vir;
IC3161;IC3161;Autre;185.005;8.9991;;;;Vir;
IC3162;IC3162;Autre;185.013;8.997;;;;Vir;
IC3163;IC3163;Autre;185.024;9.2556;;;;Vir;
IC3164;IC3164;Autre;185.0204;24.9559;;;;Com;
IC3165;IC3165;Galaxie;185.0199;27.9753;14.75;1;0.63;Com;
IC3166;IC3166;Autre;184.975;60.6943;;;;UMa;
IC3167;IC3167;Galaxie;185.0783;9.5454;14.72;1.35;0.78;Vir;
IC3168;IC3168;Galaxie;185.0773;27.9204;15.66;0.72;0.43;Com;
IC3169;IC3169;Galaxie;185.0891;25.5995;16.57;0.48;0.33;Com;
IC3170;IC3170;Galaxie;185.1106;9.4242;14.63;0.58;0.57;Vir;
IC3171;IC3171;Galaxie;185.1003;25.5606;14.63;0.92;0.68;Com;
IC3172;IC3172;Galaxie;185.1023;27.8188;16.29;0.68;0.49;Com;
IC3173;IC3173;Galaxie;185.1258;11.3409;15.3;0.72;0.54;Vir;
IC3174;IC3174;Galaxie;185.123;10.2452;15.25;0.63;0.4;Vir;
IC3175;IC3175;Galaxie;185.139;9.8534;15;0.83;0.39;Vir;
IC3176;IC3176;Galaxie;185.1253;25.5154;16.33;0.67;0.26;Com;
IC3177;IC3177;Autre;185.143;14.1276;;;;Com;
IC3178;IC3178;Autre;185.1461;26.1693;;;;Com;
IC3179;IC3179;Galaxie;185.1572;26.1654;16.62;0.32;0.32;Com;
IC3180;IC3180;Autre;185.0989;60.6943;;;;UMa;
IC3182;IC3182;Autre;185.199;12.7301;;;;Vir;
IC3183;IC3183;Autre;185.2036;6.6867;;;;Vir;
IC3184;IC3184;Galaxie;185.195;24.9156;15.64;0.77;0.39;Com;
IC3185;IC3185;Galaxie;185.2195;25.4297;15.9;0.68;0.22;Com;
IC3186;IC3186;Galaxie;185.2328;24.6686;14.44;0.53;0.41;Com;
IC3187;IC3187;Galaxie;185.2278;11.1618;15.47;0.69;0.42;Vir;
IC3188;IC3188;Galaxie;185.2296;11.0089;14.81;0.77;0.55;Vir;
IC3189;IC3189;Galaxie;185.2347;25.4265;16.24;0.6;0.3;Com;
IC3190;IC3190;Autre;185.26;9.5698;;;;Vir;
IC3191;IC3191;Autre;185.2715;7.7044;;;;Vir;
IC3192;IC3192;Galaxie;185.27;11.7546;16.11;0.58;0.45;Vir;
IC3193;IC3193;Galaxie;185.2553;27.8988;15.65;0.98;0.38;Com;
IC3194;IC3194;Galaxie;185.2875;25.1335;16.37;0.57;0.43;Com;
IC3195;IC3195;Galaxie;185.3226;25.8083;16.38;0.52;0.46;Com;
IC3196;IC3196;Galaxie;185.361;11.7578;16.43;0.53;0.41;Vir;
IC3197;IC3197;Autre;185.3579;25.4439;;;;Com;
IC3198;IC3198;Autre;185.3797;26.3663;;;;Com;
IC3199;IC3199;Galaxie;185.44;10.5956;15.03;1;0.52;Vir;
IC3200;IC3200;Galaxie;185.405;26.7608;16.46;0.53;0.39;Com;
IC3201;IC3201;Galaxie;185.4182;25.726;17.05;0.4;0.25;Com;
IC3202;IC3202;Galaxie;185.4347;27.0571;16.69;0.67;0.55;Com;
IC3203;IC3203;Galaxie;185.4401;25.8847;15.43;1.31;0.22;Com;
IC3204;IC3204;Galaxie;185.4601;24.2491;16.79;0.52;0.3;Com;
IC3205;IC3205;Galaxie;185.4623;26.341;15.55;0.62;0.52;Com;
IC3206;IC3206;Galaxie;185.4638;26.3636;15.79;0.53;0.31;Com;
IC3207;IC3207;Galaxie;185.4676;24.3546;16.36;0.79;0.31;Com;
IC3208;IC3208;Galaxie;185.4816;11.9668;15.96;0.98;0.4;Vir;
IC3209;IC3209;Galaxie;185.5256;11.7547;14.97;1;0.36;Vir;
IC3210;IC3210;Galaxie;185.5041;28.4311;15.38;0.66;0.5;Com;
IC3212;IC3212;Galaxie;185.5142;28.186;15.53;0.71;0.65;Com;
IC3213;IC3213;Galaxie;185.532;23.8696;15.5;0.49;0.28;Com;
IC3214;IC3214;Autre;185.538;27.2351;;;;Com;
IC3215;IC3215;Galaxie;185.5433;26.0519;15.53;1.27;0.35;Com;
IC3216;IC3216;Galaxie;185.5492;25.2867;16.52;0.52;0.4;Com;
IC3217;IC3217;Galaxie;185.5545;26.388;17.53;0.41;0.23;Com;
IC3218;IC3218;Galaxie;185.5813;6.9279;15.66;0.64;0.56;Vir;
IC3219;IC3219;Galaxie;185.5626;25.9513;16.45;0.84;0.25;Com;
IC3220;IC3220;Galaxie;185.59;10.602;15.95;1.05;0.48;Vir;
IC3221;IC3221;Galaxie;185.584;25.2838;17.14;0.57;0.27;Com;
IC3222;IC3222;Galaxie;185.5811;28.8316;15.1;0.59;0.36;Com;
IC3223;IC3223;Autre;185.6275;9.4872;;;;Vir;
IC3224;IC3224;Galaxie;185.6496;12.158;16.3;0.38;0.31;Vir;
IC3225;IC3225;Galaxie;185.6625;6.6771;14.38;0.91;0.4;Vir;
IC3226;IC3226;Autre;185.6456;26.0673;;;;Com;
IC3227;IC3227;Galaxie;185.6486;24.0851;16.52;0.46;0.22;Com;
IC3228;IC3228;Galaxie;185.6641;24.3301;16.19;1.11;0.25;Com;
IC3229;IC3229;Galaxie;185.72;6.6799;15.25;1.23;0.41;Vir;
IC3230;IC3230;Galaxie;185.6653;27.747;16.41;0.44;0.32;Com;
IC3231;IC3231;Galaxie;185.6824;24.8205;;0.65;0.47;Com;
IC3232;IC3232;Autre;185.6991;24.4245;;;;Com;
IC3233;IC3233;Galaxie;185.7287;12.5668;16.56;0.69;0.34;Vir;
IC3234;IC3234;Galaxie;185.7173;28.1125;16.93;0.42;0.38;Com;
IC3235;IC3235;Galaxie;185.7413;13.5458;16.55;0.62;0.33;Com;
IC3236;IC3236;Galaxie;185.751;10.1012;16.46;0.42;0.23;Vir;
IC3237;IC3237;Galaxie;185.7417;28.4942;15.89;0.47;0.32;Com;
IC3238;IC3238;Galaxie;185.7766;14.4583;14.67;0.67;0.47;Com;
IC3239;IC3239;Galaxie;185.7899;11.726;16.16;0.78;0.3;Vir;
IC3240;IC3240;Galaxie;185.7805;10.3623;16.54;0.46;0.31;Vir;
IC3241;IC3241;Galaxie;185.7852;26.9053;16.33;0.67;0.49;Com;
IC3242;IC3242;Galaxie;185.7935;26.2489;16.48;0.63;0.38;Com;
IC3243;IC3243;Galaxie;185.7972;27.7657;15.66;0.75;0.36;Com;
IC3244;IC3244;Galaxie;185.8011;14.389;15;0.77;0.61;Com;
IC3245;IC3245;Autre;185.8238;9.1296;;;;Vir;
IC3246;IC3246;Galaxie;185.8215;13.0518;16.32;0.54;0.48;Vir;
IC3247;IC3247;Galaxie;185.8083;28.8938;15.4;1.86;0.26;Com;
IC3248;IC3248;Autre;185.8203;25.552;;;;Com;
IC3249;IC3249;Galaxie;185.8247;25.4447;16.79;0.37;0.21;Com;
IC3250;IC3250;Autre;185.8242;25.6288;;;;Com;
IC3251;IC3251;Autre;185.8287;25.6534;;;;Com;
IC3252;IC3252;Autre;185.8538;28.6182;;;;Com;
IC3253;IC3253;Galaxie;185.9384;-34.6222;12.12;3.02;1.2;Cen;
IC3255;IC3255;Galaxie;185.8947;9.6486;14.73;0.6;0.49;Vir;
IC3257;IC3257;Autre;185.9363;7.2538;;;;Vir;
IC3258;IC3258;Galaxie;185.9353;12.4783;13.3;1.35;1.09;Vir;
IC3259;IC3259;Galaxie;185.9522;7.1868;13.52;1.64;0.83;Vir;
IC3261;IC3261;Galaxie;185.9687;11.4813;17.21;0.47;0.24;Vir;
IC3262;IC3262;Galaxie;185.9507;27.3943;15.23;0.77;0.38;Com;
IC3263;IC3263;Galaxie;185.9608;28.1995;14.4;0.6;0.57;Com;
IC3264;IC3264;Galaxie;185.9665;25.5574;16.72;0.59;0.36;Com;
IC3265;IC3265;Autre;185.9951;7.8038;;;;Vir;
IC3267;IC3267;Galaxie;186.023;7.0413;13.42;1.21;1.17;Vir;
IC3268;IC3268;Galaxie;186.031;6.6075;13.77;1;0.8;Vir;
IC3269;IC3269;Galaxie;186.0183;27.4348;16.48;0.75;0.43;Com;
IC3270;IC3270;Galaxie;186.0244;27.5779;16.34;0.61;0.52;Com;
IC3271;IC3271;Galaxie;186.058;7.953;14.57;0.79;0.71;Vir;
IC3272;IC3272;Galaxie;186.0388;23.2846;16.81;0.51;0.25;Com;
IC3275;IC3275;Galaxie;186.0812;10.4463;16.49;0.53;0.35;Vir;
IC3276;IC3276;Galaxie;186.0588;25.8188;16.48;0.57;0.43;Com;
IC3277;IC3277;Autre;186.0655;25.564;;;;Com;
IC3278;IC3278;Galaxie;186.0623;27.4208;;0.9;0.9;Com;
IC3278 NED01;IC3278 NED01;Galaxie;186.0598;27.4235;17.69;0.36;0.32;Com;
IC3278 NED02;IC3278 NED02;Galaxie;186.0628;27.4232;16.71;0.54;0.49;Com;
IC3278 NED03;IC3278 NED03;Galaxie;186.0643;27.4185;16.75;0.43;0.3;Com;
IC3279;IC3279;Autre;186.1001;12.8524;;;;Vir;
IC3280;IC3280;Galaxie;186.1114;13.2334;15.06;0.7;0.57;Vir;
IC3281;IC3281;Autre;186.1163;7.8191;;;;Vir;
IC3282;IC3282;Autre;186.1169;25.6706;;;;Com;
IC3283;IC3283;Galaxie;186.1168;27.2112;16.47;0.68;0.32;Com;
IC3284;IC3284;Galaxie;186.1565;10.839;15.25;0.55;0.5;Vir;
IC3285;IC3285;Autre;186.1395;24.8597;;;;Com;
IC3286;IC3286;Galaxie;186.1437;23.7479;16.11;0.49;0.4;Com;
IC3287;IC3287;Galaxie;186.154;24.5947;17.6;0.21;0.19;Com;
IC3288;IC3288;Galaxie;186.1642;24.9499;16.31;0.55;0.36;Com;
IC3289;IC3289;Galaxie;186.2394;-26.0307;14.17;1.15;1.08;Hya;
IC3290;IC3290;Galaxie;186.2873;-39.7755;13.57;2.22;1.49;Cen;
IC3291;IC3291;Galaxie;186.2017;12.0185;16.46;0.57;0.37;Vir;
IC3292;IC3292;Galaxie;186.2015;18.1951;15.03;1.09;0.82;Com;
IC3293;IC3293;Galaxie;186.223;17.4324;16.31;0.69;0.44;Com;
IC3294;IC3294;Galaxie;186.2072;25.5975;17.28;0.38;0.29;Com;
IC3295;IC3295;Autre;186.2041;28.7078;;;;Com;
IC3296;IC3296;Galaxie;186.241;24.3829;15.54;0.49;0.35;Com;
IC3297;IC3297;Autre;186.2423;26.7712;;;;Com;
IC3298;IC3298;Galaxie;186.2658;17.0153;15.26;1.28;0.37;Com;
IC3299;IC3299;Galaxie;186.2631;27.3745;17.2;0.6;0.41;Com;
IC3300;IC3300;Galaxie;186.2707;25.9576;15.2;1.15;0.3;Com;
IC3301;IC3301;Galaxie;186.3231;14.1726;16.12;0.52;0.4;Com;
IC3302;IC3302;Galaxie;186.2935;25.8798;16.98;0.37;0.35;Com;
IC3303;IC3303;Galaxie;186.3133;12.7146;14.37;0.95;0.55;Vir;
IC3304;IC3304;Galaxie;186.2988;25.4243;18.61;0.24;0.17;Com;
IC3305;IC3305;Galaxie;186.3104;11.8496;14.9;1.08;0.44;Vir;
IC3306;IC3306;Galaxie;186.302;27.4024;16.14;0.94;0.32;Com;
IC3308;IC3308;Galaxie;186.3259;26.7151;14.96;0.58;0.28;Com;
IC3309;IC3309;Galaxie;186.3339;28.381;15.65;1;0.37;Com;
IC3310;IC3310;Autre;186.4804;15.6805;;;;Com;
IC3311;IC3311;Galaxie;186.388;12.2603;14.68;1.85;0.44;Vir;
IC3312;IC3312;Galaxie;186.3746;23.5816;17.05;0.5;0.3;Com;
IC3313;IC3313;Galaxie;186.4018;15.8298;14.22;1.34;1.27;Com;
IC3314;IC3314;Galaxie;186.3812;23.5911;16.25;0.53;0.47;Com;
IC3315;IC3315;Galaxie;186.4122;12.3138;15.9;0.6;0.49;Vir;
IC3316;IC3316;Galaxie;186.4006;26.1632;16.55;0.46;0.4;Com;
IC3317;IC3317;Galaxie;186.4121;25.3439;17.16;0.52;0.48;Com;
IC3318;IC3318;Autre;186.4577;9.7628;11.44;;;Vir;
IC3319;IC3319;Autre;186.4622;10.391;;;;Vir;
IC3321;IC3321;Galaxie;186.4424;26.0825;16.55;0.71;0.32;Com;
IC3322;IC3322;Galaxie;186.4754;7.5548;14.08;2.33;0.65;Vir;
IC3323;IC3323;Autre;186.4503;27.5424;;;;Com;
IC3324;IC3324;Galaxie;186.4548;26.7399;17.06;0.3;0.27;Com;
IC3325;IC3325;Galaxie;186.4645;23.8959;15.85;0.71;0.59;Com;
IC3326;IC3326;Galaxie;186.4698;23.7684;16.66;0.44;0.22;Com;
IC3327;IC3327;Galaxie;186.5116;14.8804;15.09;0.9;0.78;Com;
IC3328;IC3328;Galaxie;186.4914;10.0538;14.38;0.88;0.82;Vir;
IC3329;IC3329;Nebuleuse;186.483;27.5641;;;;Com;
IC3330;IC3330;Galaxie;186.4846;30.8436;14.97;1.14;0.5;Com;
IC3331;IC3331;Galaxie;186.5222;11.8122;15.04;1.02;0.54;Vir;
IC3332;IC3332;Galaxie;186.5216;25.2798;;0.28;0.12;Com;
IC3333;IC3333;Autre;186.5365;13.1329;14.8;;;Vir;
IC3334;IC3334;Galaxie;186.5397;28.4658;16.22;0.75;0.65;Com;
IC3335;IC3335;Galaxie;186.5797;26.1293;17.25;0.34;0.25;Com;
IC3336;IC3336;Galaxie;186.5829;26.8384;15.4;0.64;0.29;Com;
IC3337;IC3337;Galaxie;186.5895;25.3115;16.93;0.55;0.47;Com;
IC3338;IC3338;Galaxie;186.5928;25.8862;15.94;0.83;0.36;Com;
IC3340;IC3340;Galaxie;186.6363;16.8447;15.41;0.7;0.36;Com;
IC3341;IC3341;Galaxie;186.5966;27.7455;16.69;0.46;0.26;Com;
IC3342;IC3342;Autre;186.614;27.1386;;;;Com;
IC3343;IC3343;Autre;186.6463;8.8743;;;;Vir;
IC3344;IC3344;Galaxie;186.635;13.5788;14.91;0.8;0.44;Com;
IC3345;IC3345;Galaxie;186.6389;24.3689;17.19;0.33;0.3;Com;
IC3346;IC3346;Galaxie;186.6851;11.3797;15.78;0.65;0.5;Vir;
IC3347;IC3347;Galaxie;186.6857;10.9186;16.31;0.55;0.36;Vir;
IC3348;IC3348;Galaxie;186.6588;25.6249;17.3;0.41;0.36;Com;
IC3349;IC3349;Galaxie;186.6961;12.454;14.08;0.9;0.85;Vir;
IC3350;IC3350;Autre;186.6935;9.4426;12.68;;;Vir;
IC3351;IC3351;Autre;186.6708;27.6056;;;;Com;
IC3352;IC3352;Autre;186.6992;8.7575;;;;Vir;
IC3353;IC3353;Galaxie;186.6878;27.9123;16.82;0.83;0.15;Com;
IC3354;IC3354;Autre;186.7144;12.0971;;;;Vir;
IC3355;IC3355;Galaxie;186.7131;13.1757;15.06;1.09;0.43;Vir;
IC3356;IC3356;Galaxie;186.7104;11.559;15.45;1.47;0.8;Vir;
IC3357;IC3357;Galaxie;186.714;9.7775;15.36;0.51;0.25;Vir;
IC3358;IC3358;Galaxie;186.7264;11.664;13.61;1.05;0.82;Vir;
IC3359;IC3359;Galaxie;186.7142;23.4982;16.64;0.51;0.28;Com;
IC3360;IC3360;Autre;186.7113;26.0466;;;;Com;
IC3361;IC3361;Galaxie;186.7273;10.6659;15.49;1.02;0.71;Vir;
IC3362;IC3362;Galaxie;186.7267;26.6901;16.15;0.8;0.56;Com;
IC3363;IC3363;Galaxie;186.7628;12.5608;14.84;0.97;0.43;Vir;
IC3364;IC3364;Galaxie;186.7705;25.5633;16.54;0.59;0.4;Com;
IC3365;IC3365;Galaxie;186.7966;15.8967;14.29;0.87;0.66;Com;
IC3366;IC3366;Galaxie;186.8005;9.4102;16.56;0.37;0.21;Vir;
IC3367;IC3367;Galaxie;186.7996;26.9567;;1.5;1.5;Com;
IC3367 NED01;IC3367 NED01;Galaxie;186.792;26.9574;15.88;0.72;0.59;Com;
IC3368;IC3368;Galaxie;186.8349;16.4286;15.45;0.71;0.52;Com;
IC3369;IC3369;Galaxie;186.8206;16.0245;14.03;0.81;0.55;Com;
IC3370;IC3370;Galaxie;186.9055;-39.3378;11.18;3.12;2.29;Cen;
IC3371;IC3371;Galaxie;186.8427;10.8668;15.27;1.17;0.26;Vir;
IC3372;IC3372;Galaxie;186.8522;25.2872;17.02;0.28;0.27;Com;
IC3373;IC3373;Galaxie;186.8659;25.4539;16.37;0.68;0.38;Com;
IC3374;IC3374;Galaxie;186.8895;10.0038;15.4;0.95;0.5;Vir;
IC3375;IC3375;Autre;186.9182;27.3648;;;;Com;
IC3376;IC3376;Galaxie;186.9597;26.9935;14.32;0.87;0.6;Com;
IC3377;IC3377;Galaxie;186.9665;24.9422;16.18;0.51;0.3;Com;
IC3378;IC3378;Galaxie;187.0063;17.2963;16.31;0.54;0.34;Com;
IC3379;IC3379;Galaxie;187.0178;17.3057;16.05;0.73;0.35;Com;
IC3380;IC3380;Galaxie;187.023;26.6729;16.82;0.51;0.43;Com;
IC3381;IC3381;Galaxie;187.062;11.7898;13.48;1.19;0.87;Vir;
IC3382;IC3382;Galaxie;187.0564;13.5707;16.3;1;0.28;Com;
IC3383;IC3383;Galaxie;187.0513;10.2977;15.18;0.78;0.54;Vir;
IC3384;IC3384;Galaxie;187.0511;25.0913;19.29;0.68;0.3;Com;
IC3385;IC3385;Galaxie;187.0623;25.4326;16.47;0.78;0.51;Com;
IC3386;IC3386;Galaxie;187.0987;13.1958;15.55;0.81;0.35;Vir;
IC3387;IC3387;Galaxie;187.0784;27.9957;16.61;0.35;0.27;Com;
IC3388;IC3388;Galaxie;187.1169;12.8237;14.8;0.74;0.55;Vir;
IC3389;IC3389;Galaxie;187.098;27.8449;18.11;0.33;0.2;Com;
IC3390;IC3390;Galaxie;187.119;24.8093;16.56;0.61;0.46;Com;
IC3391;IC3391;Galaxie;187.1137;18.415;13.66;1.03;0.83;Com;
IC3392;IC3392;Galaxie;187.1803;14.9995;12.99;2.6;1.1;Com;
IC3393;IC3393;Galaxie;187.1738;12.9159;14.32;1.1;0.48;Vir;
IC3394;IC3394;Galaxie;187.1717;26.7984;15.86;0.59;0.5;Com;
IC3395;IC3395;Galaxie;187.1854;25.0348;16.43;0.58;0.3;Com;
IC3396;IC3396;Galaxie;187.1874;25.0502;17.23;0.11;0.08;Com;
IC3397;IC3397;Galaxie;187.194;25.7319;15.99;0.61;0.53;Com;
IC3399;IC3399;Autre;187.2332;25.6961;;;;Com;
IC3400;IC3400;Autre;187.2621;9.4062;11.5;;;Vir;
IC3401;IC3401;Galaxie;187.2452;26.4601;17.28;0.41;0.37;Com;
IC3402;IC3402;Galaxie;187.2472;28.8619;15.16;1.17;0.21;Com;
IC3403;IC3403;Galaxie;187.2561;24.6327;15.91;0.43;0.42;Com;
IC3404;IC3404;Autre;187.2947;7.1539;;;;Vir;
IC3405;IC3405;Galaxie;187.2484;37.7301;16.3;0.71;0.32;CVn;
IC3406;IC3406;Galaxie;187.261;27.6405;15.64;0.65;0.4;Com;
IC3407;IC3407;Galaxie;187.2661;27.7789;14.58;0.97;0.54;Com;
IC3408;IC3408;Autre;187.3158;11.8759;10.87;;;Vir;
IC3409;IC3409;Galaxie;187.3385;14.7893;15.96;0.58;0.52;Com;
IC3410;IC3410;Galaxie;187.2757;19.0048;15.71;0.69;0.62;Com;
IC3411;IC3411;Galaxie;187.3016;24.5842;17.22;0.7;0.23;Com;
IC3412;IC3412;Galaxie;187.3444;9.989;15.55;0.74;0.34;Vir;
IC3413;IC3413;Galaxie;187.3438;11.4339;14.36;1.21;0.7;Vir;
IC3414;IC3414;Galaxie;187.3699;6.7718;13.97;0.81;0.38;Vir;
IC3415;IC3415;Autre;187.34;26.7662;;;;Com;
IC3416;IC3416;Galaxie;187.3957;10.7931;15.38;0.95;0.52;Vir;
IC3417;IC3417;Autre;187.4134;7.8613;;;;Vir;
IC3418;IC3418;Galaxie;187.433;11.4047;14.29;1.32;0.9;Vir;
IC3419;IC3419;Galaxie;187.4357;15.0248;16.3;0.68;0.43;Com;
IC3420;IC3420;Autre;187.4273;13.4464;;;;Com;
IC3421;IC3421;Galaxie;187.4108;26.2306;15.48;0.69;0.53;Com;
IC3422;IC3422;Galaxie;187.4775;14.6884;16.08;0.58;0.45;Com;
IC3423;IC3423;Autre;187.4438;13.6588;15.6;;;Com;
IC3424;IC3424;Galaxie;187.4377;24.4087;17.49;0.41;0.2;Com;
IC3425;IC3425;Galaxie;187.485;10.6153;14.57;0.61;0.32;Vir;
IC3426;IC3426;Autre;187.5061;13.5982;14.9;;;Com;
IC3428;IC3428;Autre;187.5313;23.675;;;;Com;
IC3429;IC3429;Galaxie;187.5331;23.5451;16.95;0.38;0.33;Com;
IC3430;IC3430;Galaxie;187.5703;9.0851;15.43;1.11;0.38;Vir;
IC3431;IC3431;Galaxie;187.6007;11.6145;16.85;0.47;0.32;Vir;
IC3432;IC3432;Galaxie;187.616;14.1602;14.78;0.69;0.42;Com;
IC3433;IC3433;Galaxie;187.6175;17.3097;16.24;0.8;0.57;Com;
IC3434;IC3434;Galaxie;187.6136;18.8097;15.46;0.76;0.4;Com;
IC3435;IC3435;Galaxie;187.6662;15.1297;15.2;1.35;0.47;Com;
IC3436;IC3436;Galaxie;187.6247;19.673;14.86;0.75;0.44;Com;
IC3437;IC3437;Galaxie;187.6913;11.3432;15.02;0.61;0.39;Vir;
IC3439;IC3439;Galaxie;187.7478;25.5618;16.29;0.66;0.58;Com;
IC3440;IC3440;Galaxie;187.7715;12.0299;16.75;0.6;0.49;Vir;
IC3441;IC3441;Galaxie;187.7684;28.8527;15.11;0.64;0.43;Com;
IC3442;IC3442;Galaxie;187.8341;14.1152;13.8;0.94;0.71;Com;
IC3443;IC3443;Galaxie;187.8155;12.3318;15.03;0.55;0.51;Vir;
IC3444;IC3444;Autre;187.8079;27.5496;;;;Com;
IC3445;IC3445;Galaxie;187.831;12.738;15.95;0.47;0.35;Vir;
IC3446;IC3446;Galaxie;187.8456;11.4924;15.53;0.62;0.39;Vir;
IC3447;IC3447;Galaxie;187.8246;10.6802;16.69;0.37;0.32;Vir;
IC3448;IC3448;Galaxie;187.8466;17.2064;15.52;0.97;0.57;Com;
IC3449;IC3449;Galaxie;187.8456;25.914;17.02;0.31;0.22;Com;
IC3450;IC3450;Galaxie;187.8534;26.7961;16.4;0.47;0.27;Com;
IC3451;IC3451;Galaxie;187.8503;28.8552;14.65;0.68;0.48;Com;
IC3453;IC3453;Galaxie;187.9073;14.8598;14.8;0.95;0.26;Com;
IC3454;IC3454;Galaxie;187.911;27.4957;15.59;1.12;0.26;Com;
IC3455;IC3455;Galaxie;187.9356;25.7861;16.71;0.59;0.31;Com;
IC3456;IC3456;Autre;187.9323;28.3572;;;;Com;
IC3457;IC3457;Galaxie;187.9639;12.657;14.64;1;0.67;Vir;
IC3458;IC3458;Galaxie;187.9333;28.1474;15.73;0.67;0.58;Com;
IC3459;IC3459;Galaxie;187.983;12.174;14.91;1.11;0.86;Vir;
IC3460;IC3460;Galaxie;187.96;27.3869;16.22;0.62;0.2;Com;
IC3461;IC3461;Galaxie;188.0114;11.8901;14.51;0.73;0.55;Vir;
IC3462;IC3462;Galaxie;188.0399;15.3009;16.09;0.67;0.39;Com;
IC3463;IC3463;Autre;188.0191;12.3194;;;;Vir;
IC3464;IC3464;Autre;188.0008;26.0048;;;;Com;
IC3465;IC3465;Galaxie;188.051;12.0616;16.16;0.44;0.32;Vir;
IC3466;IC3466;Galaxie;188.0237;11.8179;15.76;0.65;0.46;Vir;
IC3467;IC3467;Galaxie;188.1024;11.7876;15.4;0.96;0.27;Vir;
IC3468;IC3468;Galaxie;188.0592;10.2515;13.88;1.28;1.15;Vir;
IC3469;IC3469;Galaxie;188.0457;25.8028;17.64;0.34;0.27;Com;
IC3470;IC3470;Galaxie;188.0975;11.263;13.85;0.95;0.95;Vir;
IC3471;IC3471;Galaxie;188.0951;16.0188;15.49;1;0.58;Com;
IC3472;IC3472;Galaxie;188.0783;24.7282;17.1;0.5;0.45;Com;
IC3473;IC3473;Galaxie;188.0797;18.2441;14.4;1.05;0.7;Com;
IC3474;IC3474;Galaxie;188.1521;2.6615;14.57;2.26;0.39;Vir;
IC3475;IC3475;Galaxie;188.1711;12.771;13.38;1.56;1.29;Vir;
IC3476;IC3476;Galaxie;188.1745;14.0504;12.84;1.67;1.18;Com;
IC3477;IC3477;Autre;188.1592;26.0384;;;;Com;
IC3478;IC3478;Galaxie;188.1842;14.1962;14.37;0.91;0.81;Com;
IC3479;IC3479;Galaxie;188.1705;25.4061;17.13;0.29;0.2;Com;
IC3480;IC3480;Autre;188.1729;26.8286;;;;Com;
IC3481;IC3481;Galaxie;188.2177;11.4044;13.67;0.87;0.84;Vir;
IC3482;IC3482;Galaxie;188.2542;27.8303;16.61;0.43;0.18;Com;
IC3483;IC3483;Galaxie;188.2919;11.3473;14.18;0.87;0.55;Vir;
IC3484;IC3484;Galaxie;188.2721;17.403;15.01;0.78;0.63;Com;
IC3485;IC3485;Autre;188.2969;9.2173;;;;Vir;
IC3486;IC3486;Galaxie;188.3084;12.8578;15.15;0.82;0.56;Vir;
IC3487;IC3487;Galaxie;188.306;9.3974;15.04;0.92;0.54;Vir;
IC3488;IC3488;Galaxie;188.2852;26.3494;15.57;0.64;0.59;Com;
IC3489;IC3489;Galaxie;188.3071;12.247;14.79;0.65;0.6;Vir;
IC3490;IC3490;Galaxie;188.3079;10.9285;15.47;0.59;0.33;Vir;
IC3491;IC3491;Galaxie;188.2875;27.0944;16.05;0.83;0.21;Com;
IC3492;IC3492;Galaxie;188.3324;12.8534;15.3;0.7;0.57;Vir;
IC3493;IC3493;Autre;188.3287;9.3932;;;;Vir;
IC3494;IC3494;Galaxie;188.3071;27.5841;17.14;0.3;0.24;Com;
IC3495;IC3495;Autre;188.3179;26.8088;;;;Com;
IC3496;IC3496;Autre;188.3305;26.7554;;;;Com;
IC3497;IC3497;Autre;188.3689;25.4887;;;;Com;
IC3498;IC3498;Galaxie;188.3707;26.7381;16.21;0.69;0.24;Com;
IC3499;IC3499;Galaxie;188.4375;10.9957;13.27;1.61;0.56;Vir;
IC3500;IC3500;Galaxie;188.457;13.9628;15.08;0.57;0.4;Com;
IC3501;IC3501;Galaxie;188.4651;13.3224;14.69;0.93;0.84;Com;
IC3502;IC3502;Galaxie;188.4264;26.6174;17.44;0.76;0.22;Com;
IC3503;IC3503;Autre;188.4511;37.7893;;;;CVn;
IC3504;IC3504;Autre;188.5327;6.8864;;;;Vir;
IC3505;IC3505;Galaxie;188.543;15.9682;15.05;0.85;0.35;Com;
IC3506;IC3506;Galaxie;188.5281;12.7416;15.93;0.71;0.65;Vir;
IC3507;IC3507;Galaxie;188.5185;25.3628;17.26;0.41;0.35;Com;
IC3508;IC3508;Galaxie;188.529;26.6708;15.42;1.03;0.95;Com;
IC3509;IC3509;Galaxie;188.548;12.049;14.25;1.01;0.72;Vir;
IC3510;IC3510;Galaxie;188.5617;11.0715;14.87;0.81;0.62;Vir;
IC3511;IC3511;Autre;188.5395;27.3486;;;;Com;
IC3512;IC3512;Autre;188.5403;27.3611;;;;Com;
IC3513;IC3513;Autre;188.5484;27.3306;;;;Com;
IC3514;IC3514;Autre;188.5658;26.7006;;;;Com;
IC3515;IC3515;Galaxie;188.5671;27.8623;15.61;0.65;0.26;Com;
IC3516;IC3516;Galaxie;188.5714;27.4523;16.07;0.87;0.17;Com;
IC3517;IC3517;Galaxie;188.6282;9.1547;15.3;1.16;0.72;Vir;
IC3518;IC3518;Galaxie;188.6304;9.6234;14.79;1.32;0.54;Vir;
IC3519;IC3519;Galaxie;188.66;15.6027;15.88;0.68;0.49;Com;
IC3520;IC3520;Galaxie;188.6325;13.5037;15.8;0.85;0.6;Com;
IC3521;IC3521;Galaxie;188.6646;7.1602;13.74;1.39;1.03;Vir;
IC3522;IC3522;Galaxie;188.6899;15.2208;15.41;1.08;0.58;Com;
IC3523;IC3523;Galaxie;188.6642;14.0168;17.08;0.38;0.32;Com;
IC3524;IC3524;Autre;188.6796;14.2443;;;;Com;
IC3525;IC3525;Galaxie;188.6935;10.1767;16.49;0.36;0.29;Vir;
IC3526;IC3526;Autre;188.6692;25.6841;;;;Com;
IC3527;IC3527;Autre;188.6762;26.1551;;;;Com;
IC3528;IC3528;Galaxie;188.7329;15.5656;15.2;0.33;0.33;Com;
IC3529;IC3529;Autre;188.7073;25.6988;;;;Com;
IC3530;IC3530;Galaxie;188.7055;17.8143;14.53;1.75;1.22;Com;
IC3531;IC3531;Galaxie;188.7356;26.6266;16.55;0.43;0.39;Com;
IC3532;IC3532;Autre;188.7397;25.8806;;;;Com;
IC3533;IC3533;Galaxie;188.7553;25.7797;16.01;0.44;0.3;Com;
IC3534;IC3534;Galaxie;188.7172;14.9782;16.11;0.48;0.47;Com;
IC3535;IC3535;Autre;188.7954;25.732;;;;Com;
IC3536;IC3536;Galaxie;188.802;26.5334;16.13;0.87;0.19;Com;
IC3537;IC3537;Autre;188.8436;7.653;;;;Vir;
IC3538;IC3538;Autre;188.8148;26.2355;;;;Com;
IC3539;IC3539;Autre;188.8337;23.9831;;;;Com;
IC3540;IC3540;Galaxie;188.8635;12.7502;14.58;0.88;0.79;Vir;
IC3541;IC3541;Autre;188.8405;23.9752;;;;Com;
IC3542;IC3542;Galaxie;188.9216;11.6672;15.65;0.66;0.43;Vir;
IC3544;IC3544;Autre;188.9475;14.3006;;;;Com;
IC3547;IC3547;Autre;188.9537;26.3291;;;;Com;
IC3548;IC3548;Galaxie;188.986;10.9363;16.1;0.74;0.48;Vir;
IC3549;IC3549;Autre;188.9619;26.3952;;;;Com;
IC3551;IC3551;Nebuleuse;188.9738;27.9642;;;;Com;
IC3552;IC3552;Nebuleuse;188.9746;27.9939;;;;Com;
IC3553;IC3553;Autre;188.983;26.1931;;;;Com;
IC3554;IC3554;Autre;188.98;27.9273;;;;Com;
IC3555;IC3555;Nebuleuse;188.9831;27.9889;;;;Com;
IC3556;IC3556;Galaxie;188.9936;26.9661;15.54;0.56;0.34;Com;
IC3557;IC3557;Galaxie;189.034;16.6409;;0.4;0.4;Com;
IC3557 NED01;IC3557 NED01;Galaxie;189.0339;16.6415;15.97;0.95;0.9;Com;
IC3557 NED02;IC3557 NED02;Galaxie;189.0352;16.6406;17.56;0.1;0.1;Com;
IC3558;IC3558;Galaxie;189.0117;11.8498;17.39;0.33;0.3;Vir;
IC3559;IC3559;Galaxie;189.014;26.9874;16.46;0.5;0.18;Com;
IC3560;IC3560;Galaxie;189.0163;27.0782;16.38;0.78;0.64;Com;
IC3561;IC3561;Galaxie;189.02;26.8996;15.7;0.6;0.19;Com;
IC3562;IC3562;Galaxie;189.044;9.9226;16.19;0.93;0.36;Vir;
IC3563;IC3563;Nebuleuse;189.0301;27.9274;;;;Com;
IC3564;IC3564;Amas ouvert;189.0337;27.9284;;;;Com;
IC3565;IC3565;Galaxie;189.0511;26.7561;16.96;0.31;0.23;Com;
IC3566;IC3566;Autre;189.0905;11.1649;;;;Vir;
IC3567;IC3567;Galaxie;189.0947;13.6029;15.16;0.67;0.52;Com;
IC3568;IC3568;Nebuleuse;188.2783;82.5639;10.6;0.38;0.38;Cam;
IC3570;IC3570;Autre;189.0762;24.0785;;;;Com;
IC3571;IC3571;Galaxie;189.0833;26.0838;17.52;0.6;0.51;Com;
IC3572;IC3572;Autre;189.1164;11.6185;;;;Vir;
IC3573;IC3573;Galaxie;189.1134;11.7591;16.65;0.46;0.32;Vir;
IC3574;IC3574;Galaxie;189.116;12.4052;15.34;0.73;0.58;Vir;
IC3575;IC3575;Galaxie;189.1349;13.7484;16.26;0.66;0.47;Com;
IC3576;IC3576;Galaxie;189.157;6.6209;14.97;2.3;2.17;Vir;
IC3577;IC3577;Autre;189.1511;11.8971;;;;Vir;
IC3578;IC3578;Galaxie;189.1642;11.1019;15.24;0.85;0.35;Vir;
IC3579;IC3579;Autre;189.1364;26.1041;;;;Com;
IC3580;IC3580;Galaxie;189.1218;18.3005;15.67;0.86;0.76;Com;
IC3581;IC3581;Galaxie;189.1588;24.429;14.06;0.79;0.48;Com;
IC3582;IC3582;Galaxie;189.1538;26.2347;16.66;0.29;0.25;Com;
IC3583;IC3583;Galaxie;189.1812;13.2593;13;1.05;0.52;Vir;
IC3584;IC3584;Autre;189.1879;12.2331;;;;Vir;
IC3585;IC3585;Galaxie;189.1662;26.8299;15.01;0.82;0.67;Com;
IC3586;IC3586;Galaxie;189.2285;12.5201;14.52;1.16;1;Vir;
IC3587;IC3587;Galaxie;189.2014;27.5485;15.87;1.43;0.21;Com;
IC3589;IC3589;Autre;189.255;6.937;15.6;;;Vir;
IC3590;IC3590;Galaxie;189.2113;27.2781;15.62;0.91;0.24;Com;
IC3591;IC3591;Galaxie;189.2627;6.9266;14.4;0.79;0.49;Vir;
IC3594;IC3594;Autre;189.235;26.1155;;;;Com;
IC3595;IC3595;Galaxie;189.2767;23.7869;16.8;0.39;0.27;Com;
IC3596;IC3596;Autre;189.3288;26.5209;;;;Com;
IC3597;IC3597;Galaxie;189.3527;23.8641;16.65;0.82;0.62;Com;
IC3598;IC3598;Galaxie;189.3378;28.2082;15.01;1.41;0.4;Com;
IC3599;IC3599;Galaxie;189.4217;26.7077;15.6;0.51;0.3;Com;
IC3600;IC3600;Galaxie;189.4215;27.1296;15.67;0.67;0.61;Com;
IC3601;IC3601;Galaxie;189.4735;15.2247;15.73;0.79;0.52;Com;
IC3602;IC3602;Galaxie;189.5762;10.0728;16.35;0.82;0.28;Vir;
IC3603;IC3603;Galaxie;189.5673;15.5698;16.12;0.36;0.24;Com;
IC3604;IC3604;Galaxie;189.5863;11.7307;15.98;0.52;0.36;Vir;
IC3605;IC3605;Galaxie;189.5873;19.5413;15.79;0.7;0.45;Com;
IC3606;IC3606;Galaxie;189.6045;12.6106;16.49;0.61;0.49;Vir;
IC3607;IC3607;Galaxie;189.634;10.3765;16.58;0.42;0.25;Vir;
IC3608;IC3608;Galaxie;189.6555;10.4759;14.71;3.35;0.45;Vir;
IC3609;IC3609;Galaxie;189.6447;14.3524;14.96;0.38;0.26;Com;
IC3610;IC3610;Galaxie;189.6964;26.8729;17.43;0.32;0.18;Com;
IC3611;IC3611;Galaxie;189.7673;13.3635;14.29;1.37;0.7;Com;
IC3612;IC3612;Galaxie;189.7696;14.7311;15.03;1.05;0.63;Com;
IC3613;IC3613;Galaxie;189.77;13.759;17.03;0.49;0.28;Com;
IC3614;IC3614;Galaxie;189.7545;26.3028;17.73;0.3;0.22;Com;
IC3615;IC3615;Galaxie;189.7567;18.2007;15.2;1.06;0.31;Com;
IC3617;IC3617;Galaxie;189.8542;7.9658;14.27;0.74;0.31;Vir;
IC3618;IC3618;Galaxie;189.8214;26.6778;15.58;0.5;0.48;Com;
IC3619;IC3619;Autre;189.8283;24.1424;;;;Com;
IC3620;IC3620;Galaxie;189.8251;27.9086;15.62;0.76;0.22;Com;
IC3621;IC3621;Galaxie;189.8899;15.5026;15.65;1.01;0.75;Com;
IC3622;IC3622;Galaxie;189.8853;15.4321;16.03;0.3;0.25;Com;
IC3623;IC3623;Galaxie;189.8651;27.1023;15.16;0.8;0.58;Com;
IC3624;IC3624;Galaxie;189.8937;11.9822;16.52;0.49;0.4;Vir;
IC3625;IC3625;Galaxie;189.8882;10.9677;15.43;0.43;0.41;Vir;
IC3626;IC3626;Galaxie;189.8818;25.6774;15.87;0.54;0.32;Com;
IC3627;IC3627;Galaxie;189.8833;27.4973;16.37;0.44;0.25;Com;
IC3628;IC3628;Autre;189.9117;26.2389;;;;Com;
IC3629;IC3629;Galaxie;189.9444;13.5333;15.26;0.98;0.47;Com;
IC3630;IC3630;Autre;189.9442;25.4325;;;;Com;
IC3631;IC3631;Galaxie;189.95;12.974;14.22;1.06;0.72;Vir;
IC3632;IC3632;Galaxie;190;26.6822;16.75;0.4;0.3;Com;
IC3633;IC3633;Galaxie;190.0469;9.8961;15.76;0.58;0.44;Vir;
IC3634;IC3634;Galaxie;190.0473;9.8478;15.75;0.93;0.72;Vir;
IC3635;IC3635;Galaxie;190.0557;12.8748;14.65;0.85;0.65;Vir;
IC3636;IC3636;Autre;190.0647;22.0746;;;;Com;
IC3637;IC3637;Galaxie;190.0815;14.715;14.82;1.23;0.74;Com;
IC3638;IC3638;Galaxie;190.0692;10.5185;14.37;0.68;0.58;Vir;
IC3639;IC3639;Galaxie;190.2202;-36.7559;13.32;1.24;1.16;Cen;
IC3640;IC3640;Galaxie;190.105;26.5242;15.97;0.45;0.25;Com;
IC3641;IC3641;Galaxie;190.112;26.5216;17.9;0.66;0.14;Com;
IC3642;IC3642;Galaxie;190.1072;26.7312;16.41;0.37;0.34;Com;
IC3643;IC3643;Galaxie;190.1703;12.4066;16.61;0.53;0.34;Vir;
IC3644;IC3644;Galaxie;190.151;26.5046;16.23;0.91;0.23;Com;
IC3645;IC3645;Autre;190.1567;26.5414;;;;Com;
IC3646;IC3646;Galaxie;190.1604;26.5262;15.43;0.69;0.3;Com;
IC3647;IC3647;Galaxie;190.2213;10.4754;15.13;1.34;0.84;Vir;
IC3648;IC3648;Autre;190.2175;12.985;;;;Vir;
IC3649;IC3649;Galaxie;190.207;21.1048;16.93;0.3;0.26;Com;
IC3650;IC3650;Autre;190.2021;26.4727;;;;Com;
IC3651;IC3651;Galaxie;190.2205;26.7281;14.51;1.05;1.04;Com;
IC3652;IC3652;Galaxie;190.244;11.1845;14.31;0.99;0.92;Vir;
IC3653;IC3653;Galaxie;190.3155;11.3872;13.71;0.62;0.48;Vir;
IC3654;IC3654;Galaxie;190.3021;22.5894;16.99;0.39;0.3;Com;
IC3655;IC3655;Galaxie;190.3102;20.6662;16.75;0.3;0.23;Com;
IC3656;IC3656;Galaxie;190.308;22.595;16.88;0.41;0.21;Com;
IC3657;IC3657;Galaxie;190.3293;21.6725;17.82;0.23;0.19;Com;
IC3658;IC3658;Galaxie;190.336;14.7006;15.23;1.34;0.7;Com;
IC3659;IC3659;Galaxie;190.3651;22.9308;16.09;0.47;0.25;Com;
IC3660;IC3660;Autre;190.4035;21.0934;;;;Com;
IC3661;IC3661;Galaxie;190.3989;22.4949;17.25;0.55;0.14;Com;
IC3662;IC3662;Galaxie;190.4011;23.4252;15.05;0.63;0.47;Com;
IC3663;IC3663;Galaxie;190.4142;12.2474;15.47;0.95;0.56;Vir;
IC3664;IC3664;Autre;190.4231;19.9441;;;;Com;
IC3665;IC3665;Galaxie;190.4446;11.4882;15.09;0.82;0.58;Vir;
IC3666;IC3666;Autre;190.4724;7.845;;;;Vir;
IC3668;IC3668;Autre;190.387;41.1242;13.13;0.79;0.44;CVn;
IC3669;IC3669;Autre;190.3996;41.1366;19.07;0.02;0.02;CVn;
IC3670;IC3670;Galaxie;190.4792;11.7742;15.86;0.37;0.3;Vir;
IC3671;IC3671;Galaxie;190.4641;23.5107;15.39;0.58;0.56;Com;
IC3673;IC3673;Autre;190.518;21.1383;;;;Com;
IC3674;IC3674;Autre;190.5213;22.5108;;;;Com;
IC3676;IC3676;Autre;190.5512;13.5598;;;;Com;
IC3677;IC3677;Galaxie;190.5493;20.8849;16.78;0.36;0.28;Com;
IC3678;IC3678;Galaxie;190.5524;20.8805;16.86;0.32;0.22;Com;
IC3679;IC3679;Autre;190.5468;22.8183;;;;Com;
IC3680;IC3680;Autre;190.5038;39.1043;;;;CVn;
IC3681;IC3681;Autre;190.5073;39.0834;;;;CVn;
IC3682;IC3682;Autre;190.5812;20.8644;;;;Com;
IC3683;IC3683;Galaxie;190.586;20.8713;16.54;0.36;0.29;Com;
IC3684;IC3684;Galaxie;190.6105;11.7403;15.99;0.91;0.31;Vir;
IC3685;IC3685;Autre;190.6343;6.8709;;;;Vir;
IC3686;IC3686;Galaxie;190.65;10.5653;15.1;0.84;0.34;Vir;
IC3687;IC3687;Galaxie;190.5629;38.5033;13.35;3.34;3.08;CVn;
IC3689;IC3689;Galaxie;190.654;20.8505;16.26;0.62;0.47;Com;
IC3690;IC3690;Galaxie;190.705;10.3575;15.03;0.86;0.36;Vir;
IC3691;IC3691;Galaxie;190.7064;22.7722;16.47;0.38;0.28;Com;
IC3692;IC3692;Galaxie;190.725;20.9898;14.73;0.82;0.62;Com;
IC3693;IC3693;Galaxie;190.7417;10.6818;15.67;0.66;0.46;Vir;
IC3694;IC3694;Galaxie;190.7803;11.212;14.92;0.53;0.38;Vir;
IC3695;IC3695;Autre;190.7783;22.7419;;;;Com;
IC3696;IC3696;Galaxie;190.7902;19.928;17.59;0.39;0.22;Com;
IC3697;IC3697;Galaxie;190.7452;39.8457;15.88;0.77;0.66;CVn;
IC3698;IC3698;Galaxie;190.8221;11.2115;15;0.49;0.41;Vir;
IC3699;IC3699;Autre;190.8214;19.0002;;;;Com;
IC3700;IC3700;Autre;190.8333;19.2659;;;;Com;
IC3701;IC3701;Galaxie;190.8788;11.0471;16.59;0.45;0.34;Vir;
IC3702;IC3702;Galaxie;190.8682;10.8739;15.04;0.49;0.34;Vir;
IC3703;IC3703;Autre;190.8417;37.9745;;;;CVn;
IC3704;IC3704;Galaxie;190.94;10.7701;14.72;1.28;0.36;Vir;
IC3705;IC3705;Galaxie;190.923;19.3253;;0.7;0.7;Com;
IC3705 NED01;IC3705 NED01;Galaxie;190.923;19.327;17.33;0.37;0.34;Com;
IC3705 NED02;IC3705 NED02;Galaxie;190.923;19.3231;17.62;0.38;0.18;Com;
IC3706;IC3706;Autre;190.95;9.2311;;;;Vir;
IC3707;IC3707;Autre;190.8695;37.9827;;;;CVn;
IC3708;IC3708;Autre;190.969;13.1375;;;;Vir;
IC3709;IC3709;Galaxie;191.0168;9.0633;14.96;0.67;0.58;Vir;
IC3710;IC3710;Galaxie;191.0394;12.1165;15.74;1.17;0.85;Vir;
IC3711;IC3711;Galaxie;191.039;11.1766;15.65;0.81;0.6;Vir;
IC3712;IC3712;Autre;191.0694;10.3746;;;;Vir;
IC3713;IC3713;Galaxie;191.0132;41.1689;15.07;0.7;0.52;CVn;
IC3714;IC3714;Galaxie;191.0962;10.1888;15.22;0.71;0.43;Vir;
IC3715;IC3715;Galaxie;191.0892;20.0243;16.54;0.56;0.53;Com;
IC3716;IC3716;Autre;191.1881;8.1022;;;;Vir;
IC3717;IC3717;Galaxie;191.0957;39.5223;15.97;0.8;0.22;CVn;
IC3718;IC3718;Galaxie;191.1916;12.3514;13.96;2.24;0.72;Vir;
IC3719;IC3719;Galaxie;191.1979;8.1069;16.03;0.49;0.33;Vir;
IC3720;IC3720;Galaxie;191.1978;12.0643;14.98;2.34;1.36;Vir;
IC3721;IC3721;Galaxie;191.2213;18.7553;13.73;0.96;0.37;Com;
IC3722;IC3722;Autre;191.2112;11.7786;;;;Vir;
IC3723;IC3723;Galaxie;191.1273;40.7369;15.68;0.33;0.22;CVn;
IC3724;IC3724;Galaxie;191.224;10.2824;15.27;0.63;0.45;Vir;
IC3726;IC3726;Galaxie;191.1775;40.679;15.39;1.33;0.29;CVn;
IC3727;IC3727;Galaxie;191.2736;10.9009;14.71;1.23;1.07;Vir;
IC3728;IC3728;Galaxie;191.263;20.9741;16.61;0.37;0.33;Com;
IC3729;IC3729;Galaxie;191.2213;39.3512;16.32;0.34;0.26;CVn;
IC3730;IC3730;Galaxie;191.2773;21.1696;14.57;0.55;0.53;Com;
IC3731;IC3731;Galaxie;191.2719;12.4464;16.05;0.55;0.45;Vir;
IC3732;IC3732;Galaxie;191.2998;10.3244;16.35;0.49;0.36;Vir;
IC3733;IC3733;Autre;191.3197;6.9569;;;;Vir;
IC3734;IC3734;Galaxie;191.2887;23.0391;17.74;0.41;0.22;Com;
IC3735;IC3735;Galaxie;191.3351;13.6927;13.94;1.18;0.87;Com;
IC3736;IC3736;Galaxie;191.329;21.5358;15.77;0.48;0.38;Com;
IC3737;IC3737;Autre;191.3328;21.9582;;;;Com;
IC3738;IC3738;Galaxie;191.3572;19.2309;19.08;0.25;0.12;Com;
IC3739;IC3739;Autre;191.3845;12.9974;;;;Vir;
IC3740;IC3740;Galaxie;191.3776;20.8159;15.57;0.64;0.29;Com;
IC3741;IC3741;Autre;191.3887;19.2041;;;;Com;
IC3742;IC3742;Galaxie;191.3834;13.3326;14.13;1.02;0.32;Com;
IC3743;IC3743;Autre;191.4221;11.1021;;;;Vir;
IC3744;IC3744;Galaxie;191.4228;19.5003;16.29;0.7;0.47;Com;
IC3745;IC3745;Galaxie;191.4369;19.1773;14.93;1.04;0.91;Com;
IC3746;IC3746;Galaxie;191.383;37.8236;16.1;0.54;0.44;CVn;
IC3747;IC3747;Autre;191.3934;37.9685;;;;CVn;
IC3748;IC3748;Autre;191.4622;19.4303;;;;Com;
IC3749;IC3749;Autre;191.4641;19.5356;;;;Com;
IC3750;IC3750;Autre;191.4878;19.1039;;;;Com;
IC3751;IC3751;Galaxie;191.4379;37.8231;16.6;0.2;0.17;CVn;
IC3752;IC3752;Autre;191.517;19.0114;;;;Com;
IC3753;IC3753;Autre;191.5182;19.1212;;;;Com;
IC3754;IC3754;Galaxie;191.5648;8.3484;14.54;1.32;0.57;Vir;
IC3755;IC3755;Autre;191.5392;19.1572;;;;Com;
IC3756;IC3756;Galaxie;191.5421;11.9146;16.86;0.38;0.3;Vir;
IC3757;IC3757;Autre;191.4991;38.5153;;;;CVn;
IC3758;IC3758;Galaxie;191.4986;40.7749;15.17;0.58;0.54;CVn;
IC3759;IC3759;Galaxie;191.574;20.783;16.31;0.62;0.18;Com;
IC3760;IC3760;Galaxie;191.5761;11.8736;16.52;0.43;0.33;Vir;
IC3761;IC3761;Galaxie;191.6139;20.2891;17.43;0.32;0.17;Com;
IC3762;IC3762;Galaxie;191.6567;22.2464;17.8;0.38;0.21;Com;
IC3763;IC3763;Galaxie;191.6918;21.9851;16.66;0.4;0.35;Com;
IC3765;IC3765;Autre;191.6465;38.5739;;;;CVn;
IC3766;IC3766;Galaxie;191.723;19.1106;16.99;0.41;0.35;Com;
IC3767;IC3767;Galaxie;191.7312;10.1824;16.07;1.07;0.34;Vir;
IC3768;IC3768;Autre;191.6696;40.5977;;;;CVn;
IC3769;IC3769;Autre;191.7003;40.4702;;;;CVn;
IC3770;IC3770;Autre;191.8154;9.1991;;;;Vir;
IC3771;IC3771;Galaxie;191.7195;39.1731;16.77;0.33;0.26;CVn;
IC3772;IC3772;Galaxie;191.7337;36.5309;15.59;0.83;0.52;CVn;
IC3773;IC3773;Galaxie;191.8137;10.2036;14.06;1.93;0.73;Vir;
IC3774;IC3774;Galaxie;191.7545;36.2883;15.71;0.97;0.42;CVn;
IC3775;IC3775;Galaxie;191.8171;11.7602;16.2;0.81;0.34;Vir;
IC3776;IC3776;Galaxie;191.8009;22.4846;16.5;0.5;0.21;Com;
IC3777;IC3777;Autre;191.8556;9.1435;;;;Vir;
IC3778;IC3778;Galaxie;191.7582;40.5964;15.25;0.55;0.35;CVn;
IC3779;IC3779;Galaxie;191.836;12.1664;14.82;0.9;0.53;Vir;
IC3780;IC3780;Autre;191.7837;40.236;;;;CVn;
IC3781;IC3781;Autre;191.8524;22.5698;;;;Com;
IC3782;IC3782;Autre;191.8153;40.3678;;;;CVn;
IC3783;IC3783;Galaxie;191.866;40.5666;15.47;0.66;0.52;CVn;
IC3784;IC3784;Galaxie;191.9613;19.3841;16.77;0.56;0.32;Com;
IC3785;IC3785;Galaxie;191.9674;19.2752;17.46;0.18;0.16;Com;
IC3786;IC3786;Galaxie;191.9037;39.046;16.67;0.34;0.26;CVn;
IC3787;IC3787;Autre;191.9244;40.6238;;;;CVn;
IC3788;IC3788;Galaxie;192.0302;18.8689;15.95;0.66;0.66;Com;
IC3789;IC3789;Galaxie;192.0296;20.194;16.1;0.48;0.4;Com;
IC3790;IC3790;Autre;192.061;11.1076;;;;Vir;
IC3792;IC3792;Autre;192.059;11.0863;;;;Vir;
IC3793;IC3793;Galaxie;192.0495;19.1517;17.35;0.43;0.23;Com;
IC3794;IC3794;Autre;192.0896;19.1703;;;;Com;
IC3795;IC3795;Galaxie;192.0213;40.7196;15.58;0.9;0.24;CVn;
IC3796;IC3796;Autre;192.1125;20.0377;;;;Com;
IC3797;IC3797;Autre;192.1455;11.5978;;;;Vir;
IC3798;IC3798;Autre;192.1788;9.241;;;;Vir;
IC3799;IC3799;Galaxie;192.2485;-14.3992;14.5;2.77;0.38;Crv;
IC3800;IC3800;Galaxie;192.1101;36.5759;;0.6;0.6;CVn;
IC3800 NED01;IC3800 NED01;Galaxie;192.1101;36.5759;18.31;0.32;0.21;CVn;
IC3800 NED02;IC3800 NED02;Galaxie;192.1135;36.5754;16.55;0.54;0.36;CVn;
IC3801;IC3801;Autre;192.2527;10.956;;;;Vir;
IC3802;IC3802;Autre;192.1775;38.2464;;;;CVn;
IC3803;IC3803;Autre;192.2683;10.6318;;;;Vir;
IC3805;IC3805;Autre;192.1776;38.2531;;;;CVn;
IC3806;IC3806;Galaxie;192.2307;14.9079;14.2;1.29;0.44;Com;
IC3807;IC3807;Autre;192.3742;-4.4023;;;;Vir;
IC3808;IC3808;Galaxie;192.2448;40.5959;17.19;0.95;0.42;CVn;
IC3809;IC3809;Galaxie;192.2688;36.4891;16.29;0.64;0.38;CVn;
IC3810;IC3810;Autre;192.2632;40.6466;;;;CVn;
IC3811;IC3811;Autre;192.3565;21.4621;;;;Com;
IC3812;IC3812;Galaxie;192.4742;-6.7174;14.85;1.13;0.41;Vir;
IC3813;IC3813;Galaxie;192.5097;-25.9207;13.79;1.32;0.96;Hya;
IC3814;IC3814;Galaxie;192.385;20.0505;16.52;0.59;0.38;Com;
IC3815;IC3815;Galaxie;192.4105;19.275;16.69;0.55;0.36;Com;
IC3816;IC3816;Galaxie;192.3686;37.2303;15.66;0.81;0.76;CVn;
IC3817;IC3817;Galaxie;192.4311;22.8314;17.29;0.26;0.18;Com;
IC3818;IC3818;Galaxie;192.4447;21.7522;16.92;0.41;0.19;Com;
IC3819;IC3819;Galaxie;192.5682;-14.3808;16.36;0.56;0.45;Crv;
IC3820;IC3820;Galaxie;192.4123;37.1172;16.99;0.46;0.43;CVn;
IC3821;IC3821;Autre;192.4898;20.969;;;;Com;
IC3822;IC3822;Galaxie;192.5947;-14.3219;15.34;1.43;0.31;Crv;
IC3823;IC3823;Autre;192.4333;40.8834;16.7;;;CVn;
IC3824;IC3824;Galaxie;192.6273;-14.4259;15.31;1.13;0.71;Crv;
IC3825;IC3825;Galaxie;192.6544;-14.4828;15.77;0.6;0.38;Crv;
IC3826;IC3826;Galaxie;192.6663;-9.0311;14.26;1.84;0.65;Vir;
IC3827;IC3827;Galaxie;192.7172;-14.4919;14.05;1.13;0.83;Crv;
IC3828;IC3828;Galaxie;192.5863;37.9489;16.06;0.68;0.34;CVn;
IC3829;IC3829;Galaxie;193.0554;-29.8407;11.7;3.41;1.04;Hya;
IC3830;IC3830;Autre;192.714;19.8367;;;;Com;
IC3831;IC3831;Galaxie;192.8275;-14.5736;14.22;1.5;1.11;Crv;
IC3832;IC3832;Galaxie;192.705;39.8105;16.17;0.46;0.39;CVn;
IC3834;IC3834;Galaxie;192.885;-14.2214;14.2;0.95;0.55;Crv;
IC3835;IC3835;Galaxie;192.7327;40.1867;16.17;0.5;0.25;CVn;
IC3836;IC3836;Galaxie;192.7655;40.1842;16.47;0.49;0.22;CVn;
IC3837;IC3837;Galaxie;192.8875;19.7231;17.02;0.56;0.32;Com;
IC3839;IC3839;Autre;192.9427;20.421;;;;Com;
IC3840;IC3840;Galaxie;192.9421;21.7352;16.02;0.78;0.78;Com;
IC3841;IC3841;Autre;192.9604;22.3445;;;;Com;
IC3842;IC3842;Galaxie;192.8995;40.3714;16.09;0.34;0.3;CVn;
IC3843;IC3843;Galaxie;192.9133;39.0013;16.54;0.49;0.25;CVn;
IC3844;IC3844;Galaxie;193.0271;39.8183;16.34;0.39;0.3;CVn;
IC3845;IC3845;Autre;193.0361;38.619;;;;CVn;
IC3846;IC3846;Autre;193.1634;13.6472;;;;Com;
IC3847;IC3847;Galaxie;193.1406;22.0647;17.31;0.3;0.25;Com;
IC3848;IC3848;Galaxie;193.1675;21.4161;;0.6;0.6;Com;
IC3848 NED01;IC3848 NED01;Galaxie;193.1667;21.4167;17.56;0.55;0.28;Com;
IC3848 NED02;IC3848 NED02;Galaxie;193.1691;21.4146;16.57;0.67;0.38;Com;
IC3849;IC3849;Autre;193.1535;40.7722;;;;CVn;
IC3850;IC3850;Galaxie;193.1647;40.1031;15.29;0.72;0.48;CVn;
IC3851;IC3851;Autre;193.2697;21.9092;;;;Com;
IC3852;IC3852;Galaxie;193.2637;35.7734;16;1.1;0.43;CVn;
IC3853;IC3853;Galaxie;193.2929;38.8293;17.29;0.36;0.28;CVn;
IC3854;IC3854;Galaxie;193.3106;40.8482;16.59;0.37;0.24;CVn;
IC3855;IC3855;Galaxie;193.3445;36.786;16.39;0.85;0.35;CVn;
IC3856;IC3856;Galaxie;193.4413;20.0921;16.6;0.67;0.2;Com;
IC3857;IC3857;Galaxie;193.4836;19.6071;17.51;0.42;0.34;Com;
IC3858;IC3858;Autre;193.4814;20.789;;;;Com;
IC3859;IC3859;Galaxie;193.5828;-9.1177;14.84;1.12;0.32;Vir;
IC3860;IC3860;Galaxie;193.528;19.3007;17.66;0.36;0.32;Com;
IC3861;IC3861;Galaxie;193.4618;38.2818;16.54;0.44;0.34;CVn;
IC3862;IC3862;Galaxie;193.4707;36.0869;16.45;0.87;0.42;CVn;
IC3863;IC3863;Galaxie;193.4743;38.4804;16.02;0.71;0.28;CVn;
IC3864;IC3864;Galaxie;193.5514;18.9513;18.57;0.23;0.16;Com;
IC3865;IC3865;Galaxie;193.559;18.8689;16.49;0.48;0.35;Com;
IC3866;IC3866;Galaxie;193.5634;22.3618;;0.6;0.6;Com;
IC3866 NED01;IC3866 NED01;Galaxie;193.5624;22.3596;17.66;0.33;0.22;Com;
IC3866 NED02;IC3866 NED02;Galaxie;193.5646;22.3643;16.95;0.34;0.26;Com;
IC3867;IC3867;Galaxie;193.5816;18.9418;16.57;0.67;0.42;Com;
IC3868;IC3868;Galaxie;193.5875;18.9903;17.32;0.41;0.25;Com;
IC3869;IC3869;Galaxie;193.5886;18.9714;17.01;0.59;0.25;Com;
IC3870;IC3870;Galaxie;193.5899;22.3817;17.15;0.3;0.27;Com;
IC3871;IC3871;Galaxie;193.607;18.9291;16.51;0.52;0.43;Com;
IC3872;IC3872;Galaxie;193.6273;18.9632;16.54;0.23;0.18;Com;
IC3873;IC3873;Galaxie;193.6317;18.8827;16.76;0.43;0.42;Com;
IC3874;IC3874;Galaxie;193.6434;18.957;16.81;0.45;0.38;Com;
IC3875;IC3875;Galaxie;193.6549;22.0364;16.74;0.35;0.27;Com;
IC3876;IC3876;Galaxie;193.7014;19.0153;17.79;0.4;0.23;Com;
IC3877;IC3877;Galaxie;193.7028;19.1783;13.93;3.07;0.73;Com;
IC3878;IC3878;Autre;193.6232;40.0697;;;;CVn;
IC3879;IC3879;Galaxie;193.6328;38.6286;16.03;0.64;0.42;CVn;
IC3880;IC3880;Galaxie;193.7;22.5022;17.03;0.42;0.25;Com;
IC3881;IC3881;Galaxie;193.7248;19.1181;17.35;0.4;0.31;Com;
IC3882;IC3882;Galaxie;193.7238;22.5756;16.72;0.53;0.28;Com;
IC3883;IC3883;Galaxie;193.8063;-8.1197;14.18;1.09;0.54;Vir;
IC3884;IC3884;Galaxie;193.7405;19.6813;16.36;0.85;0.62;Com;
IC3885;IC3885;Galaxie;193.678;37.1547;16.75;0.48;0.39;CVn;
IC3886;IC3886;Galaxie;193.7512;19.0117;17.75;0.4;0.34;Com;
IC3887;IC3887;Autre;193.6824;40.3046;;;;CVn;
IC3888;IC3888;Galaxie;193.6932;39.5713;15.24;0.9;0.35;CVn;
IC3889;IC3889;Autre;193.7121;36.0168;;;;CVn;
IC3890;IC3890;Galaxie;193.7094;37.1853;17.32;0.44;0.34;CVn;
IC3891;IC3891;Galaxie;193.7427;36.0527;16.86;0.46;0.34;CVn;
IC3892;IC3892;Galaxie;193.7752;39.2219;15.39;1.22;0.55;CVn;
IC3893;IC3893;Galaxie;193.781;38.6239;16.91;0.58;0.18;CVn;
IC3894;IC3894;Autre;193.865;19.0691;;;;Com;
IC3895;IC3895;Galaxie;193.7885;39.2033;15.79;0.71;0.69;CVn;
IC3896;IC3896;Galaxie;194.1801;-50.3469;11.31;3.05;2.12;Cen;
IC3897;IC3897;Galaxie;193.8296;39.6726;16.57;0.15;0.08;CVn;
IC3898;IC3898;Galaxie;193.8493;37.5829;17.23;0.31;0.25;CVn;
IC3899;IC3899;Galaxie;193.9194;20.6364;17.06;0.43;0.23;Com;
IC3900;IC3900;Galaxie;193.9221;27.2508;14.82;0.96;0.59;Com;
IC3901;IC3901;Autre;193.9604;21.939;;;;Com;
IC3902;IC3902;Autre;193.9108;35.9958;;;;CVn;
IC3903;IC3903;Autre;193.9114;40.3997;;;;CVn;
IC3904;IC3904;Galaxie;193.94;36.2934;15.71;0.62;0.37;CVn;
IC3905;IC3905;Galaxie;194.0358;19.8521;;0.9;0.9;Com;
IC3905 NED01;IC3905 NED01;Galaxie;194.0333;19.8559;19.11;0.22;0.11;Com;
IC3905 NED02;IC3905 NED02;Galaxie;194.0357;19.8532;16.98;0.48;0.32;Com;
IC3905 NED03;IC3905 NED03;Galaxie;194.0386;19.8467;;0.15;0.07;Com;
IC3906;IC3906;Autre;193.9627;40.4639;;;;CVn;
IC3907;IC3907;Galaxie;194.0758;18.784;17.51;0.46;0.2;Com;
IC3908;IC3908;Galaxie;194.1693;-7.5628;13.33;2.43;0.79;Vir;
IC3909;IC3909;Galaxie;194.0118;40.3854;16.64;0.37;0.28;CVn;
IC3910;IC3910;Autre;194.0189;39.7199;;;;CVn;
IC3911;IC3911;Galaxie;194.0393;35.6382;;0.5;0.5;CVn;
IC3911 NED01;IC3911 NED01;Galaxie;194.0384;35.6367;16.25;0.56;0.38;CVn;
IC3911 NED02;IC3911 NED02;Galaxie;194.04;35.6397;18.43;0.5;0.24;CVn;
IC3912;IC3912;Autre;194.0314;39.9107;;;;CVn;
IC3913;IC3913;Galaxie;194.119;27.2913;15.56;0.66;0.45;Com;
IC3914;IC3914;Galaxie;194.0949;36.3609;17.29;0.36;0.25;CVn;
IC3915;IC3915;Autre;194.1626;20.2917;;;;Com;
IC3916;IC3916;Galaxie;194.1299;38.6134;15.36;0.89;0.6;CVn;
IC3917;IC3917;Autre;194.2151;22.0061;;;;Com;
IC3918;IC3918;Galaxie;194.2231;22.3736;15.62;0.55;0.4;Com;
IC3919;IC3919;Galaxie;194.203;38.5888;15.87;0.59;0.43;CVn;
IC3920;IC3920;Galaxie;194.2085;39.9587;15.82;0.68;0.21;CVn;
IC3921;IC3921;Galaxie;194.236;38.6395;16.12;0.52;0.25;CVn;
IC3922;IC3922;Galaxie;194.2396;38.4783;16.12;0.72;0.23;CVn;
IC3923;IC3923;Autre;194.2547;37.9557;;;;CVn;
IC3924;IC3924;Galaxie;194.3537;18.7815;18.11;0.42;0.29;Com;
IC3925;IC3925;Autre;194.313;36.422;;;;CVn;
IC3926;IC3926;Autre;194.3767;22.8119;;;;Com;
IC3927;IC3927;Galaxie;194.5433;-22.876;13.73;1.29;1.05;Hya;
IC3928;IC3928;Galaxie;194.3262;40.4416;17;0.33;0.26;CVn;
IC3929;IC3929;Galaxie;194.4212;20.3969;17.08;0.38;0.28;Com;
IC3930;IC3930;Galaxie;194.3433;38.7649;16.23;0.57;0.29;CVn;
IC3931;IC3931;Galaxie;194.4883;19.6176;16.08;0.73;0.39;Com;
IC3932;IC3932;Autre;194.5221;19.5834;;;;Com;
IC3933;IC3933;Autre;194.4883;36.6451;;;;CVn;
IC3934;IC3934;Galaxie;194.5732;18.8254;16.47;0.51;0.48;Com;
IC3936;IC3936;Autre;194.583;19.0583;;;;Com;
IC3937;IC3937;Galaxie;194.6031;18.8187;16.63;0.54;0.4;Com;
IC3938;IC3938;Autre;194.6057;18.7526;;;;Com;
IC3939;IC3939;Autre;194.6168;18.7519;;;;Com;
IC3940;IC3940;Galaxie;194.5686;35.8389;15.66;0.64;0.33;CVn;
IC3941;IC3941;Galaxie;194.558;39.7728;16.41;0.65;0.49;CVn;
IC3942;IC3942;Autre;194.5829;36.1088;;;;CVn;
IC3943;IC3943;Galaxie;194.6515;28.1138;14.13;0.92;0.33;Com;
IC3944;IC3944;Galaxie;194.6865;23.7811;16.1;0.56;0.34;Com;
IC3945;IC3945;Galaxie;194.6235;39.9359;16.07;0.49;0.19;CVn;
IC3946;IC3946;Galaxie;194.703;27.8104;13.99;0.86;0.44;Com;
IC3947;IC3947;Galaxie;194.7171;27.7851;14.61;0.66;0.49;Com;
IC3948;IC3948;Galaxie;194.7423;24.0614;17.57;0.33;0.29;Com;
IC3949;IC3949;Galaxie;194.7334;27.8334;14.24;1.01;0.16;Com;
IC3950;IC3950;Galaxie;194.7755;18.7356;16.48;0.58;0.49;Com;
IC3951;IC3951;Galaxie;194.7925;18.7643;16.53;0.6;0.37;Com;
IC3952;IC3952;Galaxie;194.7173;38.8695;16.68;0.52;0.38;CVn;
IC3953;IC3953;Galaxie;194.788;23.0866;16.89;0.37;0.32;Com;
IC3954;IC3954;Galaxie;194.8027;19.2729;17.08;0.22;0.15;Com;
IC3955;IC3955;Galaxie;194.7751;27.9967;14.4;0.77;0.51;Com;
IC3956;IC3956;Galaxie;194.7349;37.3982;15.92;0.51;0.41;CVn;
IC3957;IC3957;Galaxie;194.7812;27.7678;14.72;0.56;0.54;Com;
IC3958;IC3958;Galaxie;194.7975;24.0223;16.71;0.53;0.4;Com;
IC3959;IC3959;Galaxie;194.7842;27.7841;14.03;0.7;0.7;Com;
IC3960;IC3960;Galaxie;194.7832;27.855;14.86;0.55;0.53;Com;
IC3962;IC3962;Autre;194.8124;23.668;;;;Com;
IC3963;IC3963;Galaxie;194.8062;27.7746;14.72;0.7;0.41;Com;
IC3964;IC3964;Autre;194.8072;27.8509;15.91;;;Com;
IC3965;IC3965;Galaxie;194.8445;18.8429;17.15;0.33;0.25;Com;
IC3966;IC3966;Galaxie;194.8047;35.8553;15.43;0.74;0.5;CVn;
IC3967;IC3967;Galaxie;194.8037;36.1293;15.58;0.76;0.49;CVn;
IC3968;IC3968;Galaxie;194.8562;27.9732;15.32;0.44;0.36;Com;
IC3969;IC3969;Galaxie;194.8871;19.652;;0.8;0.8;Com;
IC3969 NED01;IC3969 NED01;Galaxie;194.8863;19.6531;17.21;0.69;0.39;Com;
IC3969 NED02;IC3969 NED02;Galaxie;194.886;19.6476;18.58;0.3;0.2;Com;
IC3969 NED03;IC3969 NED03;Galaxie;194.8905;19.6547;19.48;0.23;0.12;Com;
IC3970;IC3970;Autre;194.7976;40.4019;;;;CVn;
IC3971;IC3971;Galaxie;194.8825;22.8448;16.68;0.38;0.33;Com;
IC3972;IC3972;Autre;194.8215;37.2791;;;;CVn;
IC3973;IC3973;Galaxie;194.8784;27.8842;14.36;0.76;0.44;Com;
IC3975;IC3975;Galaxie;194.8154;38.8828;15.13;0.87;0.51;CVn;
IC3976;IC3976;Galaxie;194.8725;27.8501;14.72;0.66;0.31;Com;
IC3977;IC3977;Autre;194.8319;36.7981;;;;CVn;
IC3978;IC3978;Galaxie;194.906;19.6222;18.62;0.21;0.19;Com;
IC3979;IC3979;Autre;194.8365;36.3243;;;;CVn;
IC3980;IC3980;Galaxie;194.8275;39.1512;16.82;0.36;0.31;CVn;
IC3981;IC3981;Autre;194.8394;37.2278;;;;CVn;
IC3982;IC3982;Autre;194.8275;40.0805;;;;CVn;
IC3983;IC3983;Autre;194.8355;39.2466;;;;CVn;
IC3984;IC3984;Galaxie;194.9177;19.6231;17.66;0.35;0.33;Com;
IC3985;IC3985;Galaxie;194.9298;19.5911;16.44;0.37;0.33;Com;
IC3986;IC3986;Galaxie;195.3839;-32.2911;13.35;1.85;1.38;Cen;
IC3987;IC3987;Galaxie;194.8543;38.7334;15.63;0.49;0.41;CVn;
IC3988;IC3988;Autre;194.8618;37.245;;;;CVn;
IC3989;IC3989;Autre;194.8697;36.7566;;;;CVn;
IC3990;IC3990;Galaxie;194.913;28.8955;14;0.87;0.29;Com;
IC3991;IC3991;Galaxie;194.9158;28.9266;14.36;0.91;0.41;Com;
IC3992;IC3992;Autre;194.8887;36.7718;;;;CVn;
IC3993;IC3993;Galaxie;194.877;40.6018;15.9;0.48;0.41;CVn;
IC3994;IC3994;Galaxie;194.9618;22.7167;17.22;0.3;0.23;Com;
IC3995;IC3995;Autre;194.8914;39.0398;;;;CVn;
IC3996;IC3996;Autre;194.8812;40.4676;;;;CVn;
IC3997;IC3997;Galaxie;194.9039;36.6957;16.88;0.38;0.31;CVn;
IC3998;IC3998;Galaxie;194.9449;27.9739;14.57;0.56;0.41;Com;
IC4000;IC4000;Galaxie;194.9026;39.5877;17.14;0.36;0.26;CVn;
IC4001;IC4001;Galaxie;194.908;38.8702;15.74;0.58;0.34;CVn;
IC4002;IC4002;Galaxie;194.9192;36.7635;17.14;0.43;0.23;CVn;
IC4003;IC4003;Galaxie;194.9139;38.8156;15.1;1.07;1.07;CVn;
IC4004;IC4004;Galaxie;194.9282;38.8113;15.41;0.87;0.81;CVn;
IC4005;IC4005;Autre;195.0106;22.6399;;;;Com;
IC4006;IC4006;Autre;194.953;37.0111;;;;CVn;
IC4007;IC4007;Galaxie;195.0291;19.9647;16.33;0.34;0.22;Com;
IC4008;IC4008;Autre;195.0239;22.3505;;;;Com;
IC4009;IC4009;Autre;194.97;36.6608;;;;CVn;
IC4010;IC4010;Galaxie;194.9752;37.8591;16.31;0.52;0.28;CVn;
IC4011;IC4011;Galaxie;195.0266;28.0041;15.1;0.4;0.38;Com;
IC4012;IC4012;Galaxie;195.0333;28.0786;14.93;0.51;0.42;Com;
IC4013;IC4013;Autre;194.991;37.1994;;;;CVn;
IC4014;IC4014;Galaxie;195.0579;22.4996;16.76;0.4;0.36;Com;
IC4017;IC4017;Galaxie;195.0663;22.5557;17.44;0.39;0.2;Com;
IC4018;IC4018;Galaxie;194.9893;40.4887;17.01;0.18;0.15;CVn;
IC4019;IC4019;Autre;195.0726;23.7208;;;;Com;
IC4020;IC4020;Galaxie;195.0142;38.6099;16.59;0.93;0.19;CVn;
IC4021;IC4021;Galaxie;195.0614;28.0413;14.69;0.4;0.38;Com;
IC4022;IC4022;Autre;195.0205;38.4789;;;;CVn;
IC4023;IC4023;Galaxie;195.1106;19.0973;16.6;0.62;0.35;Com;
IC4024;IC4024;Autre;195.0165;40.5091;;;;CVn;
IC4025;IC4025;Galaxie;195.1182;19.105;16.6;0.62;0.35;Com;
IC4026;IC4026;Galaxie;195.0923;28.047;14.59;0.58;0.41;Com;
IC4027;IC4027;Galaxie;195.0567;37.1414;16.31;0.45;0.33;CVn;
IC4028;IC4028;Galaxie;195.0672;36.2541;15.38;0.78;0.61;CVn;
IC4029;IC4029;Galaxie;195.0592;38.7597;16.57;0.42;0.2;CVn;
IC4030;IC4030;Galaxie;195.1165;27.956;15.39;0.53;0.36;Com;
IC4031;IC4031;Galaxie;195.0645;39.1449;16.42;0.21;0.17;CVn;
IC4032;IC4032;Galaxie;195.1069;28.8678;14.68;0.6;0.44;Com;
IC4033;IC4033;Galaxie;195.1183;27.9724;15.21;0.5;0.28;Com;
IC4034;IC4034;Galaxie;195.0816;37.0462;16.26;0.41;0.24;CVn;
IC4035;IC4035;Galaxie;195.0722;40.3014;;0.8;0.8;CVn;
IC4035 NED01;IC4035 NED01;Galaxie;195.0695;40.2996;16.89;0.48;0.23;CVn;
IC4035 NED02;IC4035 NED02;Galaxie;195.075;40.3024;18.8;0.55;0.09;CVn;
IC4036;IC4036;Autre;195.0865;36.9091;;;;CVn;
IC4037;IC4037;Galaxie;195.0809;39.0026;16.54;0.35;0.28;CVn;
IC4038;IC4038;Galaxie;195.0907;37.0394;16.18;0.59;0.31;CVn;
IC4039;IC4039;Galaxie;195.1641;21.6917;16.04;0.5;0.42;Com;
IC4040;IC4040;Galaxie;195.158;28.0574;14.82;0.78;0.34;Com;
IC4041;IC4041;Galaxie;195.1702;27.9966;14.42;0.61;0.44;Com;
IC4042;IC4042;Galaxie;195.1782;27.9714;14.13;0.72;0.6;Com;
IC4043;IC4043;Galaxie;195.1445;37.0719;16.46;0.98;0.3;CVn;
IC4044;IC4044;Galaxie;195.1975;27.9222;15.47;0.48;0.3;Com;
IC4045;IC4045;Galaxie;195.2027;28.0908;13.88;0.79;0.44;Com;
IC4046;IC4046;Autre;195.1643;36.6859;;;;CVn;
IC4047;IC4047;Galaxie;195.2404;19.687;15.63;0.88;0.81;Com;
IC4048;IC4048;Galaxie;195.159;39.831;16.84;0.46;0.21;CVn;
IC4049;IC4049;Galaxie;195.1778;36.3456;15.02;1.07;1.07;CVn;
IC4050;IC4050;Autre;195.1826;36.7399;;;;CVn;
IC4051;IC4051;Galaxie;195.2148;28.0428;13.61;0.96;0.58;Com;
IC4052;IC4052;Autre;195.1747;39.6676;;;;CVn;
IC4053;IC4053;Autre;195.2555;22.9247;;;;Com;
IC4054;IC4054;Autre;195.2557;22.905;;;;Com;
IC4055;IC4055;Autre;195.261;22.9086;;;;Com;
IC4056;IC4056;Galaxie;195.1845;39.7541;15.96;0.68;0.37;CVn;
IC4057;IC4057;Autre;195.2719;23.1577;;;;Com;
IC4058;IC4058;Galaxie;195.2889;19.4942;16.34;0.62;0.34;Com;
IC4059;IC4059;Galaxie;195.3145;19.2736;17;0.41;0.33;Com;
IC4060;IC4060;Galaxie;195.219;40.5846;15.11;0.79;0.59;CVn;
IC4061;IC4061;Galaxie;195.2402;39.5828;;0.5;0.5;CVn;
IC4061 NED01;IC4061 NED01;Galaxie;195.2391;39.5831;15.96;0.39;0.3;CVn;
IC4061 NED02;IC4061 NED02;Galaxie;195.2421;39.5839;17.01;0.48;0.37;CVn;
IC4062;IC4062;Galaxie;195.2443;39.8589;14.89;0.38;0.38;CVn;
IC4063;IC4063;Galaxie;195.2777;39.2452;16.92;0.3;0.24;CVn;
IC4064;IC4064;Galaxie;195.278;39.8415;14.38;1.4;1.08;CVn;
IC4065;IC4065;Galaxie;195.2958;39.7445;15.32;0.73;0.38;CVn;
IC4066;IC4066;Autre;195.4173;19.2726;;;;Com;
IC4067;IC4067;Galaxie;195.3338;39.9404;16.3;0.38;0.25;CVn;
IC4068;IC4068;Galaxie;195.3341;39.8991;15.87;0.57;0.35;CVn;
IC4069;IC4069;Galaxie;195.3533;36.1127;16.85;0.41;0.23;CVn;
IC4070;IC4070;Galaxie;195.4304;19.3019;16.21;0.58;0.39;Com;
IC4071;IC4071;Galaxie;195.517;-7.6032;14.7;0.97;0.55;Vir;
IC4072;IC4072;Autre;195.3577;37.3537;;;;CVn;
IC4073;IC4073;Galaxie;195.3571;39.9143;15.45;0.81;0.27;CVn;
IC4074;IC4074;Galaxie;195.4541;19.0089;16.9;0.59;0.38;Com;
IC4075;IC4075;Galaxie;195.4523;19.965;16.8;0.44;0.31;Com;
IC4076;IC4076;Galaxie;195.4525;23.3891;16.75;0.41;0.37;Com;
IC4077;IC4077;Galaxie;195.3919;37.3862;16.22;0.42;0.28;CVn;
IC4078;IC4078;Autre;195.3986;36.5932;;;;CVn;
IC4079;IC4079;Galaxie;195.4866;19.2488;17.41;0.42;0.37;Com;
IC4080;IC4080;Galaxie;195.4908;19.2547;;0.4;0.4;Com;
IC4080 NED01;IC4080 NED01;Galaxie;195.4905;19.2533;17.28;0.79;0.16;Com;
IC4080 NED02;IC4080 NED02;Galaxie;195.4927;19.2559;18.66;0.23;0.12;Com;
IC4081;IC4081;Galaxie;195.4804;22.771;16.59;0.42;0.28;Com;
IC4082;IC4082;Galaxie;195.4129;37.3416;16.57;0.44;0.27;CVn;
IC4083;IC4083;Galaxie;195.4121;38.1424;16.29;0.41;0.26;CVn;
IC4084;IC4084;Autre;195.421;36.9657;;;;CVn;
IC4085;IC4085;Galaxie;195.4091;39.7027;16.01;0.3;0.25;CVn;
IC4086;IC4086;Galaxie;195.4285;36.6484;15.66;0.82;0.66;CVn;
IC4087;IC4087;Galaxie;195.5017;19.9952;17.04;0.23;0.13;Com;
IC4089;IC4089;Galaxie;195.5077;19.5029;17.44;0.36;0.32;Com;
IC4090;IC4090;Autre;195.4429;36.8379;;;;CVn;
IC4091;IC4091;Galaxie;195.554;19.893;16.85;0.52;0.26;Com;
IC4092;IC4092;Autre;195.5568;19.1842;;;;Com;
IC4093;IC4093;Autre;195.5166;28.9947;;;;Com;
IC4094;IC4094;Galaxie;195.4941;37.795;16.3;0.44;0.3;CVn;
IC4095;IC4095;Galaxie;195.5849;19.0997;16.25;0.77;0.33;Com;
IC4096;IC4096;Galaxie;195.5707;24.0108;16.7;0.67;0.52;Com;
IC4097;IC4097;Autre;195.5206;36.6054;;;;CVn;
IC4098;IC4098;Galaxie;195.516;37.9809;16.33;0.51;0.28;CVn;
IC4099;IC4099;Galaxie;195.5968;24.0292;16.38;0.65;0.49;Com;
IC4100;IC4100;Galaxie;195.5205;40.4084;14.81;1.16;0.75;CVn;
IC4101;IC4101;Autre;195.5573;39.9404;;;;CVn;
IC4102;IC4102;Galaxie;195.575;36.1524;16.97;0.34;0.22;CVn;
IC4103;IC4103;Galaxie;195.5794;38.0175;15.88;0.76;0.52;CVn;
IC4104;IC4104;Galaxie;195.5755;38.5924;15.95;0.51;0.37;CVn;
IC4105;IC4105;Galaxie;195.5792;38.2713;16.47;0.48;0.39;CVn;
IC4106;IC4106;Galaxie;195.6602;28.1146;15.39;0.74;0.55;Com;
IC4107;IC4107;Galaxie;195.6745;21.9974;16.62;0.89;0.81;Com;
IC4108;IC4108;Galaxie;195.6314;38.4785;15.4;0.71;0.37;CVn;
IC4109;IC4109;Autre;195.7415;19.0037;;;;Com;
IC4110;IC4110;Galaxie;195.7429;19.227;16.57;0.2;0.14;Com;
IC4111;IC4111;Galaxie;195.7357;28.0704;15.64;0.73;0.34;Com;
IC4112;IC4112;Autre;195.6882;37.2122;;;;CVn;
IC4113;IC4113;Galaxie;195.7638;20.4734;16.69;0.37;0.23;Com;
IC4114;IC4114;Galaxie;195.6743;40.1045;16.56;0.46;0.21;CVn;
IC4115;IC4115;Galaxie;195.703;37.2232;15.87;0.56;0.44;CVn;
IC4116;IC4116;Autre;195.7922;19.0834;;;;Com;
IC4117;IC4117;Autre;195.7025;40.5249;;;;CVn;
IC4118;IC4118;Galaxie;195.7154;38.2929;15.38;0.63;0.39;CVn;
IC4119;IC4119;Galaxie;195.8132;19.2328;17.44;0.43;0.15;Com;
IC4120;IC4120;Autre;195.7565;37.0817;;;;CVn;
IC4121;IC4121;Autre;195.8397;19.2823;;;;Com;
IC4122;IC4122;Galaxie;195.8518;20.1969;14.16;0.84;0.69;Com;
IC4123;IC4123;Galaxie;195.7743;38.3145;15.6;0.55;0.47;CVn;
IC4124;IC4124;Galaxie;195.8815;22.8468;16.82;0.38;0.26;Com;
IC4125;IC4125;Galaxie;195.8957;18.8034;15.75;1.01;0.65;Com;
IC4126;IC4126;Autre;195.9019;19.3234;;;;Com;
IC4127;IC4127;Galaxie;195.8225;38.0469;15.93;0.58;0.37;CVn;
IC4128;IC4128;Galaxie;195.9218;20.2166;16.4;0.4;0.28;Com;
IC4129;IC4129;Galaxie;195.9332;18.8771;17.04;0.47;0.29;Com;
IC4130;IC4130;Galaxie;195.9441;19.2715;14.3;1.2;1.05;Com;
IC4131;IC4131;Galaxie;195.8566;38.9513;16.39;0.38;0.28;CVn;
IC4132;IC4132;Autre;195.891;38.3776;;;;CVn;
IC4133;IC4133;Galaxie;195.9617;27.9884;15.34;0.57;0.52;Com;
IC4135;IC4135;Galaxie;195.9058;40.249;16.06;0.67;0.38;CVn;
IC4137;IC4137;Galaxie;195.9971;22.74;16.52;0.39;0.31;Com;
IC4138;IC4138;Galaxie;196.0088;20.6655;16.61;0.38;0.24;Com;
IC4139;IC4139;Galaxie;196.0173;19.295;15.41;0.64;0.52;Com;
IC4140;IC4140;Galaxie;196.0252;20.0964;17.54;0.32;0.26;Com;
IC4141;IC4141;Galaxie;196.0322;19.2106;15.31;0.66;0.55;Com;
IC4142;IC4142;Autre;195.9466;38.1951;;;;CVn;
IC4143;IC4143;Autre;195.9396;40.2071;;;;CVn;
IC4144;IC4144;Galaxie;195.9586;36.9434;15.88;0.96;0.18;CVn;
IC4145;IC4145;Galaxie;195.9574;38.2866;16.75;0.71;0.17;CVn;
IC4146;IC4146;Galaxie;196.0433;19.2782;15.93;0.52;0.38;Com;
IC4147;IC4147;Galaxie;196.0393;20.2509;17.35;0.32;0.17;Com;
IC4148;IC4148;Galaxie;196.0445;19.2592;16.7;0.41;0.21;Com;
IC4149;IC4149;Galaxie;196.0451;22.2897;15.5;0.65;0.39;Com;
IC4150;IC4150;Autre;196.0543;21.9867;;;;Com;
IC4151;IC4151;Galaxie;195.9956;36.8579;;0.4;0.4;CVn;
IC4151 NED01;IC4151 NED01;Galaxie;195.9962;36.858;17.58;0.47;0.23;CVn;
IC4151 NED02;IC4151 NED02;Galaxie;195.9973;36.8584;18.01;0.3;0.19;CVn;
IC4152;IC4152;Galaxie;195.9936;38.1986;15.92;0.75;0.63;CVn;
IC4153;IC4153;Autre;196.1107;19.045;;;;Com;
IC4154;IC4154;Galaxie;196.1178;23.575;15.5;0.62;0.53;Com;
IC4155;IC4155;Autre;196.0371;40.0154;;;;CVn;
IC4157;IC4157;Autre;196.0774;38.6636;;;;CVn;
IC4158;IC4158;Galaxie;196.1027;36.4799;15.74;0.76;0.25;CVn;
IC4159;IC4159;Galaxie;196.1916;22.2421;17.2;0.33;0.24;Com;
IC4160;IC4160;Galaxie;196.2003;22.8925;16.9;0.43;0.2;Com;
IC4161;IC4161;Galaxie;196.1472;39.9775;16.04;0.71;0.18;CVn;
IC4162;IC4162;Galaxie;196.2625;20.5548;16.97;0.33;0.24;Com;
IC4163;IC4163;Galaxie;196.2834;20.7707;16.39;0.4;0.33;Com;
IC4164;IC4164;Galaxie;196.3104;20.5471;16.81;0.45;0.2;Com;
IC4165;IC4165;Galaxie;196.2373;39.9249;17.95;0.64;0.6;CVn;
IC4166;IC4166;Galaxie;196.3275;31.4423;15.15;1.01;0.49;CVn;
IC4167;IC4167;Galaxie;196.3781;21.91;16.82;0.4;0.25;Com;
IC4168;IC4168;Galaxie;196.2946;40.0497;15.36;0.65;0.5;CVn;
IC4169;IC4169;Galaxie;196.3004;38.7725;;0.6;0.6;CVn;
IC4169 NED01;IC4169 NED01;Galaxie;196.3;38.7707;19.09;0.15;0.12;CVn;
IC4169 NED02;IC4169 NED02;Galaxie;196.3022;38.7736;16.41;0.51;0.47;CVn;
IC4170;IC4170;Galaxie;196.3952;21.135;;0.8;0.8;Com;
IC4170 NED01;IC4170 NED01;Galaxie;196.3958;21.1349;12.7;0.51;0.5;Com;
IC4170 NED02;IC4170 NED02;Galaxie;196.397;21.1297;18.93;0.26;0.17;Com;
IC4171;IC4171;Galaxie;196.3284;36.1029;15.92;0.71;0.39;CVn;
IC4172;IC4172;Galaxie;196.639;22.8504;16.21;0.49;0.39;Com;
IC4174;IC4174;Autre;196.369;36.3964;;;;CVn;
IC4175;IC4175;Galaxie;196.4478;20.3747;16.84;0.4;0.27;Com;
IC4177;IC4177;Galaxie;196.6206;-13.5716;14.96;0.87;0.45;Vir;
IC4178;IC4178;Galaxie;196.4229;36.0175;16.19;0.63;0.24;CVn;
IC4179;IC4179;Autre;196.4413;37.1978;;;;CVn;
IC4180;IC4180;Galaxie;196.7354;-23.9171;13.6;1.38;1.02;Hya;
IC4181;IC4181;Galaxie;196.5267;21.4939;16.15;0.53;0.47;Com;
IC4182;IC4182;Galaxie;196.4564;37.6049;11.61;6.01;5.52;CVn;
IC4183;IC4183;Galaxie;196.5482;21.5044;16.72;0.46;0.4;Com;
IC4184;IC4184;Galaxie;196.4657;38.8374;15.54;0.33;0.22;CVn;
IC4185;IC4185;Galaxie;196.5527;21.773;;1;1;Com;
IC4185 NED01;IC4185 NED01;Galaxie;196.5524;21.7692;16.59;0.55;0.23;Com;
IC4185 NED02;IC4185 NED02;Galaxie;196.5532;21.7759;18.03;0.32;0.19;Com;
IC4186;IC4186;Autre;196.489;36.9861;;;;CVn;
IC4187;IC4187;Galaxie;196.4984;36.2985;15.53;0.55;0.43;CVn;
IC4188;IC4188;Galaxie;196.5097;36.3282;16.36;0.46;0.37;CVn;
IC4189;IC4189;Galaxie;196.5148;35.9803;14.42;1.25;0.84;CVn;
IC4190;IC4190;Autre;196.5266;37.61;;;;CVn;
IC4191;IC4191;Nebuleuse;197.1968;-67.6438;10.6;0.08;0.08;Mus;
IC4192;IC4192;Autre;196.5358;37.6056;;;;CVn;
IC4193;IC4193;Galaxie;196.5264;39.4236;15.51;0.49;0.32;CVn;
IC4194;IC4194;Autre;196.5325;38.8736;;;;CVn;
IC4195;IC4195;Autre;196.5643;37.0398;;;;CVn;
IC4197;IC4197;Galaxie;197.018;-23.7969;12.48;1.84;1.12;Hya;
IC4199;IC4199;Autre;196.8861;35.8598;;;;CVn;
IC4200;IC4200;Galaxie;197.3948;-51.9686;13.82;1.69;1.06;Cen;
IC4201;IC4201;Galaxie;196.9634;35.8349;15.5;0.66;0.63;CVn;
IC4202;IC4202;Galaxie;197.1316;24.7008;14.96;1.74;0.36;Com;
IC4203;IC4203;Autre;197.0795;40.4279;;;;CVn;
IC4204;IC4204;Galaxie;197.0899;39.4612;15.93;0.95;0.21;CVn;
IC4206;IC4206;Autre;197.3414;39.0222;;;;CVn;
IC4207;IC4207;Galaxie;197.3614;37.8229;16.61;0.49;0.3;CVn;
IC4208;IC4208;Autre;197.4083;37.2556;;;;CVn;
IC4209;IC4209;Galaxie;197.5937;-7.1707;14.48;1.28;0.53;Vir;
IC4211;IC4211;Autre;197.7353;37.1762;;;;CVn;
IC4212;IC4212;Galaxie;198.0125;-6.9925;13.69;0.33;0.21;Vir;
IC4213;IC4213;Galaxie;198.0468;35.6697;13.98;2.48;0.48;CVn;
IC4214;IC4214;Galaxie;199.4279;-32.1017;11.4;2.96;1.84;Cen;
IC4215;IC4215;Galaxie;199.0701;25.4052;13.88;1.55;0.36;Com;
IC4216;IC4216;Galaxie;199.2578;-10.77;13.69;2.05;0.77;Vir;
IC4217;IC4217;Galaxie;199.3053;-13.1541;15.26;0.68;0.62;Vir;
IC4218;IC4218;Galaxie;199.2642;-2.2613;14.73;1.2;0.37;Vir;
IC4219;IC4219;Galaxie;199.6239;-31.6309;12.99;1.12;0.97;Cen;
IC4220;IC4220;Galaxie;199.4763;-13.6055;14.89;0.85;0.61;Vir;
IC4221;IC4221;Galaxie;199.6265;-14.6089;13.58;1.54;0.71;Vir;
IC4223;IC4223;Galaxie;199.73;7.7955;15.38;0.72;0.53;Vir;
IC4224;IC4224;Galaxie;199.771;-2.5153;14.84;0.88;0.37;Vir;
IC4225;IC4225;Galaxie;200.004;31.9814;14.97;1.64;0.33;CVn;
IC4226;IC4226;Galaxie;200.1267;32.0039;15.12;0.49;0.35;CVn;
IC4227;IC4227;Galaxie;200.2228;32.1908;15.55;0.54;0.44;CVn;
IC4228;IC4228;Galaxie;200.3921;25.5162;15.12;0.8;0.55;Com;
IC4229;IC4229;Galaxie;200.6089;-2.4183;14.3;0.8;0.67;Vir;
IC4230;IC4230;Galaxie;200.4967;26.7339;15.06;1.19;0.36;Com;
IC4231;IC4231;Galaxie;200.8058;-26.3004;14.29;2.06;0.57;Hya;
IC4232;IC4232;Galaxie;200.8435;-26.1095;14.57;1.19;0.37;Hya;
IC4234;IC4234;Galaxie;200.7495;27.1164;14.76;0.78;0.68;Com;
IC4235;IC4235;Galaxie;200.9707;-12.7434;16.13;0.91;0.25;Vir;
IC4237;IC4237;Galaxie;201.1365;-21.1368;13.22;2.14;1.39;Vir;
IC4238;IC4238;Galaxie;200.9998;30.9324;15.93;0.87;0.24;CVn;
IC4239;IC4239;Galaxie;201.106;30.9593;15.19;0.88;0.63;CVn;
IC4240;IC4240;Galaxie;201.1148;30.9779;15.87;0.54;0.25;CVn;
IC4241;IC4241;Galaxie;201.194;26.7384;15.38;0.62;0.47;Com;
IC4242;IC4242;Galaxie;201.1705;31.0265;16.02;0.58;0.41;CVn;
IC4243;IC4243;Galaxie;201.4635;-27.6269;15.19;0.5;0.38;Hya;
IC4244;IC4244;Galaxie;201.2345;26.4635;15.42;0.81;0.34;Com;
IC4245;IC4245;Galaxie;201.496;-26.6777;15.25;0.73;0.52;Hya;
IC4246;IC4246;Galaxie;201.501;-26.6781;15.34;0.62;0.26;Hya;
IC4247;IC4247;Galaxie;201.6851;-30.3624;14.28;1.38;0.52;Cen;
IC4248;IC4248;Galaxie;201.6968;-29.8814;14.8;1.04;0.65;Hya;
IC4249;IC4249;Galaxie;201.7773;-27.9564;13.92;1.43;0.41;Hya;
IC4250;IC4250;Galaxie;201.5373;26.4772;15.55;0.55;0.32;Com;
IC4251;IC4251;Galaxie;201.8512;-29.4444;14.97;0.98;0.65;Hya;
IC4252;IC4252;Galaxie;201.8667;-27.3248;13.05;2;1.08;Hya;
IC4253;IC4253;Galaxie;201.8849;-27.8721;14.8;1.41;0.71;Hya;
IC4254;IC4254;Galaxie;201.939;-27.2225;15.6;0.75;0.54;Hya;
IC4255;IC4255;Galaxie;202.0005;-27.3543;13.37;1.34;0.99;Hya;
IC4256;IC4256;Galaxie;201.7633;30.9768;15.5;0.66;0.32;CVn;
IC4257;IC4257;Autre;201.8347;46.867;;;;CVn;
IC4258;IC4258;Galaxie;201.9719;28.5082;15.08;0.85;0.68;CVn;
IC4259;IC4259;Galaxie;202.3673;-30.1349;15.39;0.99;0.56;Hya;
IC4260;IC4260;Galaxie;202.4184;-28.2661;15.68;1.17;0.29;Hya;
IC4261;IC4261;Galaxie;202.4486;-28.0064;14.74;1.17;0.86;Hya;
IC4262;IC4262;Galaxie;202.5962;-28.2706;15.62;1.18;0.37;Hya;
IC4263;IC4263;Galaxie;202.1383;46.9272;15.22;1.71;0.42;CVn;
IC4264;IC4264;Galaxie;202.5738;-27.9284;14.96;1.88;0.47;Hya;
IC4265;IC4265;Galaxie;202.5957;-25.7656;15.47;0.84;0.53;Hya;
IC4266;IC4266;Galaxie;202.2735;37.6118;16.17;0.55;0.5;CVn;
IC4267;IC4267;Galaxie;202.6504;-26.2561;15.2;1.3;0.45;Hya;
IC4268;IC4268;Galaxie;202.3014;37.6605;16.28;0.63;0.46;CVn;
IC4269;IC4269;Galaxie;202.3377;37.6231;;0.46;0.46;CVn;
IC4270;IC4270;Galaxie;202.7045;-25.3337;14.69;0.95;0.83;Hya;
IC4271;IC4271;Galaxie;202.3392;37.4117;;0.8;0.8;CVn;
IC4271 NED01;IC4271 NED01;Galaxie;202.3393;37.414;15.35;0.87;0.66;CVn;
IC4271 NED02;IC4271 NED02;Galaxie;202.3388;37.4097;15;0.3;0.23;CVn;
IC4272;IC4272;Galaxie;202.819;-29.9574;15.66;0.98;0.18;Hya;
IC4273;IC4273;Galaxie;202.8744;-28.8934;15.25;0.95;0.64;Hya;
IC4275;IC4275;Galaxie;202.9638;-29.7324;16.6;0.95;0.54;Hya;
IC4276;IC4276;Galaxie;203.0261;-28.1568;15.37;1.32;0.18;Hya;
IC4277;IC4277;Galaxie;202.5697;47.3142;;0.67;0.08;CVn;
IC4278;IC4278;Galaxie;202.6148;47.2469;17.79;0.43;0.4;CVn;
IC4279;IC4279;Galaxie;203.129;-27.1275;15.48;0.68;0.38;Hya;
IC4280;IC4280;Galaxie;203.2225;-24.2071;12.84;1.13;0.76;Hya;
IC4281;IC4281;Galaxie;203.1594;-27.1696;14.48;1.3;0.79;Hya;
IC4282;IC4282;Galaxie;202.8324;47.1839;17.83;0.4;0.38;CVn;
IC4283;IC4283;Galaxie;203.0445;28.3891;15.36;0.65;0.34;CVn;
IC4284;IC4284;Galaxie;202.8831;46.7951;17.27;0.32;0.3;CVn;
IC4285;IC4285;Galaxie;202.9398;46.8216;17.88;0.32;0.17;CVn;
IC4286;IC4286;Galaxie;203.3985;-27.6312;15.96;0.41;0.34;Hya;
IC4287;IC4287;Galaxie;203.1625;25.4411;;1;1;Com;
IC4287 NED01;IC4287 NED01;Galaxie;203.1624;25.4411;15.27;0.96;0.46;Com;
IC4287 NED02;IC4287 NED02;Galaxie;203.1652;25.4402;;0.22;0.15;Com;
IC4288;IC4288;Galaxie;203.6267;-27.3042;14.76;1.36;0.6;Hya;
IC4289;IC4289;Galaxie;203.6992;-27.1271;14.35;1.4;0.62;Hya;
IC4290;IC4290;Galaxie;203.8316;-28.0218;13.32;1.35;1.11;Hya;
IC4291;IC4291;Amas ouvert;204.235;-62.0931;9.7;5.1;5.1;Cen;
IC4292;IC4292;Galaxie;203.9442;-27.6739;15.2;0.56;0.48;Hya;
IC4293;IC4293;Galaxie;204.0094;-25.8823;13.5;2.19;1.39;Hya;
IC4294;IC4294;Galaxie;204.1301;-28.7811;15.62;0.93;0.45;Hya;
IC4295;IC4295;Galaxie;204.1436;-29.0894;15.12;1.04;0.4;Hya;
IC4296;IC4296;Galaxie;204.1626;-33.9658;10.51;4.62;2.43;Cen;
IC4297;IC4297;Galaxie;203.8302;26.4248;15.57;0.88;0.4;Com;
IC4298;IC4298;Galaxie;204.1447;-26.5539;14.17;1.6;0.82;Hya;
IC4299;IC4299;Galaxie;204.1978;-34.0658;12.66;1.87;0.81;Cen;
IC4300;IC4300;Galaxie;203.855;33.4198;15.74;0.23;0.23;CVn;
IC4301;IC4301;Galaxie;203.8992;33.3745;15.77;1.29;0.39;CVn;
IC4302;IC4302;Galaxie;203.8998;33.4796;16.14;1.36;0.27;CVn;
IC4303;IC4303;Galaxie;204.3259;-28.658;15.26;0.98;0.54;Hya;
IC4304;IC4304;Galaxie;203.9912;33.43;14.74;1.31;0.55;CVn;
IC4305;IC4305;Galaxie;203.9932;33.4739;14.8;0.98;0.86;CVn;
IC4306;IC4306;Galaxie;204.0818;33.4234;15.43;1.1;0.39;CVn;
IC4307;IC4307;Galaxie;204.1507;27.2422;15.08;0.66;0.59;Boo;
IC4308;IC4308;Autre;204.2182;32.7334;;;;CVn;
IC4309;IC4309;Galaxie;204.7085;-29.6627;15.47;0.77;0.5;Hya;
IC4310;IC4310;Galaxie;204.7381;-25.8457;13.33;2.38;0.96;Hya;
IC4311;IC4311;Galaxie;205.0332;-51.0361;14.07;1.11;0.78;Cen;
IC4312;IC4312;Galaxie;205.1287;-51.0709;13.42;1.21;0.89;Cen;
IC4313;IC4313;Galaxie;204.5863;26.7598;16.02;0.59;0.38;Boo;
IC4314;IC4314;Galaxie;204.6045;26.7425;14.94;0.91;0.65;Boo;
IC4315;IC4315;Galaxie;205.0133;-25.4746;15.05;1.6;0.32;Hya;
IC4316;IC4316;Galaxie;205.0767;-28.8922;13.97;1.38;1;Hya;
IC4317;IC4317;Galaxie;205.4409;27.1064;16.21;0.51;0.34;Boo;
IC4318;IC4318;Galaxie;205.8445;-28.9679;14.54;1.08;0.95;Hya;
IC4319;IC4319;Galaxie;205.8607;-29.8035;14.32;1.61;0.54;Hya;
IC4320;IC4320;Galaxie;206.0155;-27.2317;14.25;1.31;1.18;Hya;
IC4321;IC4321;Galaxie;206.1302;-30.1396;15.16;1.02;0.62;Cen;
IC4322;IC4322;Galaxie;205.934;25.3921;15.5;0.69;0.55;Boo;
IC4323;IC4323;Galaxie;206.2787;-28.6512;15.91;1.1;0.2;Hya;
IC4324;IC4324;Galaxie;206.3638;-30.2272;14.82;0.9;0.57;Cen;
IC4325;IC4325;Galaxie;206.9152;-29.4344;14.75;1.2;0.48;Hya;
IC4326;IC4326;Galaxie;207.0895;-29.6264;14.4;1;0.81;Hya;
IC4327;IC4327;Galaxie;207.1825;-30.2175;13.91;1.15;0.58;Cen;
IC4328;IC4328;Galaxie;207.2621;-29.937;14.92;1.07;0.7;Hya;
IC4329;IC4329;Galaxie;207.2721;-30.2959;10.97;4.74;2.65;Cen;
IC4330;IC4330;Galaxie;206.8119;-28.3318;14.72;1.29;0.65;Hya;
IC4331;IC4331;Galaxie;207.3525;25.1547;15.73;0.63;0.51;Boo;
IC4332;IC4332;Galaxie;207.469;25.1909;15.3;0.85;0.78;Boo;
IC4333;IC4333;Galaxie;211.3358;-84.2727;14.8;1.8;0.46;Oct;
IC4334;IC4334;Galaxie;207.4511;29.6941;15.51;0.59;0.5;CVn;
IC4335;IC4335;Autre;207.4378;33.6736;;;;CVn;
IC4336;IC4336;Galaxie;207.6807;39.7068;14;1.37;0.41;CVn;
IC4337;IC4337;Galaxie;208.0803;14.2719;15.22;0.77;0.38;Boo;
IC4339;IC4339;Autre;208.3701;37.539;11.5;;;CVn;
IC4340;IC4340;Galaxie;208.3897;37.387;14.58;1.27;0.9;CVn;
IC4341;IC4341;Galaxie;208.3927;37.5222;14.78;0.92;0.84;CVn;
IC4342;IC4342;Galaxie;208.5921;25.1531;15.26;1.09;0.43;Boo;
IC4343;IC4343;Galaxie;208.7325;25.1226;15.13;1.05;0.61;Boo;
IC4344;IC4344;Galaxie;208.8025;25.0214;14.98;1.1;0.7;Boo;
IC4345;IC4345;Galaxie;208.8058;25.0518;14.23;1.23;1.18;Boo;
IC4346;IC4346;Galaxie;208.919;25.1531;14.98;0.73;0.66;Boo;
IC4348;IC4348;Galaxie;208.9379;25.2031;15.59;1.13;1.13;Boo;
IC4349;IC4349;Galaxie;208.9431;25.1519;15.13;1.04;0.5;Boo;
IC4350;IC4350;Galaxie;209.308;-25.2458;13.71;1.88;0.74;Hya;
IC4351;IC4351;Galaxie;209.4761;-29.3157;11.62;6.55;1.04;Hya;
IC4352;IC4352;Galaxie;209.6047;-34.5173;13.58;1.82;0.73;Cen;
IC4353;IC4353;Autre;209.2654;37.7291;;;;CVn;
IC4354;IC4354;Galaxie;209.6288;-12.6054;15.33;1.36;0.33;Vir;
IC4355;IC4355;Galaxie;209.5255;28.4227;15.17;0.43;0.4;CVn;
IC4356;IC4356;Galaxie;209.6879;37.4907;15.86;0.54;0.46;CVn;
IC4357;IC4357;Galaxie;210.182;31.8942;14.83;0.93;0.51;CVn;
IC4358;IC4358;Galaxie;210.8924;-10.1513;14.92;1.39;0.29;Vir;
IC4359;IC4359;Galaxie;211.3472;-45.2698;13.81;1.18;0.89;Cen;
IC4360;IC4360;Galaxie;211.0889;-11.4248;15.88;0.78;0.47;Vir;
IC4361;IC4361;Galaxie;211.0311;-9.7689;;0.66;0.34;Vir;
IC4362;IC4362;Galaxie;211.3426;-41.819;13.43;1.81;0.69;Cen;
IC4363;IC4363;Galaxie;211.0512;-9.6416;15.09;0.45;0.21;Vir;
IC4364;IC4364;Galaxie;211.0822;-9.9933;14.76;0.91;0.66;Vir;
IC4366;IC4366;Galaxie;211.2978;-33.7601;12.74;1.63;1.21;Cen;
IC4367;IC4367;Galaxie;211.4024;-39.2034;13.01;1.64;1.43;Cen;
IC4368;IC4368;Galaxie;211.1935;-9.9622;14.95;0.55;0.38;Vir;
IC4369;IC4369;Galaxie;211.0245;33.3207;16.2;0.44;0.38;CVn;
IC4370;IC4370;Galaxie;211.0411;33.346;15.88;0.44;0.33;CVn;
IC4371;IC4371;Galaxie;211.0453;33.3078;15.13;0.81;0.54;CVn;
IC4372;IC4372;Galaxie;211.442;-10.9001;16.18;0.48;0.15;Vir;
IC4373;IC4373;Galaxie;211.4299;25.2314;15.26;0.82;0.78;Boo;
IC4374;IC4374;Galaxie;211.874;-27.0179;13.68;1.8;1.39;Hya;
IC4376;IC4376;Autre;212.7103;-30.7928;;;;Cen;
IC4377;IC4377;Galaxie;214.245;-75.6472;13.95;1.98;0.69;Aps;
IC4378;IC4378;Galaxie;213.0399;-34.2653;14.55;1.54;0.61;Cen;
IC4379;IC4379;Galaxie;213.0427;-34.2727;15.52;0.92;0.42;Cen;
IC4380;IC4380;Galaxie;212.5088;37.5499;15.18;0.73;0.68;Boo;
IC4382;IC4382;Galaxie;212.7606;25.5194;15.46;0.64;0.16;Boo;
IC4384;IC4384;Galaxie;212.9834;27.1139;14.91;1.13;0.8;Boo;
IC4385;IC4385;Autre;213.6322;-42.3236;;;;Cen;
IC4386;IC4386;Galaxie;213.7599;-43.9613;12.75;2.57;0.38;Cen;
IC4387;IC4387;Galaxie;213.7573;-43.9901;14.91;1.26;0.72;Cen;
IC4388;IC4388;Galaxie;214.0145;-31.7526;14.32;1.14;0.97;Cen;
IC4389;IC4389;Galaxie;214.1925;-40.5525;15.3;0.83;0.6;Cen;
IC4390;IC4390;Galaxie;214.2467;-44.9773;13.82;1.95;0.63;Cen;
IC4391;IC4391;Galaxie;214.1127;-31.685;14.44;0.98;0.78;Cen;
IC4392;IC4392;Autre;213.9715;-13.0513;;;;Vir;
IC4393;IC4393;Galaxie;214.454;-31.3491;13.74;2.3;0.38;Cen;
IC4394;IC4394;Autre;214.0932;39.6977;;;;Boo;
IC4395;IC4395;Galaxie;214.3378;26.8574;15;1.16;0.8;Boo;
IC4396;IC4396;Galaxie;214.376;28.8;14.99;0.63;0.41;Boo;
IC4397;IC4397;Galaxie;214.4947;26.4126;14.1;1.08;0.74;Boo;
IC4398;IC4398;Galaxie;214.5143;28.8664;15.17;0.62;0.56;Boo;
IC4399;IC4399;Galaxie;214.5998;26.3859;15.38;0.71;0.35;Boo;
IC4400;IC4400;Autre;215.556;-60.5698;;;;Cen;
IC4401;IC4401;Galaxie;214.8545;-4.4891;14.44;1.5;0.6;Vir;
IC4402;IC4402;Galaxie;215.3045;-46.2979;11.82;5.78;0.96;Lup;
IC4403;IC4403;Galaxie;214.5703;31.6538;14.8;1.23;0.48;Boo;
IC4404;IC4404;Autre;212.709;78.6283;;;;UMi;
IC4405;IC4405;Galaxie;214.8191;26.2986;14.67;1.35;0.87;Boo;
IC4406;IC4406;Nebuleuse;215.6103;-44.1502;10.2;0.58;0.58;Lup;
IC4407;IC4407;Galaxie;215.9036;-5.9832;14.75;1.48;0.71;Vir;
IC4408;IC4408;Galaxie;215.3045;29.9935;14.89;0.83;0.39;Boo;
IC4409;IC4409;Galaxie;215.3887;31.5855;15.04;0.79;0.54;Boo;
IC4410;IC4410;Galaxie;215.5581;17.3973;15.59;0.79;0.41;Boo;
IC4411;IC4411;Autre;216.2546;-35.0206;;;;Cen;
IC4413;IC4413;Galaxie;215.7388;37.5274;15.5;0.51;0.4;Boo;
IC4415;IC4415;Galaxie;216.1113;16.6396;16.1;0.62;0.3;Boo;
IC4416;IC4416;Galaxie;216.0726;29.6358;15.5;0.92;0.67;Boo;
IC4417;IC4417;Galaxie;216.2237;17.0379;15.58;1.11;0.78;Boo;
IC4418;IC4418;Galaxie;216.3635;25.5263;14.84;0.94;0.8;Boo;
IC4419;IC4419;Galaxie;216.4778;16.6325;16.06;0.79;0.52;Boo;
IC4420;IC4420;Galaxie;216.4142;25.3784;15.44;0.67;0.37;Boo;
IC4421;IC4421;Galaxie;217.1305;-37.5838;12.37;1.43;1.08;Cen;
IC4422;IC4422;Galaxie;216.4964;30.4737;15.21;0.74;0.65;Boo;
IC4423;IC4423;Galaxie;216.5739;26.2461;15.45;1.02;0.57;Boo;
IC4425;IC4425;Galaxie;216.6841;27.1895;15.19;0.64;0.58;Boo;
IC4426;IC4426;Galaxie;216.8212;16.831;15.59;0.69;0.65;Boo;
IC4427;IC4427;Galaxie;216.7482;26.864;15.33;0.86;0.35;Boo;
IC4428;IC4428;Galaxie;216.8565;16.1908;15.71;0.76;0.35;Boo;
IC4429;IC4429;Galaxie;216.9057;16.8999;15.46;1.02;0.61;Boo;
IC4430;IC4430;Galaxie;217.3308;-33.4551;12.98;2.47;1.26;Cen;
IC4432;IC4432;Galaxie;217.2073;-39.5522;16.37;0.85;0.22;Cen;
IC4433;IC4433;Galaxie;216.9723;16.1956;16.31;0.48;0.34;Boo;
IC4434;IC4434;Galaxie;216.9781;16.2072;15.51;0.64;0.46;Boo;
IC4435;IC4435;Galaxie;216.8512;37.4714;15.11;0.94;0.94;Boo;
IC4436;IC4436;Galaxie;216.9924;26.5045;14.75;1.2;1.03;Boo;
IC4437;IC4437;Autre;216.8819;41.5032;;;;Boo;
IC4438;IC4438;Galaxie;217.1436;17.3346;15.94;0.48;0.4;Boo;
IC4439;IC4439;Galaxie;217.1668;17.0247;15.81;0.67;0.36;Boo;
IC4440;IC4440;Galaxie;217.2468;17.3206;15.56;0.77;0.46;Boo;
IC4441;IC4441;Galaxie;217.9109;-43.4184;11.84;1.95;1.53;Lup;
IC4442;IC4442;Galaxie;217.1886;28.9642;15.13;0.85;0.5;Boo;
IC4443;IC4443;Galaxie;217.3229;16.1816;16.25;0.62;0.28;Boo;
IC4445;IC4445;Galaxie;217.9775;-46.0353;15;1.19;0.45;Lup;
IC4446;IC4446;Galaxie;217.2555;37.4631;15.77;0.77;0.4;Boo;
IC4447;IC4447;Galaxie;217.3249;30.8322;14.66;0.82;0.67;Boo;
IC4448;IC4448;Galaxie;220.1165;-78.8092;13.51;1.1;0.86;Aps;
IC4449;IC4449;Galaxie;217.84;15.2409;15.71;0.72;0.41;Boo;
IC4450;IC4450;Galaxie;218.0514;28.5568;15.3;0.98;0.45;Boo;
IC4451;IC4451;Galaxie;218.6547;-36.2858;13.34;1.79;1.29;Cen;
IC4452;IC4452;Galaxie;218.1143;27.4274;14.93;0.5;0.47;Boo;
IC4453;IC4453;Galaxie;218.6194;-27.5186;12.19;2.09;0.97;Hya;
IC4454;IC4454;Galaxie;218.3195;17.7118;16.7;0.45;0.32;Boo;
IC4456;IC4456;Galaxie;218.5382;16.184;16.08;0.58;0.21;Boo;
IC4457;IC4457;Galaxie;218.6203;18.2247;16;0.46;0.39;Boo;
IC4458;IC4458;Galaxie;219.5245;-39.506;17.03;0.59;0.26;Cen;
IC4459;IC4459;Galaxie;218.6342;30.9747;15.39;0.89;0.3;Boo;
IC4460;IC4460;Galaxie;218.6522;30.2794;15.61;0.55;0.41;Boo;
IC4461;IC4461;Galaxie;218.7516;26.5319;16.7;0.41;0.28;Boo;
IC4462;IC4462;Galaxie;218.7579;26.5439;15.33;0.74;0.54;Boo;
IC4463;IC4463;Galaxie;218.9542;16.0193;15.42;0.81;0.61;Boo;
IC4464;IC4464;Galaxie;219.4542;-36.878;13.66;1.68;0.67;Cen;
IC4465;IC4465;Galaxie;218.9632;15.5729;16.53;0.56;0.23;Boo;
IC4466;IC4466;Galaxie;219.2005;18.3438;15.6;1;1;Boo;
IC4467;IC4467;Galaxie;219.2236;18.3706;15.99;0.54;0.48;Boo;
IC4468;IC4468;Galaxie;219.6114;-22.3676;13.77;2.3;0.54;Lib;
IC4469;IC4469;Galaxie;219.3354;18.2493;15.45;1.67;0.22;Boo;
IC4470;IC4470;Galaxie;217.0954;78.8856;14.93;0.89;0.25;UMi;
IC4472;IC4472;Galaxie;220.0452;-44.3146;13.96;2.69;0.6;Lup;
IC4473;IC4473;Galaxie;219.4756;15.8617;;1.2;1.2;Boo;
IC4473 NED01;IC4473 NED01;Galaxie;219.4766;15.8607;15.97;0.74;0.59;Boo;
IC4473 NED02;IC4473 NED02;Galaxie;219.4752;15.8637;15.39;0.93;0.59;Boo;
IC4473 NED03;IC4473 NED03;Galaxie;219.4759;15.8702;;0.12;0.12;Boo;
IC4474;IC4474;Galaxie;219.5929;23.4288;15.87;0.65;0.52;Boo;
IC4475;IC4475;Galaxie;219.5969;23.3336;14.82;1.05;0.88;Boo;
IC4476;IC4476;Galaxie;219.966;-16.2447;15.31;0.76;0.55;Lib;
IC4477;IC4477;Galaxie;219.6468;28.4594;15.61;0.6;0.34;Boo;
IC4478;IC4478;Galaxie;219.8029;15.8774;15.29;0.58;0.49;Boo;
IC4479;IC4479;Galaxie;219.6912;28.5054;14.85;1.16;1.07;Boo;
IC4480;IC4480;Galaxie;219.9401;18.4924;15.41;0.64;0.58;Boo;
IC4481;IC4481;Galaxie;220.0421;16.1414;16.59;0.5;0.35;Boo;
IC4482;IC4482;Galaxie;220.0519;18.9433;15.55;0.62;0.56;Boo;
IC4483;IC4483;Galaxie;220.0813;16.6852;14.92;1.34;0.46;Boo;
IC4484;IC4484;Galaxie;221.9328;-73.3059;13.88;2.96;0.3;Aps;
IC4485;IC4485;Galaxie;220.1311;28.6689;15.87;0.64;0.37;Boo;
IC4486;IC4486;Galaxie;220.42;18.5572;15.31;0.52;0.32;Boo;
IC4487;IC4487;Galaxie;220.4675;18.577;15.65;0.68;0.52;Boo;
IC4488;IC4488;Galaxie;220.7191;18.6203;15.84;0.61;0.39;Boo;
IC4489;IC4489;Galaxie;220.8165;18.5286;16.78;0.42;0.36;Boo;
IC4490;IC4490;Autre;221.3386;-36.1734;;;;Cen;
IC4492;IC4492;Galaxie;220.6411;37.4523;15.3;0.63;0.5;Boo;
IC4494;IC4494;Galaxie;221.1064;15.5514;15.3;0.93;0.39;Boo;
IC4495;IC4495;Galaxie;221.0607;23.5584;15.66;0.78;0.44;Boo;
IC4496;IC4496;Galaxie;220.9774;33.4066;14.88;0.85;0.69;Boo;
IC4497;IC4497;Galaxie;221.0869;28.551;15.23;0.84;0.81;Boo;
IC4498;IC4498;Galaxie;221.2533;26.3011;14.94;0.75;0.7;Boo;
IC4499;IC4499;Amas globulaire;225.0802;-82.2135;8.56;5.1;5.1;Aps;
IC4500;IC4500;Galaxie;221.1486;37.4825;15.58;0.56;0.44;Boo;
IC4501;IC4501;Galaxie;221.8561;-22.406;14.27;1.03;0.75;Lib;
IC4502;IC4502;Galaxie;221.316;37.3004;15.58;0.64;0.33;Boo;
IC4503;IC4503;Galaxie;221.6646;16.1464;14.69;1.2;1.05;Boo;
IC4504;IC4504;Galaxie;221.6541;31.6992;15.46;0.51;0.29;Boo;
IC4505;IC4505;Galaxie;221.639;33.4086;14.83;1.13;0.78;Boo;
IC4506;IC4506;Galaxie;221.6664;33.4012;15.48;0.49;0.44;Boo;
IC4507;IC4507;Galaxie;221.9257;18.4557;15.82;0.68;0.41;Boo;
IC4508;IC4508;Galaxie;221.9642;31.7683;15.55;0.76;0.6;Boo;
IC4509;IC4509;Galaxie;222.1128;31.7916;14.8;0.83;0.2;Boo;
IC4510;IC4510;Autre;222.6696;-20.7309;;;;Lib;
IC4511;IC4511;Autre;223.022;-40.4949;;;;Cen;
IC4512;IC4512;Galaxie;222.4762;27.7008;16.12;0.55;0.5;Boo;
IC4513;IC4513;Autre;223.0701;-20.7279;;;;Lib;
IC4514;IC4514;Galaxie;222.731;27.5785;16.98;0.83;0.68;Boo;
IC4515;IC4515;Galaxie;222.7778;37.4948;15.52;0.98;0.7;Boo;
IC4516;IC4516;Galaxie;223.5977;16.3553;14.22;1.36;1.09;Boo;
IC4517;IC4517;Galaxie;223.6462;23.6433;15.31;1.12;0.3;Boo;
IC4518;IC4518;Galaxie;224.4287;-43.1317;;2;2;Lup;
IC4518A;IC4518A;Galaxie;224.4216;-43.1321;16.64;0.92;0.32;Lup;
IC4518B;IC4518B;Galaxie;224.4352;-43.1314;16.46;1.26;0.24;Lup;
IC4519;IC4519;Galaxie;223.6856;37.4127;15.18;0.89;0.48;Boo;
IC4520;IC4520;Galaxie;223.7792;33.7244;15.13;0.51;0.41;Boo;
IC4521;IC4521;Galaxie;224.8644;25.5841;15.36;0.66;0.44;Boo;
IC4522;IC4522;Galaxie;227.8705;-75.86;13.1;3.02;0.86;Aps;
IC4523;IC4523;Galaxie;226.2939;-43.5095;13.43;1.65;1.49;Lup;
IC4524;IC4524;Galaxie;225.5265;25.6015;15.52;0.64;0.48;Boo;
IC4525;IC4525;Galaxie;225.6036;25.6385;15.66;0.58;0.52;Boo;
IC4526;IC4526;Galaxie;225.6592;23.3504;16.72;0.5;0.37;Boo;
IC4527;IC4527;Galaxie;226.4209;-42.4495;13.74;1.43;0.51;Lup;
IC4528;IC4528;Galaxie;225.389;49.1125;15.05;0.81;0.6;Boo;
IC4529;IC4529;Galaxie;226.6082;-43.2326;14.8;0.77;0.46;Lup;
IC4530;IC4530;Galaxie;225.9388;26.1009;15.3;0.91;0.16;Boo;
IC4531;IC4531;Galaxie;226.1102;23.4149;15.6;0.92;0.53;Boo;
IC4532;IC4532;Galaxie;226.2242;23.2566;15.51;0.86;0.58;Boo;
IC4533;IC4533;Galaxie;226.1264;27.7929;15.14;0.98;0.66;Boo;
IC4534;IC4534;Galaxie;226.674;23.6419;14.47;1.45;0.79;Boo;
IC4535;IC4535;Galaxie;227.1733;37.5703;15.99;0.54;0.23;Boo;
IC4536;IC4536;Galaxie;228.3218;-18.1373;13.72;1.32;0.89;Lib;
IC4537;IC4537;Galaxie;229.3852;2.0474;15.95;0.75;0.43;Se1;
IC4538;IC4538;Galaxie;230.2984;-23.6584;12.38;2.48;1.95;Lib;
IC4539;IC4539;Galaxie;229.6298;32.3929;15.77;0.55;0.45;CrB;
IC4540;IC4540;Autre;230.013;1.7866;;;;Se1;
IC4541;IC4541;Galaxie;232.4815;-70.5849;13.95;1.74;0.53;Aps;
IC4542;IC4542;Galaxie;230.5225;33.1486;15.12;1.05;0.65;Boo;
IC4544;IC4544;Autre;232.3458;-50.5834;7;;;Nor;
IC4545;IC4545;Galaxie;235.3658;-81.6259;14.05;2.02;0.85;Aps;
IC4546;IC4546;Galaxie;231.7434;28.8526;15.54;0.7;0.6;CrB;
IC4547;IC4547;Galaxie;231.8128;28.789;15.43;0.8;0.57;CrB;
IC4548;IC4548;Galaxie;231.8501;28.8498;16.5;0.48;0.33;CrB;
IC4549;IC4549;Galaxie;232.3107;32.8256;15.51;0.7;0.23;Boo;
IC4552;IC4552;Galaxie;234.7287;4.5831;14.19;1;0.94;Se1;
IC4553;IC4553;Galaxie;233.7385;23.5031;13.19;1.11;0.72;Se1;
IC4554;IC4554;Galaxie;233.7701;23.4793;16.09;0.47;0.33;Se1;
IC4555;IC4555;Galaxie;237.0617;-78.1789;13.56;2.14;0.46;Aps;
IC4556;IC4556;Galaxie;233.8435;25.2971;14.57;1.17;1.06;Se1;
IC4557;IC4557;Galaxie;233.6539;39.7289;15.71;0.52;0.36;Boo;
IC4558;IC4558;Galaxie;233.9425;25.3459;15.81;0.45;0.28;Se1;
IC4559;IC4559;Galaxie;233.973;25.3411;15.14;0.64;0.44;Se1;
IC4560;IC4560;Galaxie;233.9753;39.8141;16.39;0.61;0.35;Boo;
IC4561;IC4561;Galaxie;234.1961;25.4168;15.07;0.83;0.45;Se1;
IC4562;IC4562;Galaxie;233.9875;43.4933;13.76;1.19;1.09;Boo;
IC4563;IC4563;Galaxie;234.0153;39.8315;14.94;1.06;0.54;Boo;
IC4564;IC4564;Galaxie;234.1128;43.5188;14.34;1.2;0.44;Boo;
IC4565;IC4565;Galaxie;234.1464;43.4249;14.81;0.8;0.46;Boo;
IC4566;IC4566;Galaxie;234.1757;43.5393;13.27;1.35;0.89;Boo;
IC4567;IC4567;Galaxie;234.3053;43.2983;13.55;1.34;0.96;Boo;
IC4568;IC4568;Galaxie;235.0321;28.1523;15.22;0.54;0.25;CrB;
IC4569;IC4569;Galaxie;235.2016;28.2921;14.86;0.91;0.82;CrB;
IC4570;IC4570;Galaxie;235.3441;28.2297;15.05;0.76;0.67;CrB;
IC4571;IC4571;Galaxie;237.2146;-67.3235;13.92;1.58;0.57;TrA;
IC4572;IC4572;Galaxie;235.4758;28.134;14.8;1.16;0.78;CrB;
IC4573;IC4573;Galaxie;235.5514;23.8;15.71;0.62;0.27;Se1;
IC4574;IC4574;Galaxie;235.4968;28.2403;15.71;0.63;0.36;CrB;
IC4575;IC4575;Galaxie;235.5819;23.8076;15.54;0.5;0.35;Se1;
IC4576;IC4576;Galaxie;235.6479;23.6701;14.6;1.39;0.9;Se1;
IC4577;IC4577;Galaxie;235.6898;23.7926;15.27;0.58;0.49;Se1;
IC4578;IC4578;Galaxie;238.2944;-74.8253;13.93;1.63;0.62;Aps;
IC4579;IC4579;Galaxie;235.7146;23.7732;15.47;0.55;0.43;Se1;
IC4580;IC4580;Galaxie;235.8093;28.3568;15.35;0.98;0.48;CrB;
IC4581;IC4581;Galaxie;236.0063;28.277;15.18;0.79;0.6;CrB;
IC4582;IC4582;Galaxie;236.4144;28.0887;14.83;1.2;0.31;CrB;
IC4583;IC4583;Galaxie;236.5914;23.809;14.78;1.21;0.28;Se1;
IC4584;IC4584;Galaxie;240.0511;-66.3833;15.78;1.96;1.64;TrA;
IC4585;IC4585;Galaxie;240.0735;-66.3223;12.32;1.58;0.76;TrA;
IC4587;IC4587;Galaxie;239.965;25.9406;15.77;0.83;0.56;CrB;
IC4588;IC4588;Galaxie;241.2677;23.9171;16.06;0.5;0.39;Se1;
IC4589;IC4589;Autre;241.8525;-6.3853;;;;Oph;
IC4590;IC4590;Galaxie;242.0881;28.4787;14.9;0.65;0.43;CrB;
IC4591;IC4591;Nebuleuse;243.0757;-27.9277;;12;10;Sco;
IC4592;IC4592;Nebuleuse;242.9945;-19.4547;3.9;60;40;Sco;
IC4593;IC4593;Nebuleuse;242.9354;12.0714;10.7;0.66;0.66;Her;
IC4595;IC4595;Galaxie;245.1852;-70.1426;13.48;3.26;0.55;TrA;
IC4596;IC4596;Galaxie;244.015;-22.6254;14.96;1.66;0.38;Sco;
IC4597;IC4597;Galaxie;244.4155;-34.3659;14.41;1.27;1.02;Sco;
IC4598;IC4598;Galaxie;244.5555;-31.4429;14.91;1.46;0.4;Sco;
IC4599;IC4599;Nebuleuse;244.8465;-42.2601;12.4;0.24;0.24;Sco;
IC4600;IC4600;Autre;244.5361;-22.7855;;;;Sco;
IC4601;IC4601;Nebuleuse;245.0742;-20.0873;;20;10;Sco;
IC4603;IC4603;Nebuleuse;246.352;-24.4684;;20;5;Oph;
IC4604;IC4604;Nebuleuse;246.3799;-23.4366;5.1;60;25;Oph;rho Oph Nebula
IC4605;IC4605;Nebuleuse;247.552;-25.1152;4.7;30;15;Sco;
IC4606;IC4606;Autre;247.8912;-26.0565;;;;Sco;
IC4607;IC4607;Galaxie;247.5661;24.5744;15.97;0.72;0.38;Her;
IC4608;IC4608;Galaxie;251.7249;-77.4887;13.66;0.86;0.64;Aps;
IC4609;IC4609;Galaxie;248.2568;22.7974;15.21;0.87;0.83;Her;
IC4610;IC4610;Galaxie;248.4132;39.2576;16.31;1.03;0.31;Her;
IC4611;IC4611;Galaxie;248.4264;39.1851;15.81;0.51;0.46;Her;
IC4612;IC4612;Galaxie;248.4567;39.2632;15.15;1;1;Her;
IC4613;IC4613;Autre;249.2923;36.1306;;;;Her;
IC4614;IC4614;Galaxie;249.4466;36.115;15.15;0.77;0.69;Her;
IC4617;IC4617;Galaxie;250.5336;36.6841;16.02;0.69;0.4;Her;
IC4618;IC4618;Galaxie;254.4584;-76.993;12.6;1.69;0.81;Aps;
IC4619;IC4619;Galaxie;251.0463;17.7592;15.16;0.69;0.58;Her;
IC4620;IC4620;Galaxie;252.1252;19.3054;15.75;0.71;0.51;Her;
IC4621;IC4621;Galaxie;252.7132;8.7837;15.08;0.81;0.62;Her;
IC4622;IC4622;Autre;253.0346;-16.2363;;;;Oph;
IC4623;IC4623;Galaxie;252.7723;22.5274;15.38;0.7;0.36;Her;
IC4624;IC4624;Galaxie;252.8898;17.4491;15.71;0.47;0.32;Her;
IC4626;IC4626;Autre;253.3393;2.3387;;;;Oph;
IC4627;IC4627;Galaxie;253.5365;-7.6353;16.15;0.65;0.27;Oph;
IC4628;IC4628;Nebuleuse;254.2435;-40.451;;89.13;58.88;Sco;
IC4629;IC4629;Autre;254.0416;-16.7099;;;;Oph;
IC4630;IC4630;Galaxie;253.7899;26.6629;14.73;0.84;0.49;Her;
IC4631;IC4631;Autre;257.7501;-77.6036;;;;Aps;
IC4632;IC4632;Autre;254.6339;22.9156;;;;Her;
IC4633;IC4633;Galaxie;258.446;-77.5362;13.69;2.7;1.32;Aps;
IC4634;IC4634;Nebuleuse;255.39;-21.826;10.9;0.14;0.14;Oph;
IC4635;IC4635;Galaxie;258.9133;-77.4895;14.87;1.62;0.45;Aps;
IC4636;IC4636;Autre;254.7784;47.1954;;;;Her;
IC4637;IC4637;Nebuleuse;256.2951;-40.8864;12.5;0.31;0.31;Sco;
IC4638;IC4638;Galaxie;255.3071;33.5132;15.54;0.68;0.51;Her;
IC4639;IC4639;Galaxie;255.7281;22.93;15.99;0.58;0.51;Her;
IC4640;IC4640;Galaxie;260.9931;-80.0641;14.78;1.34;1.2;Aps;
IC4641;IC4641;Galaxie;261.043;-80.1474;14.36;1.22;1.12;Aps;
IC4642;IC4642;Nebuleuse;257.9384;-55.399;13.4;0.28;0.28;Ara;
IC4644;IC4644;Galaxie;261.1537;-73.9401;15.5;1.75;0.47;Aps;
IC4645;IC4645;Galaxie;258.6797;43.1041;15.85;0.57;0.5;Her;
IC4646;IC4646;Galaxie;260.9716;-59.9994;12.33;2.77;1.85;Ara;
IC4647;IC4647;Galaxie;261.5156;-80.1951;14.47;1.64;0.84;Aps;
IC4648;IC4648;Autre;259.0418;43.8626;;;;Her;
IC4650;IC4650;Galaxie;258.9475;57.3019;15.84;0.61;0.25;Dra;
IC4651;IC4651;Amas ouvert;261.2047;-49.9382;6.9;9.6;9.6;Ara;
IC4652;IC4652;Galaxie;261.6111;-59.7283;14.21;1.1;0.53;Ara;
IC4653;IC4653;Galaxie;261.7799;-60.8796;12.55;1.61;0.98;Ara;
IC4654;IC4654;Galaxie;264.2829;-74.3814;13.15;1.97;1.11;Aps;
IC4655;IC4655;Autre;263.6484;-60.7213;;;;Ara;
IC4656;IC4656;Galaxie;264.4328;-63.7297;13.75;2.65;0.57;Ara;
IC4657;IC4657;Autre;263.1779;-17.5248;;;;Oph;
IC4658;IC4658;Autre;264.045;-59.5849;;;;Ara;
IC4659;IC4659;Autre;263.551;-17.928;;;;Oph;
IC4660;IC4660;Galaxie;260.4383;75.8485;14.23;1.28;0.33;UMi;
IC4661;IC4661;Galaxie;267.7615;-74.0324;13.48;1.62;1.3;Aps;
IC4662;IC4662;Galaxie;266.787;-64.6418;11.1;2.09;0.83;Pav;
IC4663;IC4663;Nebuleuse;266.3675;-44.9049;12.5;0.22;0.22;Sco;
IC4664;IC4664;Galaxie;267.2441;-63.2545;12.93;1.67;0.89;Pav;
IC4665;IC4665;Amas ouvert;266.6132;5.6487;4.2;24.6;24.6;Oph;
IC4666;IC4666;Autre;266.5098;55.7756;;;;Dra;
IC4667;IC4667;Autre;266.579;55.8756;;;;Dra;
IC4668;IC4668;Autre;266.7475;57.4007;;;;Dra;
IC4669;IC4669;Galaxie;266.804;61.4342;15.09;0.61;0.29;Dra;
IC4670;IC4670;Nebuleuse;268.7792;-21.7443;13.28;0.08;0.08;Sgr;
IC4671;IC4671;Autre;268.7829;-10.2859;;;;Se2;
IC4672;IC4672;Galaxie;270.5613;-62.8325;15.3;0.89;0.52;Pav;
IC4673;IC4673;Nebuleuse;270.8267;-27.1061;13;0.25;0.25;Sgr;
IC4674;IC4674;Galaxie;272.0545;-62.3955;14.93;1.57;0.71;Pav;
IC4675;IC4675;Autre;270.7945;-9.2595;;;;Oph;
IC4676;IC4676;Galaxie;270.7208;11.8231;15.59;0.58;0.33;Oph;
IC4677;IC4677;Autre;269.5657;66.6333;;;;Dra;
IC4678;IC4678;Nebuleuse;271.6395;-23.9544;10.4;;;Sgr;
IC4679;IC4679;Galaxie;272.852;-56.2544;12.84;1.17;0.39;Tel;
IC4680;IC4680;Galaxie;273.3735;-64.4767;13.89;1.61;0.52;Pav;
IC4681;IC4681;Autre;272.0833;-23.432;9.1;;;Sgr;
IC4682;IC4682;Galaxie;274.1071;-71.5813;13.22;2.21;1.51;Pav;
IC4683;IC4683;Autre;272.2539;-26.3909;;;;Sgr;
IC4684;IC4684;Nebuleuse;272.2852;-23.4354;;3;2;Sgr;
IC4685;IC4685;Nebuleuse;272.3229;-23.9872;;15;10;Sgr;
IC4686;IC4686;Galaxie;273.411;-57.7325;14.18;0.78;0.59;Pav;
IC4687;IC4687;Galaxie;273.4151;-57.7254;14.3;1.15;0.73;Pav;
IC4688;IC4688;Galaxie;272.0495;11.7122;14.63;1.3;0.95;Oph;
IC4689;IC4689;Galaxie;273.4178;-57.7482;14.3;0.91;0.38;Pav;
IC4691;IC4691;Galaxie;272.1904;11.8301;15.41;1;0.64;Oph;
IC4692;IC4692;Galaxie;273.7082;-58.6938;14.25;1.74;0.86;Pav;
IC4693;IC4693;Autre;272.2951;17.3479;;;;Her;
IC4694;IC4694;Galaxie;273.8602;-58.2089;13.76;2.79;0.73;Pav;
IC4695;IC4695;Autre;274.3478;-58.9255;;;;Pav;
IC4696;IC4696;Galaxie;275.0746;-64.7341;13.48;2.36;0.75;Pav;
IC4697;IC4697;Galaxie;273.1121;25.4272;15.03;0.87;0.23;Her;
IC4698;IC4698;Galaxie;275.2497;-63.3479;15.32;1.75;0.26;Pav;
IC4699;IC4699;Nebuleuse;274.6366;-45.9831;13;0.08;0.08;Tel;
IC4701;IC4701;Nebuleuse;274.1489;-16.6483;;60;40;Sgr;
IC4702;IC4702;Galaxie;275.7659;-59.2389;14;1.66;1.19;Pav;
IC4703;IC4703;Nebuleuse;274.7343;-13.8454;6;5.05;5.05;Se2;Eagle Nebula
IC4704;IC4704;Galaxie;276.9735;-71.6099;12.02;2.7;1.99;Pav;
IC4705;IC4705;Galaxie;277.043;-71.6939;12.78;1.73;1.02;Pav;
IC4706;IC4706;Nebuleuse;274.9039;-16.0313;;3.47;3.47;Sgr;
IC4707;IC4707;Nebuleuse;274.9746;-16.0093;;3.47;3.47;Sgr;
IC4708;IC4708;Galaxie;273.4425;61.1573;15.5;0.5;0.45;Dra;
IC4709;IC4709;Galaxie;276.0808;-56.3692;14.42;1.17;0.59;Tel;
IC4710;IC4710;Galaxie;277.1582;-66.9823;12;3.49;2.99;Pav;
IC4711;IC4711;Autre;277.0284;-64.9445;;;;Pav;
IC4712;IC4712;Galaxie;277.7788;-71.6937;12.19;1.99;1.17;Pav;
IC4713;IC4713;Galaxie;277.4973;-67.2244;13.53;0.91;0.79;Pav;
IC4714;IC4714;Galaxie;277.7323;-66.6518;15.15;1.49;0.29;Pav;
IC4715;IC4715;Amas ouvert;274.2338;-18.5146;4.5;120;60;Sgr;Small Sgr Star Cloud
IC4716;IC4716;Galaxie;278.1877;-56.962;15.99;0.69;0.32;Pav;
IC4717;IC4717;Galaxie;278.3219;-57.9757;13.23;1.78;0.43;Pav;
IC4718;IC4718;Galaxie;278.459;-60.1291;12.95;1.67;0.8;Pav;
IC4719;IC4719;Galaxie;278.2981;-56.7322;13.98;1.47;0.61;Tel;
IC4720;IC4720;Galaxie;278.3854;-58.4054;13.37;2.75;0.88;Pav;
IC4721;IC4721;Galaxie;278.6032;-58.4966;11.82;5.3;1.64;Pav;
IC4722;IC4722;Galaxie;278.6314;-57.7928;13.61;1.64;1.14;Pav;
IC4723;IC4723;Galaxie;278.9844;-63.3767;14.7;0.7;0.67;Pav;
IC4724;IC4724;Galaxie;279.6678;-70.1257;15.13;0.83;0.4;Pav;
IC4725;IC4725;Amas ouvert;277.9449;-19.1149;4.6;14.1;14.1;Sgr;
IC4726;IC4726;Galaxie;279.245;-62.8543;14.74;1.13;0.82;Pav;
IC4727;IC4727;Galaxie;279.4836;-62.7007;14.07;1.24;1.09;Pav;
IC4728;IC4728;Galaxie;279.4875;-62.5309;14.26;2.22;0.76;Pav;
IC4729;IC4729;Galaxie;279.9851;-67.4257;12.18;1.31;0.69;Pav;
IC4730;IC4730;Galaxie;279.709;-63.3499;14.47;1.44;0.68;Pav;
IC4731;IC4731;Galaxie;279.6791;-62.943;12.69;1.55;0.76;Pav;
IC4732;IC4732;Nebuleuse;278.4775;-22.6447;12.1;0.07;0.07;Sgr;
IC4733;IC4733;Autre;276.6591;64.9674;;;;Dra;
IC4734;IC4734;Galaxie;279.6071;-57.4904;14.22;1.31;0.76;Pav;
IC4735;IC4735;Galaxie;279.9581;-62.956;15.51;0.79;0.54;Pav;
IC4736;IC4736;Galaxie;279.6659;-57.8933;14.61;1.29;0.98;Pav;
IC4737;IC4737;Galaxie;279.9933;-62.598;15.01;0.93;0.77;Pav;
IC4738;IC4738;Galaxie;280.1122;-61.9024;15.26;1.25;0.62;Pav;
IC4739;IC4739;Galaxie;280.2124;-61.9016;15.19;0.95;0.57;Pav;
IC4740;IC4740;Galaxie;280.7524;-68.3599;15.3;1.01;0.92;Pav;
IC4741;IC4741;Galaxie;280.431;-63.9482;13.8;1.43;0.9;Pav;
IC4742;IC4742;Galaxie;280.469;-63.8621;12.08;2.11;1.67;Pav;
IC4743;IC4743;Galaxie;280.3715;-61.7722;14.99;0.93;0.52;Pav;
IC4744;IC4744;Galaxie;280.4787;-63.2239;15.35;0.66;0.39;Pav;
IC4745;IC4745;Galaxie;280.6495;-64.9429;13.88;2.08;0.91;Pav;
IC4746;IC4746;Galaxie;281.4771;-72.6682;;0.57;0.48;Pav;
IC4747;IC4747;Galaxie;281.4889;-72.63;15.09;1.1;0.37;Pav;
IC4748;IC4748;Galaxie;280.6915;-64.0727;14.34;1.01;0.88;Pav;
IC4749;IC4749;Galaxie;280.7062;-63.2084;14.3;1.2;1.01;Pav;
IC4750;IC4750;Galaxie;280.7612;-62.9715;15.15;1.16;0.52;Pav;
IC4751;IC4751;Galaxie;280.8306;-62.1123;14.09;1.08;0.57;Pav;
IC4752;IC4752;Galaxie;280.9447;-64.0821;15.49;0.73;0.65;Pav;
IC4753;IC4753;Galaxie;280.8859;-62.1079;12.88;0.87;0.74;Pav;
IC4754;IC4754;Galaxie;281.001;-61.9901;14.38;1.27;1.1;Pav;
IC4755;IC4755;Galaxie;281.2548;-63.6922;15.15;1.42;0.32;Pav;
IC4756;IC4756;Amas ouvert;279.7146;5.4622;4.6;24;24;Se2;
IC4757;IC4757;Galaxie;280.9823;-57.1676;14.58;1.49;0.65;Pav;
IC4758;IC4758;Galaxie;281.5761;-65.7567;14.18;1.04;0.53;Pav;
IC4759;IC4759;Galaxie;281.4208;-63.0853;;0.8;0.8;Pav;
IC4759 NED01;IC4759 NED01;Galaxie;281.4197;-63.0848;17.33;0.59;0.14;Pav;
IC4759 NED02;IC4759 NED02;Galaxie;281.4221;-63.087;15.42;0.92;0.54;Pav;
IC4760;IC4760;Galaxie;281.4415;-62.9584;15.15;0.83;0.76;Pav;
IC4761;IC4761;Galaxie;280.9817;-52.853;13.92;1.54;1.07;Tel;
IC4762;IC4762;Autre;278.1189;67.858;;;;Dra;
IC4764;IC4764;Galaxie;281.7815;-63.4846;13.85;1.42;0.41;Pav;
IC4765;IC4765;Galaxie;281.8247;-63.3313;11.19;3.79;2.84;Pav;
IC4766;IC4766;Galaxie;281.899;-63.2922;13.48;1.23;0.44;Pav;
IC4767;IC4767;Galaxie;281.9239;-63.4057;13.16;2;0.44;Pav;
IC4768;IC4768;Amas ouvert;280.3675;-5.5348;;;;Sct;
IC4769;IC4769;Galaxie;281.9335;-63.157;14.1;1.81;1.1;Pav;
IC4770;IC4770;Galaxie;282.043;-63.3834;13.15;0.78;0.6;Pav;
IC4771;IC4771;Galaxie;282.0993;-63.2477;15.25;1.1;0.46;Pav;
IC4772;IC4772;Galaxie;279.9854;40.0264;14.94;0.6;0.45;Lyr;
IC4773;IC4773;Galaxie;282.8368;-69.9248;14.37;1.39;0.72;Pav;
IC4774;IC4774;Galaxie;282.0444;-57.9357;14.51;1.06;0.87;Pav;
IC4775;IC4775;Galaxie;282.1095;-57.1837;14.74;1.51;0.34;Pav;
IC4776;IC4776;Nebuleuse;281.4612;-33.3431;10.8;0.12;0.12;Sgr;
IC4777;IC4777;Galaxie;282.0471;-53.1476;14.63;0.94;0.77;Tel;
IC4778;IC4778;Galaxie;282.5015;-61.7195;14.2;1.2;1.03;Pav;
IC4779;IC4779;Galaxie;282.6268;-63.0129;14.92;0.86;0.79;Pav;
IC4780;IC4780;Galaxie;282.4837;-59.2529;14.94;0.77;0.58;Pav;
IC4781;IC4781;Galaxie;282.9068;-62.7926;15.23;0.96;0.65;Pav;
IC4782;IC4782;Galaxie;282.7286;-55.4912;14.74;0.4;0.29;Tel;
IC4783;IC4783;Galaxie;282.889;-58.8132;14.59;1.15;0.92;Pav;
IC4784;IC4784;Galaxie;283.2001;-63.2596;13.74;1.51;1.21;Pav;
IC4785;IC4785;Galaxie;283.2301;-59.2554;13.11;3.12;1.6;Pav;
IC4786;IC4786;Galaxie;283.1857;-56.6946;15.87;0.79;0.23;Tel;
IC4787;IC4787;Galaxie;284.0194;-68.6824;14.59;1.07;0.96;Pav;
IC4788;IC4788;Galaxie;283.6709;-63.4524;16.05;1.27;0.21;Pav;
IC4789;IC4789;Galaxie;284.077;-68.5671;14.03;1.63;0.65;Pav;
IC4790;IC4790;Galaxie;284.1342;-64.9289;13.98;1.21;0.7;Pav;
IC4791;IC4791;Galaxie;282.2549;19.3311;14.01;1.41;1.19;Her;
IC4792;IC4792;Galaxie;283.924;-56.4038;15.06;1.36;0.31;Tel;
IC4793;IC4793;Galaxie;284.2317;-61.3998;14.56;1.21;0.53;Pav;
IC4794;IC4794;Galaxie;284.2901;-62.0909;14.16;1.48;0.79;Pav;
IC4795;IC4795;Galaxie;284.3182;-61.6091;15.77;1.13;0.27;Pav;
IC4796;IC4796;Galaxie;284.116;-54.2139;12.3;1.95;1.08;Tel;
IC4797;IC4797;Galaxie;284.1237;-54.3058;11.32;2.62;1.85;Tel;
IC4798;IC4798;Galaxie;284.587;-62.1184;13.19;2.02;1.32;Pav;
IC4799;IC4799;Galaxie;284.7358;-63.931;14.11;1.55;1.02;Pav;
IC4800;IC4800;Galaxie;284.6813;-63.1392;13.76;1.95;1.1;Pav;
IC4801;IC4801;Galaxie;284.91;-64.6751;13.63;1.95;1.09;Pav;
IC4802;IC4802;Autre;283.7795;-22.6983;;;;Sgr;
IC4803;IC4803;Galaxie;285.1661;-62.0651;15.68;0.76;0.32;Pav;
IC4804;IC4804;Galaxie;285.2808;-61.8333;14.79;1.28;1.04;Pav;
IC4805;IC4805;Galaxie;285.5059;-63.0476;14.92;0.76;0.28;Pav;
IC4806;IC4806;Galaxie;285.3779;-57.5321;12.23;2.4;0.54;Pav;
IC4807;IC4807;Galaxie;285.5736;-56.9312;14.21;1.01;0.68;Pav;
IC4808;IC4808;Galaxie;285.2817;-45.3137;12.65;2.26;0.87;CrA;
IC4809;IC4809;Galaxie;286.0224;-62.1941;15.08;1.01;0.6;Pav;
IC4810;IC4810;Galaxie;285.7488;-56.1597;12.67;4.04;0.41;Tel;
IC4811;IC4811;Galaxie;286.4361;-67.1338;15.76;0.62;0.49;Pav;
IC4812;IC4812;Nebuleuse;285.2651;-37.0603;;10;6.92;CrA;
IC4813;IC4813;Galaxie;286.4238;-66.5221;12.57;1.31;0.64;Pav;
IC4814;IC4814;Galaxie;286.2454;-58.5794;14.35;1.5;0.6;Pav;
IC4815;IC4815;Galaxie;286.7109;-61.7014;14.38;1.12;0.77;Pav;
IC4816;IC4816;Autre;285.4605;-13.1618;4.5;;;Sgr;
IC4817;IC4817;Galaxie;286.5515;-56.1594;14.53;1.46;0.48;Tel;
IC4818;IC4818;Galaxie;286.5127;-55.1368;15.4;0.95;0.24;Tel;
IC4819;IC4819;Galaxie;286.7804;-59.4669;14.22;3;0.37;Pav;
IC4820;IC4820;Galaxie;287.3063;-63.4655;14.6;1.36;0.88;Pav;
IC4821;IC4821;Galaxie;287.3834;-55.0173;13.66;1.82;0.85;Tel;
IC4822;IC4822;Galaxie;288.6895;-72.4411;15.49;0.71;0.42;Pav;
IC4823;IC4823;Galaxie;288.0656;-63.9759;14.69;1.23;0.87;Pav;
IC4824;IC4824;Galaxie;288.3086;-62.0883;16.53;0.73;0.2;Pav;
IC4825;IC4825;Galaxie;289.3151;-72.7488;15.64;0.51;0.42;Pav;
IC4826;IC4826;Galaxie;288.0883;-57.2023;14.48;1.29;0.75;Pav;
IC4827;IC4827;Galaxie;288.3385;-60.8602;13.27;3.05;0.69;Pav;
IC4828;IC4828;Galaxie;288.4195;-62.0826;14.78;1.13;0.51;Pav;
IC4829;IC4829;Galaxie;288.1404;-56.5403;14.71;1.05;0.46;Tel;
IC4830;IC4830;Galaxie;288.4523;-59.2944;13.21;1.94;1.45;Pav;
IC4831;IC4831;Galaxie;288.6827;-62.2726;12.08;3.67;0.84;Pav;
IC4832;IC4832;Galaxie;288.5161;-56.6107;12.72;2.54;0.8;Tel;
IC4833;IC4833;Galaxie;288.9215;-62.3299;14.67;0.78;0.44;Pav;
IC4834;IC4834;Galaxie;289.1305;-64.0062;14.76;1.11;0.5;Pav;
IC4835;IC4835;Galaxie;288.8645;-58.238;14.75;0.88;0.57;Pav;
IC4836;IC4836;Galaxie;289.0747;-60.2003;12.58;1.59;1.36;Pav;
IC4837;IC4837;Galaxie;288.811;-54.6614;12.59;2.25;1.23;Tel;
IC4837A;IC4837A;Galaxie;288.8174;-54.1325;11.71;4.47;0.85;Tel;
IC4838;IC4838;Galaxie;289.1921;-61.6145;13.64;1.36;0.62;Pav;
IC4839;IC4839;Galaxie;288.8922;-54.6267;13.66;2.16;1.56;Tel;
IC4840;IC4840;Galaxie;288.9654;-56.2091;13.68;1.13;0.66;Tel;
IC4841;IC4841;Galaxie;290.1785;-72.2268;14.9;0.93;0.79;Pav;
IC4842;IC4842;Galaxie;289.852;-60.6442;12.45;2.22;1.14;Pav;
IC4843;IC4843;Galaxie;289.8404;-59.3089;15.13;1.15;0.26;Pav;
IC4844;IC4844;Galaxie;289.761;-56.0272;14.05;1.61;0.92;Tel;
IC4845;IC4845;Galaxie;290.0937;-60.3892;11.97;1.95;1.46;Pav;
IC4846;IC4846;Nebuleuse;289.1179;-9.0436;11.9;0.03;0.03;Aql;
IC4847;IC4847;Galaxie;290.8834;-65.5067;14.98;0.97;0.69;Pav;
IC4848;IC4848;Galaxie;290.7274;-56.7808;14.89;0.69;0.5;Pav;
IC4849;IC4849;Galaxie;291.4;-62.9327;14.54;0.99;0.28;Pav;
IC4850;IC4850;Autre;290.1004;-0.1336;20.41;;;Aql;
IC4851;IC4851;Galaxie;291.3727;-57.6704;14.17;1.69;0.58;Pav;
IC4852;IC4852;Galaxie;291.6056;-60.3361;12.93;1.71;0.86;Pav;
IC4853;IC4853;Galaxie;292.6971;-71.07;14.89;1.24;0.31;Pav;
IC4854;IC4854;Galaxie;291.8381;-59.3154;13.82;1.31;1.25;Pav;
IC4856;IC4856;Galaxie;291.8772;-54.9085;14.47;1.17;0.57;Tel;
IC4857;IC4857;Galaxie;292.1632;-58.7679;13.71;1.82;1.08;Pav;
IC4859;IC4859;Galaxie;292.6944;-66.3147;14.76;1.17;0.62;Pav;
IC4860;IC4860;Galaxie;292.8646;-67.369;14.69;0.96;0.73;Pav;
IC4861;IC4861;Galaxie;292.3197;-57.575;15.51;1.21;0.47;Pav;
IC4862;IC4862;Galaxie;292.9181;-67.3229;14.59;1.55;0.51;Pav;
IC4863;IC4863;Autre;291.9654;-36.2169;11.38;;;Sgr;
IC4864;IC4864;Galaxie;295.0257;-77.5582;13.56;1.76;0.43;Oct;
IC4865;IC4865;Autre;292.7097;-46.6984;;;;Tel;
IC4866;IC4866;Galaxie;293.6448;-61.1458;12.97;1.64;1.02;Pav;
IC4868;IC4868;Autre;293.3892;-45.8927;10.56;;;Tel;
IC4869;IC4869;Galaxie;294.0097;-61.0279;13.64;1.79;1.17;Pav;
IC4870;IC4870;Galaxie;294.4067;-65.8118;14.62;1.67;0.87;Pav;
IC4871;IC4871;Galaxie;293.926;-57.5192;14.05;3.78;0.77;Pav;
IC4873;IC4873;Galaxie;293.7279;-46.1358;15.1;0.93;0.74;Tel;
IC4874;IC4874;Galaxie;294.0898;-47.2659;14.72;1.39;0.79;Tel;
IC4875;IC4875;Galaxie;294.4104;-52.0757;14.58;1;0.68;Tel;
IC4876;IC4876;Galaxie;294.4282;-52.8428;14.3;1.33;0.99;Tel;
IC4877;IC4877;Galaxie;294.4829;-51.9914;14.62;1.64;0.31;Tel;
IC4878;IC4878;Galaxie;294.7086;-58.2264;15.2;1.5;0.31;Pav;
IC4879;IC4879;Galaxie;294.9019;-52.3688;14.51;0.9;0.41;Tel;
IC4880;IC4880;Galaxie;295.1288;-56.4102;14.31;1.99;0.49;Tel;
IC4881;IC4881;Galaxie;295.1084;-55.8577;14.55;1.1;0.87;Tel;
IC4882;IC4882;Galaxie;295.0971;-55.1969;14.62;0.98;0.84;Tel;
IC4883;IC4883;Galaxie;295.5022;-55.5455;14.6;1.51;0.5;Tel;
IC4884;IC4884;Galaxie;295.6712;-58.1285;14.73;1.59;0.42;Pav;
IC4885;IC4885;Galaxie;295.9668;-60.6517;14.55;2;0.47;Pav;
IC4886;IC4886;Galaxie;295.8106;-51.8075;14.2;1.48;0.75;Tel;
IC4887;IC4887;Galaxie;297.0887;-69.5872;14.23;0.99;0.76;Pav;
IC4888;IC4888;Galaxie;296.2177;-54.4566;14.66;1.14;0.87;Tel;
IC4889;IC4889;Galaxie;296.3131;-54.3441;11.22;2.99;2.49;Tel;
IC4890;IC4890;Galaxie;296.3977;-56.5454;14.73;1.01;0.82;Tel;
IC4892;IC4892;Galaxie;297.3817;-70.2274;14.91;1.82;0.4;Pav;
IC4893;IC4893;Galaxie;297.639;-72.51;15.65;0.57;0.48;Pav;
IC4894;IC4894;Galaxie;296.7463;-51.8465;14.66;0.87;0.51;Tel;
IC4896;IC4896;Galaxie;297.2705;-58.9814;15.4;0.9;0.48;Pav;
IC4897;IC4897;Galaxie;297.3321;-51.868;15.65;0.8;0.46;Tel;
IC4898;IC4898;Autre;296.9424;-33.3206;;;;Sgr;
IC4899;IC4899;Galaxie;298.6115;-70.5897;14.53;1.02;0.62;Pav;
IC4900;IC4900;Galaxie;297.5921;-51.3458;16.17;0.91;0.23;Tel;
IC4901;IC4901;Galaxie;298.598;-58.7136;11.65;3.68;2.54;Pav;
IC4902;IC4902;Galaxie;298.6005;-56.3791;16.08;0.68;0.34;Tel;
IC4903;IC4903;Galaxie;299.5559;-70.4534;15.25;1.17;0.37;Pav;
IC4904;IC4904;Galaxie;299.6617;-70.1842;14.78;1.07;0.76;Pav;
IC4905;IC4905;Galaxie;299.0245;-61.2211;15.95;1.04;0.34;Pav;
IC4906;IC4906;Galaxie;299.1983;-60.4681;13.82;1.61;0.91;Pav;
IC4907;IC4907;Galaxie;299.0544;-52.454;16.13;0.54;0.43;Tel;
IC4908;IC4908;Galaxie;299.2361;-55.7917;15.02;0.66;0.59;Tel;
IC4909;IC4909;Galaxie;299.19;-50.0557;14.63;1.16;0.79;Tel;
IC4910;IC4910;Galaxie;299.4458;-56.8633;15.61;0.52;0.42;Pav;
IC4911;IC4911;Galaxie;299.4243;-51.9865;16.15;0.61;0.45;Tel;
IC4912;IC4912;Galaxie;301.707;-77.3575;15.57;1;0.39;Oct;
IC4913;IC4913;Galaxie;299.1985;-37.3284;13.98;1.57;1.07;Sgr;
IC4914;IC4914;Galaxie;299.4855;-50.1315;15.88;0.46;0.37;Tel;
IC4915;IC4915;Galaxie;299.6331;-52.6422;14.86;1.37;0.88;Tel;
IC4916;IC4916;Galaxie;299.5799;-50.2721;14.43;1.05;0.94;Tel;
IC4917;IC4917;Galaxie;299.7282;-52.2732;15.26;0.79;0.73;Tel;
IC4918;IC4918;Galaxie;299.805;-52.2751;16.25;0.41;0.32;Tel;
IC4919;IC4919;Galaxie;300.0377;-55.3734;15.04;1.36;0.92;Tel;
IC4920;IC4920;Galaxie;300.0367;-53.3838;16.64;0.64;0.34;Tel;
IC4921;IC4921;Galaxie;300.8317;-67.8269;15.34;0.8;0.42;Pav;
IC4922;IC4922;Autre;299.8724;-40.3631;;;;Sgr;
IC4923;IC4923;Galaxie;300.239;-52.6317;14.53;1.03;0.9;Tel;
IC4924;IC4924;Autre;299.9643;-41.5461;;;;Sgr;
IC4925;IC4925;Galaxie;300.2911;-52.8658;16.38;0.9;0.18;Tel;
IC4926;IC4926;Galaxie;300.0506;-38.5786;13.95;1.29;1;Sgr;
IC4927;IC4927;Galaxie;300.4562;-53.9177;15.13;1.18;0.37;Tel;
IC4928;IC4928;Galaxie;302.55;-77.309;15.98;0.9;0.27;Oct;
IC4929;IC4929;Galaxie;301.6738;-71.6836;14.36;1.34;0.43;Pav;
IC4930;IC4930;Autre;300.6103;-54.3086;;;;Tel;
IC4931;IC4931;Galaxie;300.2098;-38.5751;11.88;2.28;1.43;Sgr;
IC4932;IC4932;Galaxie;300.5645;-52.8462;15.51;0.83;0.59;Tel;
IC4933;IC4933;Galaxie;300.871;-54.9799;12.35;2.08;1.28;Tel;
IC4934;IC4934;Galaxie;301.8119;-69.4792;14.95;1.55;0.26;Pav;
IC4935;IC4935;Galaxie;301.1422;-57.5982;14.07;1.8;0.5;Pav;
IC4936;IC4936;Galaxie;301.4675;-61.4285;14.55;1.35;0.7;Pav;
IC4937;IC4937;Galaxie;301.3232;-56.2562;14.92;1.72;0.41;Tel;
IC4938;IC4938;Galaxie;301.5488;-60.2116;12.69;0.46;0.3;Pav;
IC4939;IC4939;Galaxie;301.796;-60.7388;15.09;0.74;0.44;Pav;
IC4940;IC4940;Autre;301.4317;-44.6999;;;;Sgr;
IC4941;IC4941;Galaxie;301.7442;-53.6523;15.56;0.88;0.64;Tel;
IC4942;IC4942;Galaxie;301.7058;-52.6099;16.28;0.65;0.35;Tel;
IC4943;IC4943;Galaxie;301.6178;-48.3756;12.67;1.33;1.25;Tel;
IC4944;IC4944;Galaxie;301.7868;-54.4469;14.63;1.33;0.65;Tel;
IC4946;IC4946;Galaxie;305.992;-43.9953;11.92;2.5;0.9;Sgr;
IC4947;IC4947;Galaxie;301.8823;-53.1424;13.87;0.76;0.61;Tel;
IC4950;IC4950;Galaxie;302.114;-56.1618;15.19;1.38;0.38;Tel;
IC4951;IC4951;Galaxie;302.3824;-61.8505;13.84;3.07;0.71;Pav;
IC4952;IC4952;Galaxie;302.1569;-55.4537;14;0.93;0.21;Tel;
IC4953;IC4953;Galaxie;302.4997;-62.7922;15.7;0.57;0.38;Pav;
IC4954;IC4954;Nebuleuse;301.1876;29.2528;;3;1;Vul;
IC4955;IC4955;Nebuleuse;301.219;29.1926;12.98;2.09;1.55;Vul;
IC4956;IC4956;Galaxie;302.8802;-45.5932;13.36;1.73;1.67;Tel;
IC4957;IC4957;Galaxie;302.3985;-55.7093;15.27;0.93;0.52;Tel;
IC4958;IC4958;Galaxie;303.8972;-72.7112;;0.46;0.3;Pav;
IC4959;IC4959;Autre;302.7384;-53.0897;;;;Tel;
IC4960;IC4960;Galaxie;303.8495;-70.5378;14.54;1.26;0.39;Pav;
IC4961;IC4961;Galaxie;302.8691;-53.1251;15.08;1.64;0.46;Tel;
IC4962;IC4962;Galaxie;304.177;-71.1296;16.21;0.98;0.2;Pav;
IC4963;IC4963;Galaxie;303.0229;-55.2459;14.33;1.43;0.61;Tel;
IC4964;IC4964;Galaxie;304.3497;-73.8856;14.43;1.59;0.58;Pav;
IC4965;IC4965;Galaxie;303.1138;-56.8268;13.74;1.23;0.85;Pav;
IC4966;IC4966;Autre;303.0684;-53.6192;;;;Tel;
IC4967;IC4967;Galaxie;304.0965;-70.5647;14.83;0.73;0.57;Pav;
IC4968;IC4968;Galaxie;303.7093;-64.7984;15.05;0.76;0.61;Pav;
IC4969;IC4969;Galaxie;303.2346;-53.9201;15.16;0.71;0.64;Tel;
IC4970;IC4970;Galaxie;304.239;-70.7498;13.82;1.66;0.44;Pav;
IC4971;IC4971;Galaxie;304.2619;-70.621;16.08;0.91;0.28;Pav;
IC4972;IC4972;Galaxie;304.428;-70.9151;13.44;1.01;0.26;Pav;
IC4973;IC4973;Galaxie;303.6422;-58.3711;15.85;0.66;0.35;Pav;
IC4974;IC4974;Galaxie;303.8604;-61.8603;;1;1;Pav;
IC4974 NED01;IC4974 NED01;Galaxie;303.8589;-61.8577;14.36;0.84;0.61;Pav;
IC4974 NED02;IC4974 NED02;Galaxie;303.8623;-61.8631;;0.66;0.48;Pav;
IC4975;IC4975;Galaxie;303.5126;-52.7218;14.36;1.11;1.01;Tel;
IC4976;IC4976;Galaxie;303.9211;-61.8751;15.59;0.44;0.34;Pav;
IC4977;IC4977;Autre;302.9717;-21.6366;;;;Cap;
IC4978;IC4978;Galaxie;303.6569;-54.422;15.45;0.74;0.3;Tel;
IC4979;IC4979;Galaxie;303.6743;-53.4587;14.97;1.08;0.9;Tel;
IC4980;IC4980;Galaxie;303.8705;-57.9127;14.24;1.61;0.63;Pav;
IC4981;IC4981;Galaxie;304.9133;-70.8485;12.51;1.07;0.35;Pav;
IC4982;IC4982;Galaxie;305.0868;-71.0078;15.18;0.52;0.44;Pav;
IC4983;IC4983;Galaxie;304.0248;-52.0865;14.34;1.02;0.94;Tel;
IC4984;IC4984;Galaxie;304.0727;-52.7037;15.41;0.88;0.39;Tel;
IC4985;IC4985;Galaxie;305.1834;-70.987;14.91;0.85;0.56;Pav;
IC4986;IC4986;Galaxie;304.2985;-55.0364;14.17;2.23;0.86;Tel;
IC4987;IC4987;Galaxie;304.3308;-52.2796;15.19;1.01;0.65;Tel;
IC4988;IC4988;Autre;305.4427;-69.3876;;;;Pav;
IC4989;IC4989;Galaxie;304.8487;-58.5515;15.29;1.16;0.29;Pav;
IC4990;IC4990;Galaxie;305.3566;-66.8909;16.16;0.77;0.36;Pav;
IC4991;IC4991;Galaxie;304.597;-41.0502;11.54;2.91;2.13;Sgr;
IC4992;IC4992;Galaxie;305.866;-71.5649;14.5;1.71;0.26;Pav;
IC4993;IC4993;Galaxie;305.4848;-66.9854;15.74;0.52;0.4;Pav;
IC4994;IC4994;Galaxie;304.9355;-53.4474;13.98;1.36;1.06;Tel;
IC4995;IC4995;Galaxie;304.9957;-52.622;14.06;1.19;0.81;Tel;
IC4996;IC4996;Amas ouvert;304.1386;37.5553;7.3;6;6;Cyg;
IC4997;IC4997;Nebuleuse;305.0367;16.7317;10.5;0.03;0.03;Sge;
IC4998;IC4998;Galaxie;305.5441;-38.3083;14.03;1.57;1.08;Sgr;
IC4999;IC4999;Galaxie;305.9848;-26.0149;13.24;2.03;1;Cap;
IC5001;IC5001;Galaxie;306.5835;-54.7747;15.25;0.97;0.39;Tel;
IC5002;IC5002;Galaxie;306.6662;-54.7997;14.23;1.35;0.72;Tel;
IC5003;IC5003;Galaxie;310.8098;-29.8534;12.93;2.36;0.66;Mic;
IC5005;IC5005;Galaxie;306.3342;-25.8293;13.59;1.36;0.99;Cap;
IC5006;IC5006;Autre;305.9455;6.4492;;;;Aql;
IC5007;IC5007;Galaxie;310.8935;-29.7036;12.55;2.31;1.45;Mic;
IC5008;IC5008;Galaxie;308.1876;-72.6947;15.59;1.19;0.33;Pav;
IC5009;IC5009;Galaxie;308.1431;-72.1676;14.4;1.05;0.66;Pav;
IC5010;IC5010;Galaxie;307.6112;-66.0974;15.91;0.78;0.34;Pav;
IC5011;IC5011;Galaxie;307.1409;-36.0271;11.84;3.01;1.32;Mic;
IC5012;IC5012;Galaxie;307.3833;-56.7431;15.29;1.06;0.52;Pav;
IC5014;IC5014;Galaxie;308.8155;-73.4526;14.37;0.77;0.66;Pav;
IC5016;IC5016;Galaxie;308.9038;-72.9111;15.87;0.63;0.48;Pav;
IC5017;IC5017;Galaxie;308.016;-57.5877;13.92;0.97;0.47;Ind;
IC5019;IC5019;Galaxie;307.6962;-36.0769;15.48;1.54;0.32;Mic;
IC5020;IC5020;Galaxie;307.6604;-33.4856;12.3;2.33;1.75;Mic;
IC5021;IC5021;Galaxie;308.3918;-54.5208;15.03;0.76;0.67;Ind;
IC5022;IC5022;Galaxie;310.2756;-76.4501;15.5;0.78;0.53;Oct;
IC5023;IC5023;Galaxie;309.5447;-67.1846;14.21;1.43;0.49;Pav;
IC5024;IC5024;Galaxie;310.0398;-71.1077;14.93;0.98;0.71;Pav;
IC5025;IC5025;Galaxie;311.2462;-76.9847;15.43;1.65;0.25;Oct;
IC5026;IC5026;Galaxie;312.1169;-78.0692;15.52;2.4;0.28;Oct;
IC5027;IC5027;Galaxie;310.2872;-55.4721;15.26;0.51;0.46;Ind;
IC5028;IC5028;Galaxie;310.8418;-65.6478;15.25;1.32;0.77;Pav;
IC5031;IC5031;Galaxie;311.3345;-67.5393;13.62;0.59;0.35;Pav;
IC5032;IC5032;Galaxie;311.3418;-67.5519;13.02;1.3;0.37;Pav;
IC5033;IC5033;Galaxie;310.9795;-57.3343;15.72;0.95;0.54;Ind;
IC5034;IC5034;Galaxie;310.9236;-57.0303;14.67;1.43;0.59;Ind;
IC5035;IC5035;Galaxie;311.0602;-57.1275;15.9;0.63;0.41;Ind;
IC5036;IC5036;Galaxie;311.1574;-57.6268;15.96;0.99;0.3;Ind;
IC5037;IC5037;Galaxie;311.4135;-58.4498;15.84;1.32;0.21;Ind;
IC5038;IC5038;Galaxie;311.7152;-65.0168;13.48;1.51;0.69;Pav;
IC5040;IC5040;Galaxie;313.0817;-76.6866;15.18;0.8;0.6;Oct;
IC5042;IC5042;Galaxie;311.9418;-65.0843;13.35;1.1;0.75;Pav;
IC5043;IC5043;Galaxie;311.6594;-56.9837;16.42;0.78;0.24;Ind;
IC5044;IC5044;Galaxie;312.6731;-71.8994;15.51;0.64;0.44;Pav;
IC5045;IC5045;Galaxie;312.7088;-71.9098;15.26;0.81;0.36;Pav;
IC5048;IC5048;Galaxie;312.9193;-71.8008;15.84;0.58;0.52;Pav;
IC5049;IC5049;Galaxie;311.8477;-38.4157;;1.2;1.2;Mic;
IC5049A;IC5049A;Galaxie;311.8468;-38.4132;15.15;1.1;0.84;Mic;
IC5049B;IC5049B;Galaxie;311.8493;-38.4183;13.6;1.78;1.18;Mic;
IC5050;IC5050;Galaxie;311.3127;-5.6228;14.99;1.33;0.8;Aqr;
IC5051;IC5051;Galaxie;313.0944;-71.7899;15.57;0.68;0.44;Pav;
IC5052;IC5052;Galaxie;313.0232;-69.2016;11.34;7.16;1.33;Pav;
IC5053;IC5053;Galaxie;313.4009;-71.1412;13.16;2.09;0.68;Pav;
IC5054;IC5054;Galaxie;313.4393;-71.0247;13.23;2.23;0.43;Pav;
IC5055;IC5055;Galaxie;313.2382;-68.4457;15.15;0.83;0.44;Pav;
IC5056;IC5056;Autre;312.2479;-39.1809;;;;Mic;
IC5057;IC5057;Autre;311.8063;0.3221;;;;Aqr;
IC5059;IC5059;Galaxie;312.8062;-57.6887;15.6;0.9;0.62;Ind;
IC5060;IC5060;Galaxie;313.6944;-71.6365;15.5;0.87;0.18;Pav;
IC5061;IC5061;Autre;311.9048;0.3357;;;;Aqr;
IC5062;IC5062;Autre;312.0425;-8.3598;;;;Aqr;
IC5063;IC5063;Galaxie;313.0097;-57.0688;12.45;2.69;1.91;Ind;
IC5064;IC5064;Galaxie;313.1595;-57.2324;14.32;1.27;0.73;Ind;
IC5065;IC5065;Galaxie;312.9408;-29.8473;13.6;1.5;0.92;Mic;
IC5066;IC5066;Galaxie;314.2626;-73.1472;15.15;0.68;0.32;Pav;
IC5067;IC5067;Autre;311.9591;44.367;;;;Cyg;
IC5068;IC5068;Nebuleuse;312.624;42.4777;;40;30;Cyg;
IC5069;IC5069;Galaxie;315.0535;-71.8117;14.17;1.15;0.95;Pav;
IC5070;IC5070;Nebuleuse;312.753;44.4015;8;60;50;Cyg;Pelican Nebula
IC5071;IC5071;Galaxie;315.3322;-72.6427;13.29;3.17;0.56;Pav;
IC5072;IC5072;Galaxie;315.4868;-72.9885;15.58;0.81;0.37;Pav;
IC5073;IC5073;Galaxie;315.8327;-72.6879;14.88;1.18;0.91;Pav;
IC5074;IC5074;Galaxie;315.2519;-63.1527;14.63;0.65;0.46;Pav;
IC5075;IC5075;Galaxie;316.1587;-71.8679;14.57;1.09;0.45;Pav;
IC5076;IC5076;Nebuleuse;313.8893;47.3956;;7;7;Cyg;
IC5077;IC5077;Galaxie;317.2248;-73.6408;15.74;0.67;0.52;Pav;
IC5078;IC5078;Galaxie;315.6303;-16.8183;12.65;3.24;0.56;Cap;
IC5079;IC5079;Autre;316.4334;-56.2303;;;;Ind;
IC5080;IC5080;Galaxie;315.6378;19.2136;15.32;0.49;0.39;Del;
IC5081;IC5081;Autre;315.7551;19.1893;;;;Del;
IC5083;IC5083;Galaxie;315.9646;11.7636;15.3;0.8;0.6;Equ;
IC5084;IC5084;Galaxie;317.312;-63.29;13.57;1.67;1.07;Pav;
IC5085;IC5085;Galaxie;318.3649;-74.1031;15.29;0.72;0.52;Pav;
IC5086;IC5086;Galaxie;317.1334;-29.7691;12.84;1.75;1.57;Mic;
IC5087;IC5087;Galaxie;318.5894;-73.7738;15.04;1.46;0.38;Pav;
IC5088;IC5088;Galaxie;317.3615;-22.8786;14.49;1.37;1.06;Cap;
IC5089;IC5089;Galaxie;317.7272;-3.8628;16.11;0.6;0.27;Aqr;
IC5090;IC5090;Galaxie;317.877;-2.0326;14.46;0.83;0.27;Aqr;
IC5091;IC5091;Galaxie;319.4043;-70.6529;15.94;0.56;0.49;Pav;
IC5092;IC5092;Galaxie;319.0604;-64.4647;13.01;2.75;2.43;Pav;
IC5093;IC5093;Galaxie;319.6933;-70.6224;16.01;0.79;0.34;Pav;
IC5094;IC5094;Galaxie;319.4563;-66.4277;14.55;1.17;0.5;Pav;
IC5095;IC5095;Galaxie;319.3427;-59.9476;15.42;0.92;0.39;Pav;
IC5096;IC5096;Galaxie;319.5897;-63.7607;13.33;3.52;0.66;Pav;
IC5097;IC5097;Autre;318.742;4.4841;;;;Equ;
IC5098;IC5098;Autre;318.7557;4.4936;;;;Equ;
IC5099;IC5099;Galaxie;320.4544;-70.9834;15.43;0.72;0.28;Pav;
IC5100;IC5100;Galaxie;320.4311;-65.9334;14.62;1.15;0.2;Pav;
IC5101;IC5101;Galaxie;320.4824;-65.8361;13.32;1.1;0.89;Pav;
IC5102;IC5102;Galaxie;321.5561;-73.3101;14.8;1.07;0.54;Pav;
IC5103;IC5103;Galaxie;322.3023;-74.0702;15.05;1.07;0.8;Pav;
IC5104;IC5104;Galaxie;320.3719;21.242;13.82;1.48;0.43;Peg;
IC5105;IC5105;Galaxie;321.0917;-40.5377;11.6;2.98;1.64;Mic;
IC5106;IC5106;Galaxie;322.1589;-70.8346;14.4;1.51;1.17;Pav;
IC5107;IC5107;Galaxie;322.062;-65.7355;15.18;1.02;0.38;Pav;
IC5108;IC5108;Galaxie;323.2146;-72.6597;15.13;1.08;0.39;Ind;
IC5109;IC5109;Galaxie;323.428;-74.112;14.67;0.92;0.69;Ind;
IC5110;IC5110;Galaxie;322.6808;-60.0018;13.29;1.37;1;Ind;
IC5111;IC5111;Galaxie;322.0448;2.4738;15.05;0.78;0.66;Aqr;
IC5113;IC5113;Autre;322.4145;6.818;;;;Peg;
IC5115;IC5115;Galaxie;322.7387;11.7635;15.84;0.71;0.42;Peg;
IC5116;IC5116;Galaxie;324.2729;-70.9826;13.9;1.48;1.26;Ind;
IC5117;IC5117;Nebuleuse;323.129;44.5966;11.5;0.02;0.02;Cyg;
IC5118;IC5118;Galaxie;325.5575;-71.3827;15.49;1.22;0.31;Ind;
IC5119;IC5119;Galaxie;323.4827;21.8379;15.26;0.82;0.23;Peg;
IC5122;IC5122;Galaxie;324.9411;-22.4065;16.44;0.65;0.38;Cap;
IC5123;IC5123;Galaxie;326.2056;-72.4207;14.5;1.48;0.57;Ind;
IC5124;IC5124;Galaxie;324.98;-22.4269;16.61;0.51;0.23;Cap;
IC5125;IC5125;Galaxie;325.4591;-52.7736;14.08;0.78;0.71;Ind;
IC5126;IC5126;Galaxie;325.119;-6.3457;15.69;0.37;0.32;Aqr;
IC5128;IC5128;Galaxie;325.799;-38.9683;14.11;0.96;0.64;Gru;
IC5129;IC5129;Galaxie;326.9441;-65.3878;15.28;0.55;0.45;Ind;
IC5130;IC5130;Galaxie;327.6011;-73.9974;14.54;1.63;0.55;Ind;
IC5131;IC5131;Galaxie;326.8555;-34.8837;12.33;1.62;1.53;PsA;
IC5132;IC5132;Nebuleuse;325.6675;66.1684;;;;Cep;
IC5133;IC5133;Nebuleuse;325.6964;66.1811;;;;Cep;
IC5134;IC5134;Nebuleuse;325.7445;66.1028;;7.59;7.59;Cep;
IC5137;IC5137;Autre;327.9061;-65.5837;;;;Ind;
IC5138;IC5138;Galaxie;328.3404;-68.9536;14.05;1.23;0.75;Ind;
IC5139;IC5139;Galaxie;327.6069;-30.9947;13.42;2.19;1.04;PsA;
IC5140;IC5140;Galaxie;328.5668;-67.3314;15.21;2.19;0.33;Ind;
IC5141;IC5141;Galaxie;328.321;-59.4936;13.5;1.5;1.18;Ind;
IC5142;IC5142;Galaxie;328.8354;-65.51;14.52;1.67;0.97;Ind;
IC5144;IC5144;Galaxie;328.5397;15.0368;15.49;0.79;0.62;Peg;
IC5145;IC5145;Galaxie;328.5961;15.1568;14.61;1.62;0.8;Peg;
IC5146;IC5146;Amas ouvert;328.3698;47.2669;7.2;10;10;Cyg;Cocoon Nebula
IC5147;IC5147;Galaxie;329.8597;-65.4499;15.12;1.59;0.72;Ind;
IC5148;IC5148;Nebuleuse;329.8967;-39.3858;11;2.3;2.3;Gru;
IC5149;IC5149;Galaxie;329.746;-27.4139;14.45;1.38;0.52;PsA;
IC5151;IC5151;Galaxie;329.7192;3.7615;15.3;0.35;0.2;Peg;
IC5152;IC5152;Galaxie;330.673;-51.2964;10.68;5.13;3.6;Ind;
IC5153;IC5153;Galaxie;330.0982;17.8639;;0.18;0.1;Peg;
IC5154;IC5154;Galaxie;331.1262;-66.1124;15.8;0.86;0.55;Ind;
IC5155;IC5155;Autre;330.5261;0.4883;;;;Aqr;
IC5156;IC5156;Galaxie;330.812;-33.8384;12.16;2.28;0.82;PsA;
IC5157;IC5157;Galaxie;330.8625;-34.9418;13.39;2.01;1.8;PsA;
IC5158;IC5158;Galaxie;331.6032;-67.517;15.22;1.01;0.55;Ind;
IC5159;IC5159;Autre;330.6662;0.319;;;;Aqr;
IC5160;IC5160;Galaxie;330.7702;10.9249;15.52;0.94;0.54;Peg;
IC5161;IC5161;Galaxie;331.4125;9.6402;15.66;0.71;0.3;Peg;
IC5162;IC5162;Galaxie;332.0128;-52.7139;15.08;1.08;0.63;Ind;
IC5163;IC5163;Autre;331.4474;27.0855;;;;Peg;
IC5164;IC5164;Autre;331.4925;27.0475;;;;Peg;
IC5165;IC5165;Galaxie;332.5295;-64.578;14.81;1.52;0.51;Tuc;
IC5166;IC5166;Autre;331.5285;27.068;;;;Peg;
IC5167;IC5167;Autre;331.8825;-8.1226;;;;Aqr;
IC5168;IC5168;Galaxie;332.1898;-27.8565;15.55;1.3;0.36;PsA;
IC5169;IC5169;Galaxie;332.5416;-36.0886;14.27;2.05;0.91;PsA;
IC5170;IC5170;Galaxie;333.1235;-47.2219;13.35;1.91;0.83;Gru;
IC5171;IC5171;Galaxie;332.7363;-46.0815;13.46;0.74;0.49;Gru;
IC5172;IC5172;Galaxie;332.4813;12.8181;15.86;0.71;0.24;Peg;
IC5173;IC5173;Galaxie;333.6725;-69.3664;;2.8;2.8;Ind;
IC5173A;IC5173A;Galaxie;333.6857;-69.3654;16.02;1.82;0.32;Ind;
IC5173B;IC5173B;Galaxie;333.6611;-69.3677;16.08;0.69;0.25;Ind;
IC5174;IC5174;Galaxie;333.1861;-38.1714;15;0.75;0.65;Gru;
IC5175;IC5175;Galaxie;333.201;-38.1274;14.61;1.59;0.54;Gru;
IC5176;IC5176;Galaxie;333.733;-66.8494;13.55;4.51;0.63;Tuc;
IC5177;IC5177;Galaxie;332.8928;11.7959;15.16;0.85;0.38;Peg;
IC5178;IC5178;Galaxie;333.139;-22.9541;14.72;1.04;0.63;Aqr;
IC5179;IC5179;Galaxie;334.0379;-36.8437;12.03;1.01;0.52;Gru;
IC5180;IC5180;Galaxie;332.8;38.9272;14.72;1.38;1.2;Lac;
IC5181;IC5181;Galaxie;333.3404;-46.0176;11.48;2.65;0.86;Gru;
IC5182;IC5182;Galaxie;334.0212;-65.4547;15.32;0.78;0.55;Tuc;
IC5185;IC5185;Galaxie;334.4319;-65.8575;14.87;0.58;0.46;Tuc;
IC5186;IC5186;Galaxie;334.6938;-36.8016;11.93;2.11;1.44;Gru;
IC5187;IC5187;Galaxie;334.574;-59.607;14.7;0.6;0.56;Tuc;
IC5188;IC5188;Galaxie;334.61;-59.6413;13.84;1.29;1.05;Tuc;
IC5189;IC5189;Autre;334.059;-5.0043;;;;Aqr;
IC5190;IC5190;Galaxie;334.7529;-59.8827;14.86;0.9;0.67;Tuc;
IC5191;IC5191;Galaxie;333.7603;37.3004;14.94;1.08;0.17;Lac;
IC5192;IC5192;Galaxie;333.8085;37.271;16.4;0.53;0.28;Lac;
IC5193;IC5193;Galaxie;333.9315;37.2428;15.46;0.75;0.68;Lac;
IC5194;IC5194;Autre;334.2839;-15.9457;;;;Aqr;
IC5196;IC5196;Galaxie;335.0469;-65.4046;15.38;1.49;0.35;Tuc;
IC5197;IC5197;Galaxie;334.9559;-60.1364;14.99;1.05;0.56;Tuc;
IC5199;IC5199;Galaxie;334.8884;-37.5338;14.86;1.9;0.32;Gru;
IC5200;IC5200;Galaxie;335.5639;-65.7663;15.97;0.74;0.36;Tuc;
IC5201;IC5201;Galaxie;335.2393;-46.0359;11.37;6.7;2.86;Gru;
IC5202;IC5202;Galaxie;335.732;-65.8029;14.68;1.62;0.58;Tuc;
IC5203;IC5203;Galaxie;335.6429;-59.7732;14.75;1.11;0.68;Tuc;
IC5205;IC5205;Galaxie;335.6982;-59.7871;15.99;0.63;0.39;Tuc;
IC5206;IC5206;Galaxie;336.0192;-66.8578;15.27;0.99;0.56;Tuc;
IC5207;IC5207;Galaxie;335.8727;-60.565;15.19;1.23;0.66;Tuc;
IC5208;IC5208;Galaxie;336.1428;-65.2274;14.83;1.86;0.33;Tuc;
IC5209;IC5209;Galaxie;335.7879;-37.9933;15.59;0.72;0.46;Gru;
IC5210;IC5210;Galaxie;335.6296;-18.8697;14.09;1.13;0.95;Aqr;
IC5211;IC5211;Galaxie;335.6794;-18.8802;14.71;0.8;0.58;Aqr;
IC5212;IC5212;Galaxie;335.8761;-38.0376;14.7;0.99;0.56;Gru;
IC5213;IC5213;Galaxie;336.27;-60.4767;15.8;0.66;0.41;Tuc;
IC5214;IC5214;Autre;335.9259;-27.4698;;;;PsA;
IC5215;IC5215;Galaxie;336.7421;-65.9822;15.73;0.65;0.53;Tuc;
IC5216;IC5216;Autre;336.1865;-18.0876;;;;Aqr;
IC5217;IC5217;Nebuleuse;335.9821;50.9667;11.3;0.11;0.11;Lac;
IC5218;IC5218;Galaxie;337.0241;-60.3949;15.12;1.34;0.48;Tuc;
IC5219;IC5219;Galaxie;337.1822;-65.8937;15.96;0.89;0.55;Tuc;
IC5220;IC5220;Galaxie;337.0114;-59.7234;15.09;1.19;0.37;Tuc;
IC5221;IC5221;Galaxie;337.2405;-65.9046;15.92;0.47;0.43;Tuc;
IC5222;IC5222;Galaxie;337.4783;-65.6614;12.75;1.96;0.89;Tuc;
IC5223;IC5223;Galaxie;337.4365;7.9888;15.81;0.66;0.29;Peg;
IC5224;IC5224;Galaxie;337.6256;-45.9962;14.35;1.65;0.39;Gru;
IC5226;IC5226;Galaxie;338.1259;-25.662;13.43;1.98;1.49;PsA;
IC5227;IC5227;Galaxie;338.5155;-64.6977;13.98;1.19;0.86;Tuc;
IC5229;IC5229;Galaxie;338.7099;-61.3814;15.14;0.63;0.53;Tuc;
IC5230;IC5230;Galaxie;338.9174;-61.5477;15.15;1.05;0.41;Tuc;
IC5231;IC5231;Galaxie;338.503;23.3387;15.07;0.72;0.63;Peg;
IC5232;IC5232;Galaxie;339.4088;-68.8722;15.4;0.71;0.47;Ind;
IC5233;IC5233;Galaxie;339.137;25.7632;14.76;0.91;0.84;Peg;
IC5234;IC5234;Galaxie;340.0477;-65.8252;15.3;1.2;0.54;Tuc;
IC5235;IC5235;Galaxie;340.3561;-66.5803;12.38;0.63;0.34;Tuc;
IC5236;IC5236;Galaxie;340.3756;-66.618;15.43;0.84;0.56;Tuc;
IC5238;IC5238;Galaxie;340.374;-60.7579;15.8;0.71;0.44;Tuc;
IC5239;IC5239;Galaxie;337.7799;-38.0265;15.28;1.32;0.62;Gru;
IC5240;IC5240;Galaxie;340.4683;-44.7672;11.66;3.2;2.22;Gru;
IC5241;IC5241;Galaxie;340.4105;2.6399;14.86;0.91;0.74;Aqr;
IC5242;IC5242;Galaxie;340.3134;23.4069;14.69;0.82;0.7;Peg;
IC5243;IC5243;Galaxie;340.3525;23.3746;14.49;0.74;0.63;Peg;
IC5244;IC5244;Galaxie;341.0573;-64.0434;13.69;2.86;0.47;Tuc;
IC5245;IC5245;Galaxie;341.2349;-65.3579;15.07;0.85;0.71;Tuc;
IC5246;IC5246;Galaxie;341.6646;-64.898;14.74;1.02;0.67;Tuc;
IC5247;IC5247;Galaxie;341.709;-65.2739;15.01;1.37;0.4;Tuc;
IC5248;IC5248;Autre;341.1781;-0.3395;;;;Aqr;
IC5249;IC5249;Galaxie;341.7762;-64.832;14.36;4.38;0.36;Tuc;
IC5250;IC5250;Galaxie;341.8351;-65.0587;;3.5;3.5;Tuc;
IC5250A;IC5250A;Galaxie;341.8229;-65.0597;11.11;1.51;1.31;Tuc;
IC5250B;IC5250B;Galaxie;341.8423;-65.0585;12.41;1.74;0.95;Tuc;
IC5251;IC5251;Autre;341.2943;11.1585;;;;Peg;
IC5252;IC5252;Galaxie;342.0375;-68.9029;13.76;1.34;0.77;Ind;
IC5253;IC5253;Galaxie;341.3705;21.8081;15.46;0.89;0.36;Peg;
IC5254;IC5254;Galaxie;341.5021;21.1256;15.56;0.68;0.32;Peg;
IC5255;IC5255;Autre;341.4418;36.2268;;;;Lac;
IC5256;IC5256;Galaxie;342.4409;-68.6907;14.42;1.2;0.51;Ind;
IC5257;IC5257;Galaxie;343.0677;-67.4196;15.25;0.7;0.47;Ind;
IC5258;IC5258;Galaxie;342.8815;23.0806;14.07;1;0.64;Peg;
IC5259;IC5259;Galaxie;343.8112;36.6718;14.7;1.08;0.77;Lac;
IC5261;IC5261;Galaxie;343.6052;-20.3629;13.88;1.44;1.28;Aqr;
IC5262;IC5262;Galaxie;343.8352;-33.8879;13.21;1.35;0.68;PsA;
IC5263;IC5263;Galaxie;344.5565;-69.0521;14.24;1.59;0.73;Ind;
IC5264;IC5264;Galaxie;344.221;-36.5542;13.29;2.43;0.53;Gru;
IC5266;IC5266;Galaxie;344.5868;-65.1297;14.68;1.89;0.52;Tuc;
IC5267;IC5267;Galaxie;344.3065;-43.3961;10.43;5.58;4.06;Gru;
IC5268;IC5268;Autre;344.054;36.5973;;;;Lac;
IC5269;IC5269;Galaxie;344.4319;-36.0262;12.24;1.84;0.75;PsA;
IC5270;IC5270;Galaxie;344.4789;-35.8581;12.88;3.29;1.81;PsA;
IC5271;IC5271;Galaxie;344.5076;-33.7422;11.54;3;1.16;PsA;
IC5272;IC5272;Galaxie;344.8796;-65.1935;14.85;1.07;0.82;Tuc;
IC5273;IC5273;Galaxie;344.8613;-37.7029;11.45;3.07;1.98;Gru;
IC5274;IC5274;Galaxie;344.6152;18.9188;15.17;0.9;0.77;Peg;
IC5275;IC5275;Autre;344.6644;18.8625;;;;Peg;
IC5276;IC5276;Galaxie;344.6656;18.8199;15.14;0.83;0.35;Peg;
IC5277;IC5277;Galaxie;345.4969;-65.1979;15.31;0.59;0.54;Tuc;
IC5278;IC5278;Galaxie;345.066;-8.1788;15.46;1.17;0.4;Aqr;
IC5279;IC5279;Galaxie;345.7609;-69.2097;14.32;0.77;0.67;Ind;
IC5280;IC5280;Galaxie;345.959;-65.2079;15.07;1.32;0.5;Tuc;
IC5281;IC5281;Autre;345.5979;27.0064;;;;Peg;
IC5282;IC5282;Galaxie;345.7008;21.8744;15.14;1.07;0.51;Peg;
IC5283;IC5283;Galaxie;345.825;8.8936;13.92;1.15;0.6;Peg;
IC5284;IC5284;Galaxie;346.6928;19.1221;14.84;1.07;0.38;Peg;
IC5285;IC5285;Galaxie;346.7456;22.9365;13.03;1.32;0.74;Peg;
IC5286;IC5286;Galaxie;347.4813;-68.2531;16.2;0.97;0.21;Ind;
IC5287;IC5287;Galaxie;347.3345;0.7565;14.8;0.91;0.4;Psc;
IC5288;IC5288;Galaxie;347.9343;-68.0941;14.8;0.92;0.79;Ind;
IC5289;IC5289;Galaxie;347.8207;-32.4543;;0.7;0.7;Scl;
IC5289 NED01;IC5289 NED01;Galaxie;347.8217;-32.456;;0.44;0.17;Scl;
IC5289 NED02;IC5289 NED02;Galaxie;347.8221;-32.4519;15.4;1.15;0.74;Scl;
IC5290;IC5290;Galaxie;348.2219;-23.4692;13.62;1.15;0.72;Aqr;
IC5291;IC5291;Galaxie;348.4149;9.2415;15.65;0.34;0.34;Peg;
IC5292;IC5292;Galaxie;348.4461;13.6876;15.29;0.68;0.64;Peg;
IC5293;IC5293;Galaxie;348.686;25.1406;15.76;0.71;0.49;Peg;
IC5295;IC5295;Galaxie;348.8714;25.1205;15.99;0.64;0.55;Peg;
IC5296;IC5296;Galaxie;348.9324;25.0945;15.47;0.79;0.49;Peg;
IC5297;IC5297;Galaxie;348.9935;25.0252;15.87;0.58;0.55;Peg;
IC5298;IC5298;Galaxie;349.0029;25.5567;14.9;0.79;0.7;Peg;
IC5299;IC5299;Galaxie;349.0798;20.8558;;0.43;0.25;Peg;
IC5300;IC5300;Galaxie;349.142;20.8284;15.64;0.81;0.5;Peg;
IC5301;IC5301;Galaxie;349.7476;-69.5621;15.37;1.1;0.58;Ind;
IC5302;IC5302;Galaxie;349.9029;-64.5683;15.02;1.19;0.42;Tuc;
IC5303;IC5303;Autre;349.4781;0.2645;;;;Psc;
IC5304;IC5304;Galaxie;349.719;-10.2593;14.34;1.52;0.94;Aqr;
IC5305;IC5305;Galaxie;349.5259;10.2999;15.59;0.4;0.25;Peg;
IC5306;IC5306;Galaxie;349.5472;10.2461;14.02;0.66;0.29;Peg;
IC5307;IC5307;Galaxie;349.5918;10.2357;17.12;0.3;0.26;Peg;
IC5309;IC5309;Galaxie;349.7985;8.1093;13.56;1.29;0.61;Psc;
IC5310;IC5310;Galaxie;350.1985;-22.1494;15.4;0.5;0.41;Aqr;
IC5311;IC5311;Autre;350.1573;17.2741;;;;Peg;
IC5312;IC5312;Galaxie;350.243;19.318;14.96;0.35;0.35;Peg;
IC5314;IC5314;Galaxie;350.2856;19.3112;15.56;0.68;0.68;Peg;
IC5315;IC5315;Galaxie;350.326;25.3852;14.56;0.92;0.77;Peg;
IC5316;IC5316;Galaxie;350.4755;21.2026;16.25;0.58;0.44;Peg;
IC5317;IC5317;Galaxie;350.8695;21.1635;15.04;0.81;0.62;Peg;
IC5319;IC5319;Galaxie;351.204;13.9965;15.77;0.73;0.64;Peg;
IC5320;IC5320;Galaxie;352.0915;-67.7603;15.18;0.6;0.55;Tuc;
IC5321;IC5321;Galaxie;351.5843;-17.9564;13.98;1.31;0.75;Aqr;
IC5322;IC5322;Galaxie;352.1284;-67.7613;15.3;0.77;0.48;Tuc;
IC5323;IC5323;Galaxie;351.904;-67.8155;14.05;1.64;1.04;Tuc;
IC5324;IC5324;Galaxie;352.074;-67.8214;13.98;1.26;1.12;Tuc;
IC5325;IC5325;Galaxie;352.181;-41.3335;11.28;2.88;2.62;Phe;
IC5326;IC5326;Galaxie;352.3965;-28.8312;15.06;1.02;0.49;Scl;
IC5328;IC5328;Galaxie;353.3186;-45.016;11.37;2.99;1.75;Phe;
IC5329;IC5329;Galaxie;353.29;21.2373;15.62;1.37;0.34;Peg;
IC5330;IC5330;Autre;353.3597;-2.8831;;;;Psc;
IC5331;IC5331;Galaxie;353.3534;21.1301;15.03;1.24;0.43;Peg;
IC5332;IC5332;Galaxie;353.6145;-36.1011;10.03;6.07;5.77;Scl;
IC5334;IC5334;Galaxie;353.6517;-4.5343;14.26;1.91;0.57;Aqr;
IC5335;IC5335;Galaxie;353.9474;-67.397;15.12;1.11;0.48;Tuc;
IC5336;IC5336;Galaxie;354.082;21.0981;;0.9;0.9;Peg;
IC5336 NED01;IC5336 NED01;Galaxie;354.078;21.0995;15.98;0.49;0.29;Peg;
IC5336 NED02;IC5336 NED02;Galaxie;354.0852;21.0967;15.59;0.59;0.44;Peg;
IC5337;IC5337;Galaxie;354.1043;21.1506;14.72;0.96;0.31;Peg;
IC5338;IC5338;Galaxie;354.1268;21.146;13.74;1.26;0.91;Peg;
IC5339;IC5339;Galaxie;354.522;-68.4421;14.65;1.07;0.95;Tuc;
IC5340;IC5340;Autre;354.6348;-4.8546;;;;Aqr;
IC5341;IC5341;Galaxie;354.6117;26.9851;15.74;0.24;0.24;Peg;
IC5342;IC5342;Galaxie;354.6617;27.0114;15.39;0.79;0.63;Peg;
IC5343;IC5343;Galaxie;354.8432;-22.4972;14.2;0.86;0.68;Aqr;
IC5344;IC5344;Autre;354.816;-4.9668;;;;Aqr;
IC5345;IC5345;Galaxie;354.8843;-22.4133;14.19;0.74;0.51;Aqr;
IC5346;IC5346;Galaxie;355.2764;24.9498;15.9;0.6;0.34;Peg;
IC5347;IC5347;Galaxie;355.403;24.8858;15.88;0.72;0.56;Peg;
IC5349;IC5349;Galaxie;356.5951;-28.0051;;1.1;1.1;Scl;
IC5349 NED01;IC5349 NED01;Galaxie;356.5946;-28.006;15.31;1;0.3;Scl;
IC5349 NED02;IC5349 NED02;Galaxie;356.5962;-28.0033;14.96;1.03;1.03;Scl;
IC5350;IC5350;Galaxie;356.811;-27.9577;13.68;1.03;0.84;Scl;
IC5351;IC5351;Galaxie;356.8289;-2.3135;14.64;1.7;0.81;Psc;
IC5352;IC5352;Galaxie;356.8329;-2.2807;16.65;0.45;0.31;Psc;
IC5353;IC5353;Galaxie;356.8691;-28.1095;13.05;1.79;1;Scl;
IC5354;IC5354;Galaxie;356.8681;-28.136;14.98;0.92;0.58;Scl;
IC5355;IC5355;Galaxie;356.8137;32.7828;14.35;1.01;0.76;And;
IC5356;IC5356;Galaxie;356.8491;-2.3513;14.98;0.97;0.52;Psc;
IC5357;IC5357;Galaxie;356.8458;-2.3007;14.03;1.58;0.86;Psc;
IC5358;IC5358;Galaxie;356.9377;-28.1408;12.63;1.48;1.03;Scl;
IC5359;IC5359;Galaxie;356.9078;-2.3167;15.71;1.23;0.27;Psc;
IC5360;IC5360;Autre;356.9739;-37.0587;;;;Scl;
IC5362;IC5362;Galaxie;357.903;-28.3651;12.85;1.56;1.43;Scl;
IC5364;IC5364;Galaxie;359.1042;-29.0233;;1.5;1.5;Scl;
IC5364 NED01;IC5364 NED01;Galaxie;359.0996;-29.0237;14.28;1.07;1.07;Scl;
IC5364 NED02;IC5364 NED02;Galaxie;359.1052;-29.0234;14.39;1;0.92;Scl;
IC5365;IC5365;Autre;359.3941;-37.0249;;;;Scl;
IC5366;IC5366;Autre;359.4183;52.7916;;;;Cas;
IC5367;IC5367;Galaxie;359.6621;22.4491;16.8;0.56;0.42;Peg;
IC5369;IC5369;Galaxie;359.9606;32.7024;15.23;0.91;0.45;And;
IC5370;IC5370;Galaxie;0.0382;32.7384;14.76;0.78;0.71;And;
IC5371;IC5371;Galaxie;0.0616;32.832;15.7;0.52;0.45;And;
IC5372;IC5372;Galaxie;0.0678;32.7926;15.61;0.4;0.35;And;
IC5373;IC5373;Galaxie;0.12;32.7824;15.07;0.67;0.51;And;
IC5374;IC5374;Galaxie;0.2688;4.5002;15.37;0.67;0.57;Psc;
IC5375;IC5375;Galaxie;0.2699;4.5406;15.23;0.9;0.51;Psc;
IC5376;IC5376;Galaxie;0.3324;34.5257;14.61;1.64;0.44;And;
IC5377;IC5377;Galaxie;0.5225;16.5903;15.56;0.91;0.54;Peg;
IC5378;IC5378;Galaxie;0.6575;16.6481;;1.5;1.5;Peg;
IC5378 NED01;IC5378 NED01;Galaxie;0.6579;16.6438;15.09;0.55;0.55;Peg;
IC5378 NED02;IC5378 NED02;Galaxie;0.6571;16.6522;16.84;0.6;0.53;Peg;
IC5379;IC5379;Galaxie;0.6696;16.6003;15.69;0.55;0.26;Peg;
IC5380;IC5380;Galaxie;0.7065;-66.1865;15.47;0.84;0.37;Tuc;
IC5381;IC5381;Galaxie;0.797;15.9657;14.85;1.23;0.37;Peg;
IC5382;IC5382;Galaxie;0.8592;-65.1967;15.29;0.85;0.79;Tuc;
IC5383;IC5383;Autre;0.9533;16.0142;;;;Peg;
IC5385;IC5385;Autre;1.5988;-0.0767;;;;Psc;
NGC0001;NGC0001;Galaxie;1.816;27.7081;12.93;1.57;1.07;Peg;
NGC0002;NGC0002;Galaxie;1.8213;27.6784;14.17;0.95;0.47;Peg;
NGC0003;NGC0003;Galaxie;1.82;8.3016;13.4;1.02;0.59;Psc;
NGC0004;NGC0004;Galaxie;1.8517;8.3738;16.36;0.53;0.24;Psc;
NGC0005;NGC0005;Galaxie;1.9536;35.3623;14.61;0.98;0.59;And;
NGC0006;NGC0006;Galaxie;2.3862;33.3087;14.41;1.73;1.34;And;
NGC0007;NGC0007;Galaxie;2.0873;-29.915;13.84;2.47;0.53;Scl;
NGC0008;NGC0008;Autre;2.1888;23.8389;15.32;;;Peg;
NGC0009;NGC0009;Galaxie;2.2279;23.817;14.59;0.7;0.31;Peg;
NGC0010;NGC0010;Galaxie;2.1439;-33.8583;12.49;2.35;1.27;Scl;
NGC0011;NGC0011;Galaxie;2.1771;37.4479;14.44;1.44;0.22;And;
NGC0012;NGC0012;Galaxie;2.1865;4.6125;13.18;1.52;1.21;Psc;
NGC0013;NGC0013;Galaxie;2.1988;33.4333;14.08;2.28;0.6;And;
NGC0014;NGC0014;Galaxie;2.1933;15.8156;12.44;1.53;1.01;Peg;
NGC0015;NGC0015;Galaxie;2.2603;21.6245;15.08;1.07;0.56;Peg;
NGC0016;NGC0016;Galaxie;2.2679;27.7294;12;1.74;0.85;Peg;
NGC0017;NGC0017;Galaxie;2.7773;-12.1073;13.52;1.15;0.39;Cet;
NGC0018;NGC0018;Autre;2.3462;27.7321;14;;;Peg;
NGC0019;NGC0019;Galaxie;2.6703;32.9831;13.83;1.21;0.6;And;
NGC0021;NGC0021;Galaxie;2.6954;33.3528;13.42;1.38;0.63;And;
NGC0022;NGC0022;Galaxie;2.4508;27.8323;14.83;1.21;0.74;Peg;
NGC0023;NGC0023;Galaxie;2.4725;25.9238;11.98;1.55;1.22;Peg;
NGC0024;NGC0024;Galaxie;2.4856;-24.9631;11.52;6.18;2.4;Scl;
NGC0025;NGC0025;Galaxie;2.497;-57.0208;15.5;1.43;1.1;Phe;
NGC0026;NGC0026;Galaxie;2.6078;25.8318;13.84;1.12;0.76;Peg;
NGC0027;NGC0027;Galaxie;2.6365;28.9962;14.43;1.22;0.46;And;
NGC0028;NGC0028;Galaxie;2.6052;-56.9891;15.8;0.92;0.81;Phe;
NGC0030;NGC0030;Autre;2.7116;21.977;;;;Peg;
NGC0031;NGC0031;Galaxie;2.66;-56.9865;14.58;1.17;0.53;Phe;
NGC0032;NGC0032;Autre;2.7233;18.796;;;;Peg;
NGC0033;NGC0033;Autre;2.736;3.6759;;;;Psc;
NGC0035;NGC0035;Galaxie;2.7937;-12.0209;14.88;0.76;0.62;Cet;
NGC0036;NGC0036;Galaxie;2.8429;6.3894;14.39;2.14;1.32;Psc;
NGC0037;NGC0037;Galaxie;2.8455;-56.9573;14.94;1.11;0.68;Phe;
NGC0038;NGC0038;Galaxie;2.9458;-5.5863;14.34;1.14;1.05;Psc;
NGC0039;NGC0039;Galaxie;3.0786;31.0611;14.34;1.1;0.99;And;
NGC0040;NGC0040;Nebuleuse;3.2543;72.5219;11.89;0.8;0.8;Cep;Bow-Tie nebula
NGC0041;NGC0041;Galaxie;3.1999;22.0234;14.52;0.94;0.53;Peg;
NGC0042;NGC0042;Galaxie;3.2348;22.1003;15.07;0.86;0.5;Peg;
NGC0043;NGC0043;Galaxie;3.2531;30.9153;13.87;1.39;1.21;And;
NGC0044;NGC0044;Autre;3.3058;31.2863;;;;And;
NGC0045;NGC0045;Galaxie;3.5166;-23.1821;10.44;6.18;4.44;Cet;
NGC0046;NGC0046;Autre;3.5411;5.9877;11.68;;;Psc;
NGC0047;NGC0047;Galaxie;3.6277;-7.1674;13.5;1.35;1.09;Cet;
NGC0048;NGC0048;Galaxie;3.5091;48.2349;14.93;1.34;0.61;And;
NGC0049;NGC0049;Galaxie;3.5935;48.2466;15.2;0.93;0.59;And;
NGC0050;NGC0050;Galaxie;3.6857;-7.3451;12.79;2.04;1.17;Cet;
NGC0051;NGC0051;Galaxie;3.6455;48.2557;14.44;1.4;0.8;And;
NGC0052;NGC0052;Galaxie;3.6671;18.582;14.34;2.26;0.61;Peg;
NGC0053;NGC0053;Galaxie;3.6785;-60.3288;12.64;1.54;0.95;Tuc;
NGC0054;NGC0054;Galaxie;3.782;-7.1067;14.31;1.35;0.49;Cet;
NGC0055;NGC0055;Galaxie;3.7233;-39.1966;8.54;29.85;3.05;Scl;
NGC0056;NGC0056;Autre;3.8361;12.4445;;;;Psc;
NGC0057;NGC0057;Galaxie;3.8786;17.3285;11.65;2.11;1.6;Psc;
NGC0059;NGC0059;Galaxie;3.8547;-21.4444;12.45;2.38;1.24;Cet;
NGC0060;NGC0060;Galaxie;3.9927;-0.3035;14.86;1.03;0.66;Psc;
NGC0061;NGC0061;Galaxie;4.1008;-6.3194;;1.5;1.5;Cet;
NGC0061A;NGC0061A;Galaxie;4.1014;-6.3219;14.1;1.48;1.14;Cet;
NGC0061B;NGC0061B;Galaxie;4.1003;-6.3189;14.04;1.34;1.04;Cet;
NGC0062;NGC0062;Galaxie;4.2726;-13.4871;14.29;0.99;0.73;Cet;
NGC0063;NGC0063;Galaxie;4.4397;11.4503;12.53;1.72;1.04;Psc;
NGC0064;NGC0064;Galaxie;4.3765;-6.8246;14.09;1.38;0.9;Cet;
NGC0065;NGC0065;Galaxie;4.7446;-22.8804;14.67;1.02;0.83;Cet;
NGC0066;NGC0066;Galaxie;4.7706;-22.9364;14.12;1.24;0.5;Cet;
NGC0067;NGC0067;Galaxie;4.5508;30.0555;16.47;0.49;0.33;And;
NGC0068;NGC0068;Galaxie;4.577;30.0718;14.42;1.29;1.2;And;
NGC0069;NGC0069;Galaxie;4.5855;30.04;14.71;0.6;0.43;And;
NGC0070;NGC0070;Galaxie;4.5939;30.0796;14.5;1.69;1.39;And;
NGC0071;NGC0071;Galaxie;4.5983;30.0633;14.09;1.95;1.46;And;
NGC0072;NGC0072;Galaxie;4.6182;30.0407;13.56;1.16;1.06;And;
NGC0072A;NGC0072A;Galaxie;4.6429;30.0364;14.64;0.38;0.29;And;
NGC0073;NGC0073;Galaxie;4.6625;-15.3223;14.37;1.68;1.01;Cet;
NGC0074;NGC0074;Galaxie;4.7056;30.062;15.64;0.83;0.35;And;
NGC0075;NGC0075;Galaxie;4.8597;6.4494;14.64;1.82;1.82;Psc;
NGC0076;NGC0076;Galaxie;4.9075;29.9339;14.06;1.28;1;And;
NGC0077;NGC0077;Galaxie;5.0069;-22.5321;15.92;0.48;0.44;Cet;
NGC0078;NGC0078;Galaxie;5.1108;0.8297;;1.9;1.9;Psc;
NGC0078A;NGC0078A;Galaxie;5.1075;0.8263;13.72;1.17;0.65;Psc;
NGC0078B;NGC0078B;Galaxie;5.1146;0.8336;13.5;1;0.82;Psc;
NGC0079;NGC0079;Galaxie;5.2619;22.5666;15.16;0.79;0.72;And;
NGC0080;NGC0080;Galaxie;5.2952;22.3572;12.3;1.82;1.61;And;
NGC0081;NGC0081;Galaxie;5.3053;22.3829;16.37;0.41;0.3;And;
NGC0082;NGC0082;Autre;5.3231;22.4604;;;;And;
NGC0083;NGC0083;Galaxie;5.3433;22.4336;12.55;1.25;1.1;And;
NGC0084;NGC0084;Autre;5.3385;22.6197;;;;And;
NGC0085;NGC0085;Galaxie;5.3564;22.5118;15.79;0.69;0.62;And;
NGC0085B;NGC0085B;Galaxie;5.3708;22.5058;15.51;1.06;0.34;And;
NGC0086;NGC0086;Galaxie;5.369;22.5564;14.85;0.75;0.28;And;
NGC0087;NGC0087;Galaxie;5.3095;-48.6282;14.26;0.86;0.71;Phe;
NGC0088;NGC0088;Galaxie;5.3422;-48.6402;14.41;0.85;0.49;Phe;
NGC0089;NGC0089;Galaxie;5.3515;-48.6653;13.49;1.24;0.56;Phe;
NGC0090;NGC0090;Galaxie;5.4642;22.4;13.77;0.98;0.81;And;
NGC0091;NGC0091;Autre;5.4655;22.3684;15.2;;;And;
NGC0092;NGC0092;Galaxie;5.3821;-48.6247;13.19;1.65;0.76;Phe;
NGC0093;NGC0093;Galaxie;5.5135;22.4081;13.27;1.3;0.73;And;
NGC0094;NGC0094;Galaxie;5.5564;22.4831;15.4;0.51;0.31;And;
NGC0095;NGC0095;Galaxie;5.5564;10.4916;12.61;1.46;1.08;Psc;
NGC0096;NGC0096;Galaxie;5.5738;22.5463;15.49;0.68;0.64;And;
NGC0097;NGC0097;Galaxie;5.625;29.7454;13.41;1.32;1.16;And;
NGC0098;NGC0098;Galaxie;5.7064;-45.269;12.7;1.62;1.37;Phe;
NGC0099;NGC0099;Galaxie;5.9975;15.7704;13.78;1.05;0.88;Psc;
NGC0100;NGC0100;Galaxie;6.0118;16.4864;13.21;3.55;0.49;Psc;
NGC0101;NGC0101;Galaxie;5.9775;-32.5362;12.84;1.93;1.82;Scl;
NGC0102;NGC0102;Galaxie;6.1522;-13.9564;14.38;0.94;0.57;Cet;
NGC0103;NGC0103;Amas ouvert;6.3183;61.3235;9.8;2.7;2.7;Cas;
NGC0104;NGC0104;Amas globulaire;6.0223;-72.0814;4.09;31.8;31.8;Tuc;47 Tuc Cluster
NGC0105;NGC0105;Galaxie;6.3199;12.8839;13.2;0.81;0.65;Psc;
NGC0106;NGC0106;Galaxie;6.1823;-5.1488;14.53;0.93;0.71;Psc;
NGC0107;NGC0107;Galaxie;6.4258;-8.2828;15.03;0.78;0.49;Cet;
NGC0108;NGC0108;Galaxie;6.4989;29.2121;13.26;1.69;1.14;And;
NGC0109;NGC0109;Galaxie;6.561;21.8073;13.74;1.05;0.82;And;
NGC0110;NGC0110;Amas ouvert;6.8542;71.3915;;3.9;3.9;Cas;
NGC0111;NGC0111;Autre;6.66;-2.625;;;;Cet;
NGC0112;NGC0112;Galaxie;6.703;31.7033;14.45;1.02;0.49;And;
NGC0113;NGC0113;Galaxie;6.7277;-2.5009;14.01;1.23;1;Cet;
NGC0114;NGC0114;Galaxie;6.7426;-1.7862;14.69;0.98;0.75;Cet;
NGC0115;NGC0115;Galaxie;6.6928;-33.6771;13.72;2.09;0.73;Scl;
NGC0116;NGC0116;Galaxie;6.7718;-7.6683;14.7;1.08;0.53;Cet;
NGC0117;NGC0117;Galaxie;6.7961;1.3337;15.41;1;0.46;Cet;
NGC0118;NGC0118;Galaxie;6.8176;-1.7801;14.83;0.8;0.58;Cet;
NGC0119;NGC0119;Galaxie;6.74;-56.9781;15.7;1.2;1.12;Phe;
NGC0120;NGC0120;Galaxie;6.8753;-1.5135;14.56;1.51;0.5;Cet;
NGC0121;NGC0121;Amas globulaire;6.701;-71.5357;11.24;3.8;3.1;Tuc;
NGC0122;NGC0122;Autre;6.9097;-1.6405;;;;Cet;
NGC0123;NGC0123;Autre;6.9166;-1.6276;;;;Cet;
NGC0124;NGC0124;Galaxie;6.9682;-1.8102;13.73;1.26;0.72;Cet;
NGC0125;NGC0125;Galaxie;7.2091;2.8389;12.34;1.4;1.22;Psc;
NGC0126;NGC0126;Galaxie;7.2837;2.8111;15.46;0.71;0.58;Psc;
NGC0127;NGC0127;Galaxie;7.3015;2.8727;15.32;0.93;0.42;Psc;
NGC0128;NGC0128;Galaxie;7.3127;2.8641;11.63;3.16;0.87;Psc;
NGC0129;NGC0129;Amas ouvert;7.4925;60.2112;6.5;5.4;5.4;Cas;
NGC0130;NGC0130;Galaxie;7.3273;2.8704;14.81;0.72;0.42;Psc;
NGC0131;NGC0131;Galaxie;7.4105;-33.2597;13.21;1.81;0.67;Scl;
NGC0132;NGC0132;Galaxie;7.5446;2.0934;13.71;1.6;1.09;Cet;
NGC0133;NGC0133;Amas ouvert;7.8207;63.3526;9.4;2.1;2.1;Cas;
NGC0134;NGC0134;Galaxie;7.5915;-33.244;10.31;8.38;1.79;Scl;
NGC0135;NGC0135;Galaxie;7.9414;-13.3375;15.01;0.66;0.35;Cet;
NGC0136;NGC0136;Amas ouvert;7.8783;61.5093;;3.3;3.3;Cas;
NGC0137;NGC0137;Galaxie;7.7421;10.2084;12.79;1.38;1.38;Psc;
NGC0138;NGC0138;Galaxie;7.7468;5.1598;14.73;1.25;0.64;Psc;
NGC0139;NGC0139;Galaxie;7.7767;5.0787;15.45;0.77;0.44;Psc;
NGC0140;NGC0140;Galaxie;7.8353;30.7925;14.16;0.87;0.75;And;
NGC0141;NGC0141;Galaxie;7.8227;5.1798;15.33;0.86;0.55;Psc;
NGC0142;NGC0142;Galaxie;7.7837;-22.6187;14.55;0.97;0.39;Cet;
NGC0143;NGC0143;Galaxie;7.8151;-22.5599;15.31;1.06;0.32;Cet;
NGC0144;NGC0144;Galaxie;7.8361;-22.6457;14.36;0.82;0.78;Cet;
NGC0145;NGC0145;Galaxie;7.9406;-5.1526;12.75;1.76;1.43;Cet;
NGC0146;NGC0146;Amas ouvert;8.2664;63.309;9.1;3.6;3.6;Cas;
NGC0147;NGC0147;Galaxie;8.3005;48.5087;9.72;9.4;5.41;Cas;
NGC0148;NGC0148;Galaxie;8.5646;-31.786;12.16;1.98;0.71;Scl;
NGC0149;NGC0149;Galaxie;8.4594;30.7234;14.96;0.91;0.49;And;
NGC0150;NGC0150;Galaxie;8.5645;-27.8036;11.41;3.54;1.6;Scl;
NGC0151;NGC0151;Galaxie;8.5116;-9.7053;11.66;3.74;2.31;Cet;
NGC0152;NGC0152;Amas ouvert;8.2186;-73.1204;12.26;3;3;Tuc;
NGC0154;NGC0154;Galaxie;8.5811;-12.6563;15.18;1.01;0.9;Cet;
NGC0155;NGC0155;Galaxie;8.667;-10.7665;14.15;1.49;1.29;Cet;
NGC0156;NGC0156;Autre;8.6493;-8.3401;;;;Cet;
NGC0157;NGC0157;Galaxie;8.6948;-8.3964;13.11;3.7;1.9;Cet;
NGC0158;NGC0158;Autre;8.7733;-8.3457;;;;Cet;
NGC0159;NGC0159;Galaxie;8.648;-55.79;14.87;1.4;0.57;Phe;
NGC0160;NGC0160;Galaxie;9.0169;23.9579;12.66;1.98;0.89;And;
NGC0161;NGC0161;Galaxie;8.8914;-2.8487;14.36;1.36;0.72;Cet;
NGC0162;NGC0162;Autre;9.0386;23.9624;;;;And;
NGC0163;NGC0163;Galaxie;8.9993;-10.1217;12.74;1.43;1.32;Cet;
NGC0164;NGC0164;Galaxie;9.1371;2.7498;15.95;0.53;0.49;Psc;
NGC0165;NGC0165;Galaxie;9.1205;-10.1062;13.19;1.63;1.06;Cet;
NGC0166;NGC0166;Galaxie;8.9533;-13.6106;15.18;0.89;0.33;Cet;
NGC0167;NGC0167;Galaxie;8.8462;-23.375;14.32;0.97;0.54;Cet;
NGC0168;NGC0168;Galaxie;9.1611;-22.5935;14.88;1.31;0.29;Cet;
NGC0169;NGC0169;Galaxie;9.215;23.9909;13.1;1.53;0.66;And;
NGC0169A;NGC0169A;Galaxie;9.218;23.985;13.68;0.83;0.44;And;
NGC0170;NGC0170;Galaxie;9.1909;1.8865;15.36;0.7;0.51;Cet;
NGC0171;NGC0171;Galaxie;9.3397;-19.9342;12.25;2.06;1.29;Cet;
NGC0172;NGC0172;Galaxie;9.3067;-22.587;13.52;2.04;0.4;Cet;
NGC0173;NGC0173;Galaxie;9.302;1.9423;13.45;2.09;1.54;Cet;
NGC0174;NGC0174;Galaxie;9.2456;-29.4778;13.8;1.57;0.69;Scl;
NGC0176;NGC0176;Amas ouvert;8.9911;-73.1664;13.01;1.2;1.2;Tuc;
NGC0177;NGC0177;Galaxie;9.3931;-22.5493;14.15;2.11;0.5;Cet;
NGC0178;NGC0178;Galaxie;9.785;-14.1728;12.57;2.11;0.58;Cet;
NGC0179;NGC0179;Galaxie;9.4428;-17.8495;13.21;1.12;0.96;Cet;
NGC0180;NGC0180;Galaxie;9.4904;8.6352;14.19;2.2;1.48;Psc;
NGC0181;NGC0181;Galaxie;9.5967;29.4726;15.53;0.86;0.25;And;
NGC0182;NGC0182;Galaxie;9.5516;2.7286;12.57;1.86;1.3;Psc;
NGC0183;NGC0183;Galaxie;9.6225;29.5112;12.74;1.02;0.75;And;
NGC0184;NGC0184;Galaxie;9.6491;29.4476;15.46;0.73;0.27;And;
NGC0185;NGC0185;Galaxie;9.7415;48.3374;9.2;12.94;10.76;Cas;
NGC0186;NGC0186;Galaxie;9.6054;3.1664;14.72;1.39;0.83;Psc;
NGC0187;NGC0187;Galaxie;9.8767;-14.6563;14;1.53;0.49;Cet;
NGC0188;NGC0188;Amas ouvert;11.8647;85.2696;8.1;17.7;17.7;Cep;
NGC0189;NGC0189;Amas ouvert;9.8987;61.0945;8.8;2.7;2.7;Cas;
NGC0190;NGC0190;Galaxie;9.7279;7.0597;;1.1;1.1;Psc;
NGC0190 NED01;NGC0190 NED01;Galaxie;9.7278;7.0627;14.93;0.93;0.76;Psc;
NGC0190 NED02;NGC0190 NED02;Galaxie;9.728;7.0567;15.71;0.72;0.71;Psc;
NGC0191;NGC0191;Galaxie;9.7477;-9.0026;13.81;1;0.71;Cet;
NGC0191A;NGC0191A;Galaxie;9.751;-9.0146;14.59;0.87;0.3;Cet;
NGC0192;NGC0192;Galaxie;9.806;0.8643;12.64;2.06;0.82;Cet;
NGC0193;NGC0193;Galaxie;9.8275;3.3311;12.3;2.07;1.45;Psc;
NGC0194;NGC0194;Galaxie;9.8268;3.0374;12.13;1.73;1.5;Psc;
NGC0195;NGC0195;Galaxie;9.8991;-9.1945;13.45;1.22;0.74;Cet;
NGC0196;NGC0196;Galaxie;9.8243;0.9128;13.49;1.27;0.92;Cet;
NGC0197;NGC0197;Galaxie;9.8283;0.8919;13.53;0.94;0.72;Cet;
NGC0198;NGC0198;Galaxie;9.8457;2.7979;13.1;1.28;1.17;Psc;
NGC0199;NGC0199;Galaxie;9.8882;3.1385;14.61;1.14;0.69;Psc;
NGC0200;NGC0200;Galaxie;9.8953;2.8874;12.65;1.8;1.02;Psc;
NGC0201;NGC0201;Galaxie;9.8951;0.8599;12.99;1.71;1.32;Cet;
NGC0202;NGC0202;Galaxie;9.916;3.5363;15.45;0.96;0.33;Psc;
NGC0203;NGC0203;Galaxie;9.9147;3.4429;14.92;0.98;0.27;Psc;
NGC0204;NGC0204;Galaxie;9.9345;3.2996;12.96;1.4;1.09;Psc;
NGC0205;NGC0205;Galaxie;10.092;41.6853;8.15;16.22;9.59;And;
NGC0206;NGC0206;Amas ouvert;10.1304;40.7393;;;;And;
NGC0207;NGC0207;Galaxie;9.9196;-14.2371;14.74;0.91;0.49;Cet;
NGC0208;NGC0208;Galaxie;10.0732;2.7565;15.45;0.77;0.65;Psc;
NGC0209;NGC0209;Galaxie;9.765;-18.6083;14.09;1.14;0.99;Cet;
NGC0210;NGC0210;Galaxie;10.1459;-13.8728;11.12;4.98;3.02;Cet;
NGC0212;NGC0212;Galaxie;10.0555;-56.153;15.4;1.91;1.42;Phe;
NGC0213;NGC0213;Galaxie;10.2917;16.4694;14.72;1.44;1.11;Psc;
NGC0214;NGC0214;Galaxie;10.3668;25.4994;12.21;1.87;1.3;And;
NGC0215;NGC0215;Galaxie;10.2036;-56.2141;14.09;1.15;0.92;Phe;
NGC0216;NGC0216;Galaxie;10.3631;-21.0454;13.21;1.35;0.63;Cet;
NGC0217;NGC0217;Galaxie;10.3912;-10.0214;12.1;3.2;0.69;Cet;
NGC0218;NGC0218;Galaxie;11.6333;36.3256;13.53;1.32;0.71;And;
NGC0219;NGC0219;Galaxie;10.5471;0.9046;15.23;0.59;0.46;Cet;
NGC0220;NGC0220;Amas ouvert;10.1245;-73.404;14.39;1.2;1.2;Tuc;
NGC0221;NGC0221;Galaxie;10.6743;40.8653;8.13;7.74;4.86;And;
NGC0222;NGC0222;Amas ouvert;10.1821;-73.3857;12.64;1.2;1.2;Tuc;
NGC0223;NGC0223;Galaxie;10.5662;0.8455;14.33;1.18;0.78;Cet;
NGC0224;NGC0224;Galaxie;10.6848;41.2691;3.44;177.83;69.66;And;Andromeda Galaxy
NGC0225;NGC0225;Amas ouvert;10.9016;61.7669;7;4.2;4.2;Cas;
NGC0226;NGC0226;Galaxie;10.7252;32.581;14.38;0.79;0.78;And;
NGC0227;NGC0227;Galaxie;10.6535;-1.5288;12.16;1.91;1.44;Cet;
NGC0228;NGC0228;Galaxie;10.7271;23.5031;14.82;0.89;0.81;And;
NGC0229;NGC0229;Galaxie;10.7693;23.5091;14.62;1.08;0.48;And;
NGC0230;NGC0230;Galaxie;10.6132;-23.6288;15.61;1.3;0.28;Cet;
NGC0231;NGC0231;Amas ouvert;10.2768;-73.3524;12.87;1.8;1.8;Tuc;
NGC0232;NGC0232;Galaxie;10.6909;-23.5614;14.46;0.98;0.7;Cet;
NGC0233;NGC0233;Galaxie;10.9023;30.587;13.76;1.25;1.11;And;
NGC0234;NGC0234;Galaxie;10.885;14.3426;13.43;1.57;1.22;Psc;
NGC0235;NGC0235;Galaxie;10.7217;-23.5433;;2;2;Cet;
NGC0235A;NGC0235A;Galaxie;10.72;-23.541;13.55;1.38;0.62;Cet;
NGC0235B;NGC0235B;Galaxie;10.7233;-23.5456;13.97;1.29;1.29;Cet;
NGC0236;NGC0236;Galaxie;10.8648;2.9582;14.44;1.15;1.03;Psc;
NGC0237;NGC0237;Galaxie;10.866;-0.1249;13.6;1.3;0.8;Cet;
NGC0238;NGC0238;Galaxie;10.8573;-50.1828;12.51;2.02;1.6;Phe;
NGC0239;NGC0239;Galaxie;11.1563;-3.7593;14.28;0.94;0.37;Cet;
NGC0240;NGC0240;Galaxie;11.258;6.1134;14.72;1.35;1.28;Psc;
NGC0241;NGC0241;Amas ouvert;10.8814;-73.4405;;0.95;0.95;Tuc;
NGC0242;NGC0242;Amas ouvert;10.8907;-73.4463;12.1;0.75;0.75;Tuc;
NGC0243;NGC0243;Galaxie;11.5036;29.9595;14.53;0.92;0.51;And;
NGC0244;NGC0244;Galaxie;11.4435;-15.5969;13.79;1.04;1.04;Cet;
NGC0245;NGC0245;Galaxie;11.5225;-1.7234;12.35;1.2;1.12;Cet;
NGC0246;NGC0246;Nebuleuse;11.764;-11.8719;10.9;4.08;4.08;Cet;
NGC0247;NGC0247;Galaxie;11.7856;-20.7604;9.21;19.68;5.55;Cet;
NGC0247A;NGC0247A;Galaxie;11.8673;-20.3976;17.22;0.52;0.25;Cet;
NGC0247B;NGC0247B;Galaxie;11.8965;-20.4287;14.43;1.05;0.42;Cet;
NGC0247C;NGC0247C;Galaxie;11.9071;-20.4528;16.39;0.55;0.2;Cet;
NGC0247D;NGC0247D;Galaxie;11.9041;-20.486;15.7;0.61;0.25;Cet;
NGC0248;NGC0248;Amas ouvert;11.3502;-73.3798;;1.4;1.1;Tuc;
NGC0249;NGC0249;Nebuleuse;11.3869;-73.0801;13.8;1.1;0.7;Tuc;
NGC0250;NGC0250;Galaxie;11.8167;7.91;14.83;1.28;0.68;Psc;
NGC0251;NGC0251;Galaxie;11.9751;19.5968;12.6;1.73;1.02;Psc;
NGC0252;NGC0252;Galaxie;12.0062;27.6236;12.49;1.62;1.16;And;
NGC0253;NGC0253;Galaxie;11.888;-25.2882;11.11;26.79;4.58;Scl;Sculptor Filament
NGC0254;NGC0254;Galaxie;11.865;-31.4218;11.67;2.77;1.8;Scl;
NGC0255;NGC0255;Galaxie;11.9471;-11.4687;11.93;2.04;1.85;Cet;
NGC0256;NGC0256;Amas ouvert;11.4722;-73.5068;12.5;0.9;0.9;Tuc;
NGC0257;NGC0257;Galaxie;12.0063;8.2971;12.62;1.83;1.32;Psc;
NGC0258;NGC0258;Galaxie;12.0533;27.6572;15.23;0.51;0.42;And;
NGC0259;NGC0259;Galaxie;12.0137;-2.7753;13.7;2.86;1.09;Cet;
NGC0260;NGC0260;Galaxie;12.1444;27.6924;14.27;0.76;0.68;And;
NGC0261;NGC0261;Nebuleuse;11.6163;-73.1036;13;1.3;1.1;Tuc;
NGC0262;NGC0262;Galaxie;12.1964;31.957;14.38;1.17;0.62;And;
NGC0263;NGC0263;Galaxie;12.202;-13.1074;15.11;0.8;0.4;Cet;
NGC0264;NGC0264;Galaxie;12.0873;-38.2344;14.5;1.26;0.47;Scl;
NGC0265;NGC0265;Amas ouvert;11.7923;-73.4772;12.17;1.2;1.2;Tuc;
NGC0266;NGC0266;Galaxie;12.4492;32.2777;11.82;2.92;2.83;Psc;
NGC0267;NGC0267;Amas ouvert;12.0121;-73.274;;2;1.7;Tuc;
NGC0268;NGC0268;Galaxie;12.5398;-5.1937;13.03;1.42;0.93;Cet;
NGC0269;NGC0269;Amas ouvert;12.0918;-73.5315;12.59;1.2;1.2;Tuc;
NGC0270;NGC0270;Galaxie;12.6355;-8.6516;13.78;1.77;1.24;Cet;
NGC0271;NGC0271;Galaxie;12.6744;-1.9103;13.2;2.38;1.28;Cet;
NGC0272;NGC0272;Amas ouvert;12.8548;35.8218;;;;And;
NGC0273;NGC0273;Galaxie;12.7019;-6.8857;12.92;1.96;0.54;Cet;
NGC0274;NGC0274;Galaxie;12.7577;-7.0569;13.38;1.27;1.08;Cet;
NGC0275;NGC0275;Galaxie;12.7675;-7.0667;12.43;1.75;1.39;Cet;
NGC0276;NGC0276;Galaxie;13.0274;-22.6801;15.85;1.1;0.36;Cet;
NGC0277;NGC0277;Galaxie;12.8218;-8.5968;14.36;1.34;1.11;Cet;
NGC0278;NGC0278;Galaxie;13.018;47.5505;10.85;2.36;2.3;Cas;
NGC0279;NGC0279;Galaxie;13.0373;-2.2184;13.96;1.41;1.06;Cet;
NGC0280;NGC0280;Galaxie;13.1261;24.3506;14.55;1;0.66;And;
NGC0281;NGC0281;Nebuleuse;13.2473;56.6219;;35;30;Cas;
NGC0282;NGC0282;Galaxie;13.1756;30.6391;14.59;1.25;0.97;Psc;
NGC0283;NGC0283;Galaxie;13.305;-13.1639;15.36;1.14;0.62;Cet;
NGC0284;NGC0284;Galaxie;13.3511;-13.1589;15.93;0.62;0.55;Cet;
NGC0285;NGC0285;Galaxie;13.3745;-13.1607;16.13;0.76;0.65;Cet;
NGC0286;NGC0286;Galaxie;13.3766;-13.1128;15.33;0.88;0.42;Cet;
NGC0287;NGC0287;Galaxie;13.3679;32.4823;14.74;0.83;0.64;Psc;
NGC0288;NGC0288;Amas globulaire;13.1977;-26.5899;8.13;9.6;9.6;Scl;
NGC0289;NGC0289;Galaxie;13.1765;-31.2058;11.18;3.36;2.51;Scl;
NGC0290;NGC0290;Amas ouvert;12.8091;-73.1615;11.71;1.1;1.1;Tuc;
NGC0291;NGC0291;Galaxie;13.3747;-8.7678;14.64;0.98;0.53;Cet;
NGC0292;NGC0292;Galaxie;13.1866;-72.8286;2.3;299.92;179.89;Tuc;Small Magellanic Cloud
NGC0293;NGC0293;Galaxie;13.5665;-7.2355;15.05;1.12;0.63;Cet;
NGC0294;NGC0294;Amas ouvert;13.2696;-73.3804;12.24;1.7;1.7;Tuc;
NGC0295;NGC0295;Galaxie;14.8845;31.7981;14.98;0.59;0.54;Psc;
NGC0296;NGC0296;Galaxie;13.7813;31.5423;12.29;2.23;0.88;Psc;
NGC0297;NGC0297;Galaxie;13.7456;-7.3497;16.88;0.35;0.29;Cet;
NGC0298;NGC0298;Galaxie;13.7598;-7.3331;16.52;1.47;0.49;Cet;
NGC0299;NGC0299;Amas ouvert;13.3503;-72.1971;11.73;0.9;0.9;Tuc;
NGC0300;NGC0300;Galaxie;13.7228;-37.6844;8.66;19.41;13.06;Scl;
NGC0301;NGC0301;Galaxie;14.0765;-10.6739;15.62;0.64;0.59;Cet;
NGC0302;NGC0302;Autre;14.1055;-10.6632;;;;Cet;
NGC0303;NGC0303;Galaxie;13.728;-16.6546;15.35;0.73;0.26;Cet;
NGC0304;NGC0304;Galaxie;14.0251;24.1269;12.67;1.17;0.76;And;
NGC0305;NGC0305;Autre;14.0872;12.0651;;;;Psc;
NGC0306;NGC0306;Amas ouvert;13.5591;-72.2423;12.07;1.1;1.1;Tuc;
NGC0307;NGC0307;Galaxie;14.1357;-1.7719;12.79;1.61;0.67;Cet;
NGC0308;NGC0308;Autre;14.1426;-1.7839;;;;Cet;
NGC0309;NGC0309;Galaxie;14.1778;-9.9139;12.17;2.23;1.95;Cet;
NGC0310;NGC0310;Autre;14.1999;-1.7658;;;;Cet;
NGC0311;NGC0311;Galaxie;14.3864;30.2807;13;1.36;0.69;Psc;
NGC0312;NGC0312;Galaxie;14.0664;-52.7827;12.39;1.84;1.38;Phe;
NGC0313;NGC0313;Autre;14.4402;30.3661;;;;Psc;
NGC0314;NGC0314;Galaxie;14.2184;-31.963;14.4;1;0.77;Scl;
NGC0315;NGC0315;Galaxie;14.4537;30.3524;11.6;2.86;2.14;Psc;
NGC0316;NGC0316;Autre;14.4685;30.3543;16.8;;;Psc;
NGC0317;NGC0317;Galaxie;14.4154;43.7964;;1.83;1.83;And;
NGC0317A;NGC0317A;Galaxie;14.4127;43.8008;13.56;1.21;0.96;And;
NGC0317B;NGC0317B;Galaxie;14.4185;43.7922;13.94;0.97;0.45;And;
NGC0318;NGC0318;Galaxie;14.5218;30.4255;15.26;0.6;0.29;Psc;
NGC0319;NGC0319;Galaxie;14.24;-43.8388;14.3;1;0.74;Phe;
NGC0320;NGC0320;Galaxie;14.6939;-20.8401;14.62;0.89;0.49;Cet;
NGC0321;NGC0321;Galaxie;14.4135;-5.0862;15.81;0.45;0.35;Cet;
NGC0322;NGC0322;Galaxie;14.2917;-43.7271;14.33;1.15;0.57;Phe;
NGC0323;NGC0323;Galaxie;14.1735;-52.9759;12.53;1.82;1.52;Phe;
NGC0324;NGC0324;Galaxie;14.3116;-40.9591;12.81;1.48;0.62;Phe;
NGC0325;NGC0325;Galaxie;14.4495;-5.1121;14.92;1.19;0.23;Cet;
NGC0326;NGC0326;Galaxie;14.5946;26.8653;;1;1;Psc;
NGC0326 NED01;NGC0326 NED01;Galaxie;14.5943;26.8663;13.26;1;0.89;Psc;
NGC0326 NED02;NGC0326 NED02;Galaxie;14.5952;26.8646;;0.17;0.17;Psc;
NGC0327;NGC0327;Galaxie;14.4807;-5.1304;13.42;1.39;0.63;Cet;
NGC0328;NGC0328;Galaxie;14.2399;-52.9239;14.07;2.46;0.71;Phe;
NGC0329;NGC0329;Galaxie;14.5067;-5.0712;13.27;1.59;0.64;Cet;
NGC0330;NGC0330;Amas ouvert;14.0735;-72.4629;9.55;2.8;2.5;Tuc;
NGC0331;NGC0331;Galaxie;11.7786;-2.7311;15.51;0.96;0.6;Cet;
NGC0332;NGC0332;Galaxie;14.7047;7.1113;14.82;1.37;1.31;Psc;
NGC0333;NGC0333;Galaxie;14.7133;-16.4703;;1.5;1.5;Cet;
NGC0333A;NGC0333A;Galaxie;14.7138;-16.4692;16;0.41;0.34;Cet;
NGC0333B;NGC0333B;Galaxie;14.7129;-16.4714;14.9;1.5;0.8;Cet;
NGC0334;NGC0334;Galaxie;14.7075;-35.116;14.62;1.08;0.65;Scl;
NGC0335;NGC0335;Galaxie;14.8324;-18.2347;15.16;1.28;0.41;Cet;
NGC0336;NGC0336;Galaxie;14.5118;-18.3843;15.48;0.75;0.3;Cet;
NGC0337;NGC0337;Galaxie;14.9587;-7.578;11.48;2.92;1.89;Cet;
NGC0337A;NGC0337A;Galaxie;15.3912;-7.5882;12.37;2.63;1.73;Cet;
NGC0338;NGC0338;Galaxie;15.1517;30.669;12.7;1.75;0.66;Psc;
NGC0339;NGC0339;Amas globulaire;14.4253;-74.4734;12.21;2.9;2.9;Tuc;
NGC0340;NGC0340;Galaxie;15.1453;-6.8666;14.52;0.94;0.39;Cet;
NGC0341;NGC0341;Galaxie;15.191;-9.1857;13.97;1.25;1.14;Cet;
NGC0342;NGC0342;Galaxie;15.2077;-6.7726;15.43;0.91;0.43;Cet;
NGC0343;NGC0343;Galaxie;14.5997;-23.2252;16.56;0.72;0.27;Cet;
NGC0344;NGC0344;Galaxie;14.606;-23.2292;16.87;0.28;0.2;Cet;
NGC0345;NGC0345;Galaxie;15.3421;-6.8843;14.86;0.98;0.58;Cet;
NGC0346;NGC0346;Amas ouvert;14.771;-72.1771;;8.5;8.5;Tuc;
NGC0347;NGC0347;Galaxie;15.3965;-6.7337;15.71;0.6;0.46;Cet;
NGC0348;NGC0348;Galaxie;15.2167;-53.2445;14.59;0.84;0.72;Phe;
NGC0349;NGC0349;Galaxie;15.4615;-6.7998;14.05;1.34;1.16;Cet;
NGC0350;NGC0350;Galaxie;15.4863;-6.7957;15.43;0.79;0.52;Cet;
NGC0351;NGC0351;Galaxie;15.491;-1.9367;14.12;1.53;0.75;Cet;
NGC0352;NGC0352;Galaxie;15.5384;-4.2455;12.59;2.29;0.78;Cet;
NGC0353;NGC0353;Galaxie;15.6022;-1.9589;14.63;1.26;0.46;Cet;
NGC0354;NGC0354;Galaxie;15.8183;22.3427;14.16;0.9;0.4;Psc;
NGC0355;NGC0355;Galaxie;15.7791;-6.324;16.43;0.73;0.33;Cet;
NGC0356;NGC0356;Galaxie;15.7796;-6.9884;14.08;1.75;0.94;Cet;
NGC0357;NGC0357;Galaxie;15.8412;-6.3392;12.02;2.11;1.69;Cet;
NGC0358;NGC0358;Autre;16.2955;62.0204;;;;Cas;
NGC0359;NGC0359;Galaxie;16.0707;-0.7649;14.42;1.28;0.85;Cet;
NGC0360;NGC0360;Galaxie;15.7144;-65.61;13.43;3.99;0.57;Tuc;
NGC0361;NGC0361;Amas ouvert;15.5423;-71.6047;11.77;2.6;2.6;Tuc;
NGC0362;NGC0362;Amas globulaire;15.8093;-70.8482;6.58;8.7;8.7;Tuc;
NGC0363;NGC0363;Galaxie;16.5658;-16.5428;15.64;0.82;0.6;Cet;
NGC0364;NGC0364;Galaxie;16.1701;-0.8028;14.24;1.4;0.57;Cet;
NGC0365;NGC0365;Galaxie;16.078;-35.1214;14.25;1.01;0.6;Scl;
NGC0366;NGC0366;Amas ouvert;16.6083;62.2289;;5.1;5.1;Cas;
NGC0367;NGC0367;Galaxie;16.4537;-12.1285;15.45;0.96;0.35;Cet;
NGC0368;NGC0368;Galaxie;16.0918;-43.2767;14.7;0.72;0.62;Phe;
NGC0369;NGC0369;Galaxie;16.2871;-17.7592;14.58;0.95;0.77;Cet;
NGC0370;NGC0370;Autre;16.6858;32.4287;;;;Psc;
NGC0371;NGC0371;Amas ouvert;15.873;-72.0568;;4.2;3.8;Tuc;
NGC0373;NGC0373;Galaxie;16.7425;32.3085;15.94;0.52;0.45;Psc;
NGC0374;NGC0374;Galaxie;16.7741;32.7951;14.23;1.3;0.58;Psc;
NGC0375;NGC0375;Galaxie;16.7747;32.3482;14.29;0.48;0.38;Psc;
NGC0376;NGC0376;Amas ouvert;15.9727;-72.8237;10.9;1.8;1.8;Tuc;
NGC0377;NGC0377;Galaxie;16.6451;-20.3326;16.31;0.98;0.27;Cet;
NGC0378;NGC0378;Galaxie;16.5509;-30.1781;13.8;1.52;1.11;Scl;
NGC0379;NGC0379;Galaxie;16.8154;32.5204;12.76;1.41;0.68;Psc;
NGC0380;NGC0380;Galaxie;16.8233;32.4829;12.48;1.45;1.35;Psc;
NGC0381;NGC0381;Amas ouvert;17.075;61.5833;9.3;6;6;Cas;
NGC0382;NGC0382;Galaxie;16.8495;32.4039;14.48;0.24;0.23;Psc;
NGC0383;NGC0383;Galaxie;16.854;32.4126;12.14;2.39;2;Psc;
NGC0384;NGC0384;Galaxie;16.8546;32.2924;13.08;1.1;0.78;Psc;
NGC0385;NGC0385;Galaxie;16.8635;32.3195;12.94;1.21;0.91;Psc;
NGC0386;NGC0386;Galaxie;16.8804;32.362;14.28;0.46;0.37;Psc;
NGC0387;NGC0387;Galaxie;16.8878;32.3911;16.49;0.42;0.36;Psc;
NGC0388;NGC0388;Galaxie;16.9465;32.31;14.36;0.58;0.38;Psc;
NGC0389;NGC0389;Galaxie;17.1247;39.6954;14.93;1.26;0.46;And;
NGC0390;NGC0390;Autre;16.974;32.4331;;;;Psc;
NGC0391;NGC0391;Galaxie;16.8441;0.9259;14.33;0.98;0.74;Cet;
NGC0392;NGC0392;Galaxie;17.0978;33.1336;12.71;1.36;0.93;Psc;
NGC0393;NGC0393;Galaxie;17.154;39.6443;12.54;1.64;1.34;And;
NGC0394;NGC0394;Galaxie;17.1085;33.148;13.83;0.64;0.34;Psc;
NGC0395;NGC0395;Amas ouvert;16.2847;-71.9907;;1.5;1.1;Tuc;
NGC0396;NGC0396;Galaxie;17.035;4.5309;;0.62;0.3;Psc;
NGC0397;NGC0397;Galaxie;17.1296;33.1092;14.58;0.65;0.5;Psc;
NGC0398;NGC0398;Galaxie;17.2236;32.5145;15.34;0.83;0.49;Psc;
NGC0399;NGC0399;Galaxie;17.2467;32.6343;14.44;1.12;0.76;Psc;
NGC0400;NGC0400;Autre;17.2604;32.7324;;;;Psc;
NGC0401;NGC0401;Autre;17.2822;32.7593;;;;Psc;
NGC0402;NGC0402;Autre;17.3057;32.8062;;;;Psc;
NGC0403;NGC0403;Galaxie;17.309;32.7521;13.18;2.4;0.79;Psc;
NGC0404;NGC0404;Galaxie;17.3626;35.7181;10.55;3.4;3.37;And;
NGC0405;NGC0405;Autre;17.1421;-46.6685;6.89;;;Phe;
NGC0406;NGC0406;Galaxie;16.8544;-69.8792;12.46;2.44;1.1;Tuc;
NGC0407;NGC0407;Galaxie;17.6523;33.1265;14.3;2;0.29;Psc;
NGC0408;NGC0408;Autre;17.7129;33.1513;;;;Psc;
NGC0409;NGC0409;Galaxie;17.3884;-35.8056;14.08;1.36;1.15;Scl;
NGC0410;NGC0410;Galaxie;17.7454;33.1519;11.48;2.37;1.6;Psc;
NGC0411;NGC0411;Amas ouvert;16.982;-71.7684;12.1;2.1;1.9;Tuc;
NGC0413;NGC0413;Galaxie;18.1308;-2.7934;15.06;1.05;0.67;Cet;
NGC0414;NGC0414;Galaxie;17.8242;33.1128;;0.75;0.75;Psc;
NGC0414 NED01;NGC0414 NED01;Galaxie;17.8228;33.1139;14.45;0.74;0.34;Psc;
NGC0414 NED02;NGC0414 NED02;Galaxie;17.8248;33.1123;;0.45;0.38;Psc;
NGC0415;NGC0415;Galaxie;17.5237;-35.4908;14.3;1.57;0.74;Scl;
NGC0416;NGC0416;Amas globulaire;16.9938;-72.3551;11.76;1.7;1.7;Tuc;
NGC0417;NGC0417;Galaxie;17.7732;-18.1483;15.29;1.08;0.81;Cet;
NGC0418;NGC0418;Galaxie;17.6484;-30.2213;12.58;1.98;1.3;Scl;
NGC0419;NGC0419;Amas globulaire;17.0715;-72.8835;10.5;2.8;2.8;Tuc;
NGC0420;NGC0420;Galaxie;18.0402;32.1232;13.36;1.38;1.05;Psc;
NGC0421;NGC0421;Autre;18.0602;32.1235;;;;Psc;
NGC0422;NGC0422;Amas ouvert;17.3558;-71.7672;13.26;1;1;Tuc;
NGC0423;NGC0423;Galaxie;17.8425;-29.2345;14.39;0.9;0.6;Scl;
NGC0424;NGC0424;Galaxie;17.8651;-38.0835;14.12;1.66;0.68;Scl;
NGC0425;NGC0425;Galaxie;18.2607;38.7684;13.46;0.89;0.84;And;
NGC0426;NGC0426;Galaxie;18.2025;-0.2902;12.89;1.2;0.89;Cet;
NGC0427;NGC0427;Galaxie;18.0802;-32.0612;15.1;1.1;0.66;Scl;
NGC0428;NGC0428;Galaxie;18.2321;0.9816;11.47;2.82;2.08;Cet;
NGC0429;NGC0429;Galaxie;18.2392;-0.345;14.45;1.51;0.31;Cet;
NGC0430;NGC0430;Galaxie;18.2497;-0.2525;12.53;1.18;0.81;Cet;
NGC0431;NGC0431;Galaxie;18.5189;33.7042;13.96;1.16;0.67;And;
NGC0432;NGC0432;Galaxie;17.9428;-61.5276;14.12;1.32;1.07;Tuc;
NGC0433;NGC0433;Amas ouvert;18.7886;60.1258;;3.6;3.6;Cas;
NGC0434;NGC0434;Galaxie;18.0589;-58.248;12.04;2.24;1.24;Tuc;
NGC0434A;NGC0434A;Galaxie;18.1234;-58.2095;15.61;1.19;0.24;Tuc;
NGC0435;NGC0435;Galaxie;18.4994;2.0714;14.94;1.1;0.43;Cet;
NGC0436;NGC0436;Amas ouvert;18.9907;58.8171;8.8;5.7;5.7;Cas;
NGC0437;NGC0437;Galaxie;18.5929;5.9269;13.91;1.73;1.37;Psc;
NGC0438;NGC0438;Galaxie;18.3923;-37.9016;13.61;1.35;0.77;Scl;
NGC0439;NGC0439;Galaxie;18.4469;-31.7471;12.89;3.38;2.14;Scl;
NGC0440;NGC0440;Galaxie;18.2021;-58.2823;13.18;1.06;0.64;Tuc;
NGC0441;NGC0441;Galaxie;18.4636;-31.7883;13.77;1.51;1.36;Scl;
NGC0442;NGC0442;Galaxie;18.661;-1.0206;14.35;1.16;0.69;Cet;
NGC0443;NGC0443;Galaxie;18.7816;33.3773;14.25;0.82;0.72;Psc;
NGC0444;NGC0444;Galaxie;18.9567;31.0802;14.24;1.57;0.34;Psc;
NGC0445;NGC0445;Galaxie;18.7187;1.9174;15.45;0.79;0.53;Cet;
NGC0446;NGC0446;Galaxie;19.015;4.2941;13.5;2.06;1.6;Psc;
NGC0447;NGC0447;Galaxie;18.9068;33.0677;13.94;2.21;2.15;Psc;
NGC0448;NGC0448;Galaxie;18.8188;-1.6262;13.25;1.6;0.76;Cet;
NGC0449;NGC0449;Galaxie;19.0302;33.0896;14.57;0.68;0.39;Psc;
NGC0450;NGC0450;Galaxie;18.8768;-0.861;12.79;2.94;1.95;Cet;
NGC0451;NGC0451;Galaxie;19.0517;33.0641;14.76;0.69;0.53;Psc;
NGC0452;NGC0452;Galaxie;19.0618;31.0338;12.59;1.99;0.5;Psc;
NGC0453;NGC0453;Autre;19.0726;33.0142;;;;Psc;
NGC0454;NGC0454;Galaxie;18.5939;-55.3987;;2;2;Phe;
NGC0454 NED01;NGC0454 NED01;Galaxie;18.5909;-55.4014;13.58;1.64;1.64;Phe;
NGC0454 NED02;NGC0454 NED02;Galaxie;18.6039;-55.3971;13.58;1.93;0.81;Phe;
NGC0455;NGC0455;Galaxie;18.9902;5.1787;13.85;2.58;1.49;Psc;
NGC0456;NGC0456;Amas ouvert;18.4349;-73.2905;;3.8;2.9;Tuc;
NGC0457;NGC0457;Amas ouvert;19.886;58.2907;6.4;7.8;7.8;Cas;Owl Cluster
NGC0458;NGC0458;Amas ouvert;18.7228;-71.5527;11.66;2.6;2.3;Tuc;
NGC0459;NGC0459;Galaxie;19.5341;17.5624;15.69;0.58;0.55;Psc;
NGC0460;NGC0460;Amas ouvert;18.6608;-73.2742;;2.6;1.5;Tuc;
NGC0461;NGC0461;Galaxie;19.336;-33.8409;14.08;1.21;1.01;Scl;
NGC0462;NGC0462;Galaxie;19.5458;4.226;15.74;0.48;0.45;Psc;
NGC0463;NGC0463;Galaxie;19.7427;16.3257;15.14;1.04;0.39;Psc;
NGC0464;NGC0464;Autre;19.8612;34.9554;;;;And;
NGC0465;NGC0465;Amas ouvert;18.9223;-73.3346;;5;4;Tuc;
NGC0466;NGC0466;Galaxie;19.3052;-58.9099;13.59;1.61;1.34;Tuc;
NGC0467;NGC0467;Galaxie;19.7922;3.3008;12.1;1.66;1.49;Psc;
NGC0468;NGC0468;Galaxie;19.9521;32.7678;15.2;0.85;0.48;Psc;
NGC0469;NGC0469;Galaxie;19.8873;14.8719;15.23;0.81;0.6;Psc;
NGC0470;NGC0470;Galaxie;19.9369;3.4099;11.79;2.86;1.62;Psc;
NGC0471;NGC0471;Galaxie;19.9983;14.7862;13.32;1.06;0.79;Psc;
NGC0472;NGC0472;Galaxie;20.1195;32.709;14.16;0.9;0.68;Psc;
NGC0473;NGC0473;Galaxie;19.9795;16.5447;12.5;1.77;1.02;Psc;
NGC0474;NGC0474;Galaxie;20.0279;3.4154;11.52;2.65;2.44;Psc;
NGC0475;NGC0475;Galaxie;20.0083;14.8611;15.97;0.81;0.55;Psc;
NGC0476;NGC0476;Galaxie;20.0829;16.0201;15.17;0.84;0.55;Psc;
NGC0477;NGC0477;Galaxie;20.3349;40.4882;13.91;1.55;0.55;And;
NGC0478;NGC0478;Galaxie;20.0387;-22.3774;14.62;0.84;0.69;Cet;
NGC0479;NGC0479;Galaxie;20.3155;3.8623;15.06;0.91;0.73;Psc;
NGC0480;NGC0480;Galaxie;20.1433;-9.8802;16.05;0.58;0.29;Cet;
NGC0481;NGC0481;Galaxie;20.3021;-9.2112;14.65;1.46;1.08;Cet;
NGC0482;NGC0482;Galaxie;20.0851;-40.9661;14.47;2.06;0.53;Phe;
NGC0483;NGC0483;Galaxie;20.4846;33.521;13.96;0.87;0.79;Psc;
NGC0484;NGC0484;Galaxie;19.8947;-58.5243;12.23;1.8;1.26;Tuc;
NGC0485;NGC0485;Galaxie;20.365;7.0181;13.25;1.64;0.61;Psc;
NGC0486;NGC0486;Galaxie;20.4293;5.3463;17.48;0.36;0.28;Psc;
NGC0487;NGC0487;Galaxie;20.4795;-16.3704;14.41;1.09;0.7;Cet;
NGC0488;NGC0488;Galaxie;20.4452;5.2567;10.26;5.05;3.66;Psc;
NGC0489;NGC0489;Galaxie;20.4746;9.2066;13.43;1.55;0.35;Psc;
NGC0490;NGC0490;Galaxie;20.512;5.3672;14.48;0.66;0.55;Psc;
NGC0491;NGC0491;Galaxie;20.3351;-34.0633;12.55;1.35;0.99;Scl;
NGC0491A;NGC0491A;Galaxie;20.0195;-33.8995;13.8;1.88;0.85;Scl;
NGC0492;NGC0492;Galaxie;20.5565;5.4171;15.46;0.67;0.56;Psc;
NGC0493;NGC0493;Galaxie;20.5375;0.9454;12.48;3.01;0.95;Cet;
NGC0494;NGC0494;Galaxie;20.7308;33.1739;12.85;1.86;0.59;Psc;
NGC0495;NGC0495;Galaxie;20.7333;33.4717;13.68;1.09;0.77;Psc;
NGC0496;NGC0496;Galaxie;20.7983;33.5292;13.7;0.89;0.33;Psc;
NGC0497;NGC0497;Galaxie;20.5991;-0.8752;13.02;2.06;0.86;Cet;
NGC0498;NGC0498;Galaxie;20.797;33.4894;16.49;0.51;0.41;Psc;
NGC0499;NGC0499;Galaxie;20.7979;33.4606;12.27;1.68;1.05;Psc;
NGC0500;NGC0500;Galaxie;20.664;5.3873;15.05;0.91;0.65;Psc;
NGC0501;NGC0501;Galaxie;20.8434;33.433;14.45;0.52;0.49;Psc;
NGC0502;NGC0502;Galaxie;20.7314;9.0492;12.79;1.64;1.52;Psc;
NGC0503;NGC0503;Galaxie;20.8685;33.3317;15.16;0.63;0.49;Psc;
NGC0504;NGC0504;Galaxie;20.8662;33.2044;13.95;1.55;0.39;Psc;
NGC0505;NGC0505;Galaxie;20.7379;9.4689;15.04;1.07;0.68;Psc;
NGC0506;NGC0506;Autre;20.8973;33.2447;;;;Psc;
NGC0507;NGC0507;Galaxie;20.9163;33.2561;11.57;2.45;1.66;Psc;
NGC0508;NGC0508;Galaxie;20.9192;33.2803;14.2;1.08;0.96;Psc;
NGC0509;NGC0509;Galaxie;20.8504;9.4336;14.61;1.59;0.68;Psc;
NGC0510;NGC0510;Autre;20.9815;33.4969;;;;Psc;
NGC0511;NGC0511;Galaxie;20.878;11.291;15.34;1.18;0.98;Psc;
NGC0512;NGC0512;Galaxie;20.9992;33.9078;13.87;1.46;0.34;And;
NGC0513;NGC0513;Galaxie;21.1119;33.7994;13.4;0.62;0.31;And;
NGC0514;NGC0514;Galaxie;21.0162;12.9174;11.71;3.5;2.5;Psc;
NGC0515;NGC0515;Galaxie;21.1608;33.4728;14.26;0.92;0.64;Psc;
NGC0516;NGC0516;Galaxie;21.0336;9.5517;14.25;1.62;0.46;Psc;
NGC0517;NGC0517;Galaxie;21.1825;33.4294;13.56;1.46;0.6;Psc;
NGC0518;NGC0518;Galaxie;21.0735;9.3309;14.32;1.56;0.55;Psc;
NGC0519;NGC0519;Galaxie;21.1193;-1.6412;15.3;0.53;0.29;Cet;
NGC0520;NGC0520;Galaxie;21.1461;3.7924;;4.2;4.2;Psc;
NGC0520 NED01;NGC0520 NED01;Galaxie;21.1437;3.7949;11.47;4.09;1.61;Psc;
NGC0520 NED02;NGC0520 NED02;Galaxie;21.145;3.7898;12.4;1.56;0.59;Psc;
NGC0521;NGC0521;Galaxie;21.1407;1.7314;11.8;2.77;2.59;Cet;
NGC0522;NGC0522;Galaxie;21.191;9.9946;12.95;2.38;0.31;Psc;
NGC0523;NGC0523;Galaxie;21.3364;34.0249;12.71;2.52;0.71;And;
NGC0524;NGC0524;Galaxie;21.1988;9.5388;10.35;3.37;3.35;Psc;
NGC0525;NGC0525;Galaxie;21.2205;9.7033;14.54;1.5;0.63;Psc;
NGC0526;NGC0526;Galaxie;20.9938;-35.1225;;2;2;Scl;
NGC0526A;NGC0526A;Galaxie;20.9766;-35.0655;14.6;1.7;0.79;Scl;
NGC0526B;NGC0526B;Galaxie;20.9878;-35.0693;14.5;0.79;0.45;Scl;
NGC0527;NGC0527;Galaxie;20.9922;-35.1151;14.07;1.79;0.43;Scl;
NGC0527B;NGC0527B;Galaxie;20.9973;-35.1274;15.54;0.87;0.27;Scl;
NGC0528;NGC0528;Galaxie;21.39;33.6717;13.65;1.77;1.04;And;
NGC0529;NGC0529;Galaxie;21.4183;34.7133;12.13;2.22;1.96;And;
NGC0530;NGC0530;Galaxie;21.1735;-1.5871;13.9;1.78;0.36;Cet;
NGC0531;NGC0531;Galaxie;21.5787;34.7539;14.87;1.77;0.47;And;
NGC0532;NGC0532;Galaxie;21.3223;9.2641;12.21;2.18;0.94;Psc;
NGC0533;NGC0533;Galaxie;21.3807;1.7591;11.47;3.44;2.41;Cet;
NGC0534;NGC0534;Galaxie;21.186;-38.1291;14.4;1.19;1.07;Scl;
NGC0535;NGC0535;Galaxie;21.3798;-1.4081;14.85;0.97;0.34;Cet;
NGC0536;NGC0536;Galaxie;21.5908;34.703;12.37;2.92;1.49;And;
NGC0538;NGC0538;Galaxie;21.3585;-1.5506;14.62;1.38;0.54;Cet;
NGC0539;NGC0539;Galaxie;21.3405;-18.1639;13.62;1.32;1.1;Cet;
NGC0540;NGC0540;Galaxie;21.7871;-20.0366;15.72;0.82;0.39;Cet;
NGC0541;NGC0541;Galaxie;21.4346;-1.3796;12.19;2.16;1.5;Cet;
NGC0542;NGC0542;Galaxie;21.6288;34.6753;15.67;1.02;0.23;And;
NGC0543;NGC0543;Galaxie;21.4583;-1.2928;13.17;0.81;0.37;Cet;
NGC0544;NGC0544;Galaxie;21.3001;-38.0945;14.46;1.47;1.03;Scl;
NGC0545;NGC0545;Galaxie;21.4963;-1.3402;13.34;3.01;1.95;Cet;
NGC0546;NGC0546;Galaxie;21.3034;-38.0691;14.41;1.35;0.6;Scl;
NGC0547;NGC0547;Galaxie;21.5026;-1.3452;13.34;3.07;1.93;Cet;
NGC0548;NGC0548;Galaxie;21.5105;-1.2256;13.71;0.9;0.74;Cet;
NGC0549;NGC0549;Galaxie;21.2795;-38.0078;15.5;0.59;0.55;Scl;
NGC0550;NGC0550;Galaxie;21.6773;2.0224;13.5;1.82;0.69;Cet;
NGC0551;NGC0551;Galaxie;21.9194;37.1829;13.42;1.49;0.59;And;
NGC0552;NGC0552;Autre;21.5423;33.4059;;;;Psc;
NGC0553;NGC0553;Galaxie;21.5525;33.405;14.93;0.91;0.3;Psc;
NGC0554;NGC0554;Galaxie;21.79;-22.725;;1.42;1.42;Cet;
NGC0554A;NGC0554A;Galaxie;21.7904;-22.7247;15;1.42;1.04;Cet;
NGC0554B;NGC0554B;Galaxie;21.7898;-22.7257;14.76;0.2;0.2;Cet;
NGC0555;NGC0555;Galaxie;21.7992;-22.7622;15.31;0.74;0.69;Cet;
NGC0556;NGC0556;Galaxie;21.8025;-22.6977;15.56;0.45;0.4;Cet;
NGC0557;NGC0557;Galaxie;21.6048;-1.6387;14.82;1.45;0.47;Cet;
NGC0558;NGC0558;Galaxie;21.8174;-1.9709;15.24;0.62;0.26;Cet;
NGC0559;NGC0559;Amas ouvert;22.3882;63.3014;9.5;9;9;Cas;
NGC0560;NGC0560;Galaxie;21.8559;-1.913;12.9;2.09;0.44;Cet;
NGC0561;NGC0561;Galaxie;22.0782;34.3086;14.02;1.4;1.28;And;
NGC0562;NGC0562;Galaxie;22.1219;48.3871;14.46;0.91;0.86;And;
NGC0564;NGC0564;Galaxie;21.9509;-1.8795;12.51;1.72;1.2;Cet;
NGC0565;NGC0565;Galaxie;22.0424;-1.306;14.42;1.46;0.41;Cet;
NGC0566;NGC0566;Galaxie;22.2623;32.3323;14.53;1.21;0.32;Psc;
NGC0567;NGC0567;Galaxie;21.76;-10.2652;14.97;1.21;0.45;Cet;
NGC0568;NGC0568;Galaxie;21.9875;-35.7177;12.62;2.04;1.24;Scl;
NGC0569;NGC0569;Galaxie;22.2798;11.1315;14.65;0.99;0.48;Psc;
NGC0570;NGC0570;Galaxie;22.2443;-0.949;12.79;1.62;1.09;Cet;
NGC0571;NGC0571;Galaxie;22.4833;32.5013;14.97;0.71;0.66;Psc;
NGC0572;NGC0572;Galaxie;22.1518;-39.3073;15.14;0.89;0.84;Scl;
NGC0573;NGC0573;Galaxie;22.7056;41.2573;13.52;0.39;0.33;And;
NGC0574;NGC0574;Galaxie;22.2628;-35.5989;14.28;1.15;0.83;Scl;
NGC0575;NGC0575;Galaxie;22.6943;21.4404;13.02;1.45;1.35;Psc;
NGC0576;NGC0576;Galaxie;22.2403;-51.5987;14.42;0.99;0.81;Phe;
NGC0577;NGC0577;Galaxie;22.6696;-1.9944;14.12;1.45;1.28;Cet;
NGC0578;NGC0578;Galaxie;22.6212;-22.6674;11.09;4.82;2.92;Cet;
NGC0579;NGC0579;Galaxie;22.9437;33.6156;13.33;1.08;0.85;Tri;
NGC0581;NGC0581;Amas ouvert;23.3409;60.658;7.4;4.5;4.5;Cas;
NGC0582;NGC0582;Galaxie;22.9919;33.4765;13.16;2.07;0.49;Tri;
NGC0583;NGC0583;Galaxie;22.434;-18.3394;15.27;0.72;0.66;Cet;
NGC0584;NGC0584;Galaxie;22.8365;-6.8681;10.35;3.78;2.51;Cet;
NGC0585;NGC0585;Galaxie;22.9256;-0.9333;14.07;2.4;0.48;Cet;
NGC0586;NGC0586;Galaxie;22.9035;-6.8937;13.14;1.61;0.78;Cet;
NGC0587;NGC0587;Galaxie;23.1389;35.3586;13.59;2.23;0.66;Tri;
NGC0588;NGC0588;Nebuleuse;23.1914;30.6475;14.44;0.6;0.43;Tri;
NGC0589;NGC0589;Galaxie;23.1664;-12.0427;14.97;0.76;0.65;Cet;
NGC0590;NGC0590;Galaxie;23.4205;44.9287;14.09;2.13;0.77;And;
NGC0591;NGC0591;Galaxie;23.3803;35.6683;13.9;1.43;1.14;And;
NGC0592;NGC0592;Amas ouvert;23.2987;30.6449;;;;Tri;
NGC0593;NGC0593;Galaxie;23.0865;-12.3544;15.27;0.88;0.27;Cet;
NGC0594;NGC0594;Galaxie;23.2371;-16.536;15.79;1.24;0.65;Cet;
NGC0595;NGC0595;Nebuleuse;23.391;30.6916;;1.73;0.9;Tri;
NGC0596;NGC0596;Galaxie;23.217;-7.0318;10.95;2.14;1.58;Cet;
NGC0597;NGC0597;Galaxie;23.0619;-33.4971;13.97;1.31;1.21;Scl;
NGC0598;NGC0598;Galaxie;23.462;30.6602;5.79;62.09;36.73;Tri;Triangulum Galaxy
NGC0599;NGC0599;Galaxie;23.2241;-12.1913;14.14;1.53;1.16;Cet;
NGC0600;NGC0600;Galaxie;23.2721;-7.3114;12.46;2.63;2.56;Cet;
NGC0601;NGC0601;Galaxie;23.2774;-12.2087;16.4;0.4;0.38;Cet;
NGC0602;NGC0602;Amas ouvert;22.3598;-73.5605;13.02;3.2;2.9;Hyi;
NGC0603;NGC0603;Autre;23.6829;30.232;;;;Tri;
NGC0604;NGC0604;Nebuleuse;23.6383;30.7849;;1.93;1.2;Tri;
NGC0605;NGC0605;Galaxie;23.7598;41.2481;14.23;1.32;0.56;And;
NGC0606;NGC0606;Galaxie;23.709;21.4184;14.45;1.01;0.77;Psc;
NGC0607;NGC0607;Autre;23.5682;-7.4128;;;;Cet;
NGC0608;NGC0608;Galaxie;23.8677;33.6567;14.21;0.83;0.55;Tri;
NGC0609;NGC0609;Amas ouvert;24.0989;64.5366;11;4.8;4.8;Cas;
NGC0610;NGC0610;Autre;23.575;-20.1442;;;;Cet;
NGC0611;NGC0611;Autre;23.575;-20.1276;;;;Cet;
NGC0612;NGC0612;Galaxie;23.4906;-36.4933;13.01;1.49;1.34;Scl;
NGC0613;NGC0613;Galaxie;23.5757;-29.4184;10.35;5.48;4.51;Scl;
NGC0614;NGC0614;Galaxie;23.9678;33.6819;13.84;1.52;1.44;Tri;
NGC0615;NGC0615;Galaxie;23.7737;-7.3403;11.66;3.18;1.16;Cet;
NGC0616;NGC0616;Autre;24.0175;33.7702;;;;Tri;
NGC0617;NGC0617;Galaxie;23.5106;-9.7741;14.7;0.59;0.52;Cet;
NGC0619;NGC0619;Galaxie;23.7158;-36.4894;14.19;1.66;1.03;Scl;
NGC0620;NGC0620;Galaxie;24.2487;42.3233;13.86;0.82;0.77;And;
NGC0621;NGC0621;Galaxie;24.2044;35.5122;14.14;1.12;1.06;Tri;
NGC0622;NGC0622;Galaxie;24.0007;0.6635;13.28;1.3;0.83;Cet;
NGC0623;NGC0623;Galaxie;23.7766;-36.4902;12.52;1.94;1.46;Scl;
NGC0624;NGC0624;Galaxie;23.9629;-10.003;14.18;1.3;0.67;Cet;
NGC0625;NGC0625;Galaxie;23.7693;-41.4362;13.66;6.55;2.05;Phe;
NGC0626;NGC0626;Galaxie;23.8003;-39.1461;13.47;1.44;1.3;Scl;
NGC0628;NGC0628;Galaxie;24.174;15.7837;9.31;9.89;9.33;Psc;
NGC0629;NGC0629;Autre;24.7439;72.8671;;;;Cas;
NGC0630;NGC0630;Galaxie;23.902;-39.3578;13.62;1.9;1.4;Scl;
NGC0631;NGC0631;Galaxie;24.1961;5.8354;14.97;0.93;0.83;Psc;
NGC0632;NGC0632;Galaxie;24.323;5.8776;13.48;0.99;0.86;Psc;
NGC0633;NGC0633;Galaxie;24.0975;-37.3216;13.53;1.1;0.95;Scl;
NGC0634;NGC0634;Galaxie;24.5777;35.3648;13.85;1.77;0.61;Tri;
NGC0635;NGC0635;Galaxie;24.5744;-22.9289;15.26;0.6;0.53;Cet;
NGC0636;NGC0636;Galaxie;24.7772;-7.5126;11.41;2.7;2.3;Cet;
NGC0637;NGC0637;Amas ouvert;25.763;64.0366;8.2;4.5;4.5;Cas;
NGC0638;NGC0638;Galaxie;24.9077;7.2373;13.79;0.94;0.62;Psc;
NGC0639;NGC0639;Galaxie;24.746;-29.9253;14.13;1.04;0.3;Scl;
NGC0640;NGC0640;Galaxie;24.8537;-9.4012;15.5;0.76;0.43;Cet;
NGC0641;NGC0641;Galaxie;24.6635;-42.5275;12.17;1.82;1.68;Phe;
NGC0642;NGC0642;Galaxie;24.7764;-29.9149;13.46;1.8;1.09;Scl;
NGC0643;NGC0643;Amas ouvert;23.756;-75.5569;;2.2;2.2;Hyi;
NGC0643A;NGC0643A;Amas ouvert;22.6604;-76.0545;;;;Hyi;
NGC0643B;NGC0643B;Galaxie;24.803;-75.0111;14.62;1.75;0.47;Hyi;
NGC0643C;NGC0643C;Galaxie;25.4547;-75.2681;15.71;1.4;0.23;Hyi;
NGC0644;NGC0644;Galaxie;24.7207;-42.5853;14.74;1.3;0.68;Phe;
NGC0645;NGC0645;Galaxie;25.0362;5.7267;13.68;2.29;0.68;Psc;
NGC0646;NGC0646;Galaxie;24.3562;-64.8964;14.37;1.51;1.02;Hyi;
NGC0646 NED01;NGC0646 NED01;Galaxie;24.338;-64.8949;14.16;1.23;0.97;Hyi;
NGC0646 NED02;NGC0646 NED02;Galaxie;24.3745;-64.8963;14.5;0.6;0.45;Hyi;
NGC0647;NGC0647;Galaxie;24.9841;-9.2424;14.32;1.27;0.98;Cet;
NGC0648;NGC0648;Galaxie;24.6658;-17.8312;14.69;1.09;0.63;Cet;
NGC0649;NGC0649;Galaxie;25.031;-9.2721;15.35;1.07;0.39;Cet;
NGC0650;NGC0650;Nebuleuse;25.582;51.5755;10.1;1.12;1.12;Per;Barbell Nebula
NGC0652;NGC0652;Galaxie;25.1803;7.9829;14.96;0.94;0.51;Psc;
NGC0653;NGC0653;Galaxie;25.6073;35.6383;14.06;1.49;0.23;And;
NGC0654;NGC0654;Amas ouvert;25.9976;61.8827;6.5;6.3;6.3;Cas;
NGC0655;NGC0655;Galaxie;25.4797;-13.0817;14.74;1.12;0.65;Cet;
NGC0656;NGC0656;Galaxie;25.6135;26.1431;13.46;1.27;1.08;Psc;
NGC0657;NGC0657;Amas ouvert;25.8367;55.8364;;3;3;Cas;
NGC0658;NGC0658;Galaxie;25.5403;12.6019;12.41;1.48;0.89;Psc;
NGC0659;NGC0659;Amas ouvert;26.0958;60.6692;7.9;4.2;4.2;Cas;
NGC0660;NGC0660;Galaxie;25.76;13.6451;11.29;4.57;1.69;Psc;
NGC0661;NGC0661;Galaxie;26.0609;28.7059;12.2;1.91;1.4;Tri;
NGC0662;NGC0662;Galaxie;26.1477;37.6958;13.84;0.81;0.55;And;
NGC0663;NGC0663;Amas ouvert;26.5669;61.2182;7.1;6;6;Cas;
NGC0664;NGC0664;Galaxie;25.9409;4.2229;13.84;1.19;0.93;Psc;
NGC0665;NGC0665;Galaxie;26.2338;10.423;12.14;1.62;0.95;Psc;
NGC0666;NGC0666;Galaxie;26.5258;34.3745;13.37;0.77;0.52;Tri;
NGC0667;NGC0667;Galaxie;26.2362;-22.9189;15.43;0.71;0.57;Cet;
NGC0668;NGC0668;Galaxie;26.5945;36.4603;13.05;1.2;0.82;And;
NGC0669;NGC0669;Galaxie;26.8173;35.5633;12.3;2.34;0.57;Tri;
NGC0670;NGC0670;Galaxie;26.8535;27.8857;12.62;2.18;0.74;Tri;
NGC0671;NGC0671;Galaxie;26.7465;13.1251;16.71;1.08;0.43;Ari;
NGC0672;NGC0672;Galaxie;26.9772;27.4328;10.92;7.01;2.71;Tri;
NGC0673;NGC0673;Galaxie;27.0935;11.5213;12.62;1.77;1.3;Ari;
NGC0674;NGC0674;Galaxie;27.8232;22.358;11.97;3.81;1.26;Ari;
NGC0675;NGC0675;Galaxie;27.2859;13.0599;15.45;1.04;0.44;Ari;
NGC0676;NGC0676;Galaxie;27.2388;5.9075;12;2.75;0.69;Psc;
NGC0677;NGC0677;Galaxie;27.3086;13.0554;12.27;1.81;1.81;Ari;
NGC0678;NGC0678;Galaxie;27.3536;21.9973;12.23;3.08;0.77;Ari;
NGC0679;NGC0679;Galaxie;27.4324;35.7856;12.54;1.32;1;And;
NGC0680;NGC0680;Galaxie;27.447;21.9709;11.9;1.69;1.56;Ari;
NGC0681;NGC0681;Galaxie;27.2951;-10.4264;11.87;2.47;1.77;Cet;
NGC0682;NGC0682;Galaxie;27.2692;-14.9748;13.85;0.74;0.25;Cet;
NGC0683;NGC0683;Galaxie;27.4445;11.7013;14.91;0.66;0.6;Ari;
NGC0684;NGC0684;Galaxie;27.5584;27.6457;12.34;2.95;0.82;Tri;
NGC0685;NGC0685;Galaxie;26.9284;-52.7618;11.5;3.01;2.3;Eri;
NGC0686;NGC0686;Galaxie;27.2339;-23.7981;13.4;1.34;1.06;For;
NGC0687;NGC0687;Galaxie;27.6385;36.3708;12.53;1.27;1.16;And;
NGC0688;NGC0688;Galaxie;27.6841;35.2845;12.67;0.89;0.38;Tri;
NGC0689;NGC0689;Galaxie;27.4657;-27.4666;14.51;1.07;0.66;For;
NGC0690;NGC0690;Galaxie;26.9503;-16.722;14.27;1.1;0.7;Cet;
NGC0691;NGC0691;Galaxie;27.6738;21.7599;11.73;2.68;1.85;Ari;
NGC0692;NGC0692;Galaxie;27.175;-48.6485;13.07;1.95;1.41;Phe;
NGC0693;NGC0693;Galaxie;27.6285;6.1452;12.45;2.11;1.09;Psc;
NGC0694;NGC0694;Galaxie;27.7437;21.9975;13.77;0.57;0.34;Ari;
NGC0695;NGC0695;Galaxie;27.8093;22.5824;13.76;0.48;0.42;Ari;
NGC0696;NGC0696;Galaxie;27.3803;-34.9052;14.44;1.8;0.72;For;
NGC0698;NGC0698;Galaxie;27.4321;-34.8311;14.8;0.93;0.79;For;
NGC0699;NGC0699;Galaxie;27.682;-12.0357;14.94;1.4;0.37;Cet;
NGC0700;NGC0700;Galaxie;28.0702;36.0367;15.51;0.48;0.4;And;
NGC0701;NGC0701;Galaxie;27.766;-9.7026;12.14;2.24;1.11;Cet;
NGC0702;NGC0702;Galaxie;27.8283;-4.0519;;1.6;1.6;Cet;
NGC0702 NED01;NGC0702 NED01;Galaxie;27.8266;-4.0492;;0.38;0.17;Cet;
NGC0702 NED02;NGC0702 NED02;Galaxie;27.83;-4.0559;13.19;1.03;0.72;Cet;
NGC0703;NGC0703;Galaxie;28.165;36.1714;13.33;0.99;0.69;And;
NGC0704;NGC0704;Galaxie;28.1608;36.1242;;1.5;1.5;And;
NGC0704A;NGC0704A;Galaxie;28.1666;36.1209;;0.55;0.39;And;
NGC0704B;NGC0704B;Galaxie;28.1571;36.1268;14;1.1;0.69;And;
NGC0705;NGC0705;Galaxie;28.173;36.144;14.42;1.44;0.69;And;
NGC0706;NGC0706;Galaxie;27.9605;6.2969;12.52;1.29;1.06;Psc;
NGC0707;NGC0707;Galaxie;27.8629;-8.5054;14.6;1.31;0.73;Cet;
NGC0708;NGC0708;Galaxie;28.1937;36.1518;13.29;2.56;1.23;And;
NGC0709;NGC0709;Galaxie;28.2109;36.2234;14.26;0.72;0.36;And;
NGC0710;NGC0710;Galaxie;28.2248;36.0529;13.67;1.04;0.67;And;
NGC0711;NGC0711;Galaxie;28.1157;17.5127;14.55;1.1;0.48;Ari;
NGC0712;NGC0712;Galaxie;28.2852;36.8199;14.05;1.08;0.71;And;
NGC0713;NGC0713;Galaxie;28.8397;-9.0838;15.25;1.15;0.28;Cet;
NGC0714;NGC0714;Galaxie;28.3735;36.2213;13.05;1.46;0.35;And;
NGC0715;NGC0715;Galaxie;28.3022;-12.8728;14.94;0.88;0.36;Cet;
NGC0716;NGC0716;Galaxie;28.2487;12.7085;14.01;1.31;0.52;Ari;
NGC0717;NGC0717;Galaxie;28.4796;36.2294;13.89;1.31;0.23;And;
NGC0718;NGC0718;Galaxie;28.3054;4.1958;11.66;2.75;2.46;Psc;
NGC0719;NGC0719;Galaxie;28.4118;19.8404;14.83;1.01;0.71;Ari;
NGC0720;NGC0720;Galaxie;28.2521;-13.7387;10.14;4.49;2.37;Cet;
NGC0721;NGC0721;Galaxie;28.6894;39.3835;13.46;1.4;0.83;And;
NGC0722;NGC0722;Galaxie;28.6956;20.6982;14.54;1.13;0.47;Ari;
NGC0723;NGC0723;Galaxie;28.4403;-23.7578;13.39;1.34;1.04;Cet;
NGC0725;NGC0725;Galaxie;28.1479;-16.5178;14.97;0.89;0.55;Cet;
NGC0726;NGC0726;Galaxie;28.8828;-10.7998;15.08;1.08;0.44;Cet;
NGC0727;NGC0727;Galaxie;28.4557;-35.8562;14.92;1.18;0.62;For;
NGC0728;NGC0728;Autre;28.756;4.2226;;;;Psc;
NGC0730;NGC0730;Autre;28.825;5.6364;;;;Psc;
NGC0731;NGC0731;Galaxie;28.7342;-9.0108;12.14;1.7;1.5;Cet;
NGC0732;NGC0732;Galaxie;29.1155;36.8022;14.85;0.98;0.57;And;
NGC0733;NGC0733;Autre;29.1412;33.0553;15.8;;;Tri;
NGC0734;NGC0734;Galaxie;28.3697;-16.9957;15.39;0.75;0.4;Cet;
NGC0735;NGC0735;Galaxie;29.1583;34.1768;13.25;1.6;0.41;Tri;
NGC0736;NGC0736;Galaxie;29.1703;33.0435;12.14;1.83;1.64;Tri;
NGC0737;NGC0737;Autre;29.17;33.0489;;;;Tri;
NGC0738;NGC0738;Galaxie;29.1904;33.0583;15.94;0.35;0.31;Tri;
NGC0739;NGC0739;Galaxie;29.2279;33.2667;14.74;0.81;0.52;Tri;
NGC0740;NGC0740;Galaxie;29.2286;33.0152;14.81;1.57;0.34;Tri;
NGC0741;NGC0741;Galaxie;29.0876;5.6289;11.26;2.83;2.33;Psc;
NGC0742;NGC0742;Galaxie;29.1007;5.6267;15.03;0.19;0.19;Psc;
NGC0743;NGC0743;Amas ouvert;29.6304;60.1663;;5.4;5.4;Cas;
NGC0744;NGC0744;Amas ouvert;29.6247;55.4746;7.9;11.7;11.7;Per;
NGC0745;NGC0745;Galaxie;28.5361;-56.6907;;1.8;1.8;Eri;
NGC0745 NED01;NGC0745 NED01;Galaxie;28.5322;-56.6937;14.5;1.75;1.11;Eri;
NGC0745 NED02;NGC0745 NED02;Galaxie;28.5317;-56.6874;15.21;0.11;0.11;Eri;
NGC0745 NED03;NGC0745 NED03;Galaxie;28.5472;-56.6855;15.11;1.13;0.41;Eri;
NGC0746;NGC0746;Galaxie;29.4625;44.9186;13.7;1.82;1.29;And;
NGC0747;NGC0747;Galaxie;29.3769;-9.4624;14.5;1.15;0.59;Cet;
NGC0748;NGC0748;Galaxie;29.0908;-4.4676;12.64;2.56;1.02;Cet;
NGC0749;NGC0749;Galaxie;28.9213;-29.9223;13.53;2.07;1.27;For;
NGC0750;NGC0750;Galaxie;29.3864;33.2093;13.11;1.48;1.41;Tri;
NGC0751;NGC0751;Galaxie;29.3875;33.2031;13.39;1.64;1.3;Tri;
NGC0752;NGC0752;Amas ouvert;29.3951;37.8334;5.7;39;39;And;
NGC0753;NGC0753;Galaxie;29.4258;35.9161;12.41;1.38;0.87;And;
NGC0754;NGC0754;Galaxie;28.5868;-56.7611;15.25;0.61;0.57;Eri;
NGC0755;NGC0755;Galaxie;29.0945;-9.0614;12.59;2.87;0.9;Cet;
NGC0756;NGC0756;Galaxie;28.621;-16.7072;15;0.67;0.48;Cet;
NGC0758;NGC0758;Galaxie;28.9256;-3.0665;15.42;0.77;0.61;Cet;
NGC0759;NGC0759;Galaxie;29.4597;36.3431;12.73;1.12;1.06;And;
NGC0760;NGC0760;Autre;29.4475;33.3554;14.5;;;Tri;
NGC0761;NGC0761;Galaxie;29.4566;33.3771;14.42;1.48;0.51;Tri;
NGC0762;NGC0762;Galaxie;29.2408;-5.4029;14;1.24;1.09;Cet;
NGC0764;NGC0764;Autre;29.2636;-16.0625;;;;Cet;
NGC0765;NGC0765;Galaxie;29.7;24.8925;12.47;2.62;2.62;Ari;
NGC0766;NGC0766;Galaxie;29.6748;8.3466;14.3;1.81;1.11;Psc;
NGC0767;NGC0767;Galaxie;29.7117;-9.5871;15.37;1.27;0.35;Cet;
NGC0768;NGC0768;Galaxie;29.6705;0.5292;14.2;1.56;0.59;Cet;
NGC0769;NGC0769;Galaxie;29.8996;30.9099;13.36;0.85;0.49;Tri;
NGC0770;NGC0770;Galaxie;29.8068;18.9547;13.49;0.91;0.62;Ari;
NGC0771;NGC0771;Autre;30.8608;72.4209;3.95;;;Cas;
NGC0772;NGC0772;Galaxie;29.8316;19.0075;10.3;4.57;2.52;Ari;
NGC0773;NGC0773;Galaxie;29.7167;-11.5146;13.91;1.38;0.72;Cet;
NGC0774;NGC0774;Galaxie;29.8947;14.0082;14.28;1.28;1.06;Ari;
NGC0775;NGC0775;Galaxie;29.6361;-26.2937;13.38;1.69;1.28;For;
NGC0776;NGC0776;Galaxie;29.977;23.6444;13.44;1.35;1.29;Ari;
NGC0777;NGC0777;Galaxie;30.0621;31.4296;11.46;2.75;2.06;Tri;
NGC0778;NGC0778;Galaxie;30.081;31.313;14.14;1.05;0.46;Tri;
NGC0779;NGC0779;Galaxie;29.9262;-5.9632;11.21;1.35;0.58;Cet;
NGC0780;NGC0780;Galaxie;30.1466;28.2251;14.58;1.65;0.81;Tri;
NGC0781;NGC0781;Galaxie;30.0373;12.6561;13.91;1.47;0.41;Ari;
NGC0782;NGC0782;Galaxie;29.4183;-57.7902;12.07;2.45;2.03;Eri;
NGC0783;NGC0783;Galaxie;30.2775;31.8825;12.72;1.38;0.75;Tri;
NGC0784;NGC0784;Galaxie;30.3205;28.8372;11.73;4.17;1.07;Tri;
NGC0785;NGC0785;Galaxie;30.4167;31.8265;13.85;1.6;0.9;Tri;
NGC0786;NGC0786;Galaxie;30.353;15.6465;14.27;0.79;0.64;Ari;
NGC0787;NGC0787;Galaxie;30.2026;-9.0026;13.63;1.87;1.3;Cet;
NGC0788;NGC0788;Galaxie;30.2769;-6.8155;12.33;1.74;1.42;Cet;
NGC0789;NGC0789;Galaxie;30.6084;32.0723;13.98;0.69;0.48;Tri;
NGC0790;NGC0790;Galaxie;30.34;-5.371;13.96;1.38;1.21;Cet;
NGC0791;NGC0791;Galaxie;30.4342;8.4999;14.72;1.49;1.49;Psc;
NGC0792;NGC0792;Galaxie;30.5639;15.7122;14.53;1.27;0.67;Ari;
NGC0793;NGC0793;Autre;30.7273;31.9807;;;;Tri;
NGC0794;NGC0794;Galaxie;30.6222;18.373;12.73;1.22;0.96;Ari;
NGC0795;NGC0795;Galaxie;29.9557;-55.8242;14.3;1.28;0.77;Eri;
NGC0796;NGC0796;Amas ouvert;29.1823;-74.22;;1.2;1.1;Hyi;
NGC0797;NGC0797;Galaxie;30.8596;38.1144;;1.8;1.8;And;
NGC0797 NED01;NGC0797 NED01;Galaxie;30.8523;38.1122;16.5;0.48;0.33;And;
NGC0797 NED02;NGC0797 NED02;Galaxie;30.8664;38.1169;12.64;1.21;1.06;And;
NGC0798;NGC0798;Galaxie;30.8317;32.0775;14.63;1.19;0.44;Tri;
NGC0799;NGC0799;Galaxie;30.5514;-0.1006;14.14;1.71;1.44;Cet;
NGC0800;NGC0800;Galaxie;30.5494;-0.1304;14.4;1.08;0.79;Cet;
NGC0801;NGC0801;Galaxie;30.9368;38.2587;13.07;2.76;0.59;And;
NGC0802;NGC0802;Galaxie;29.775;-67.8701;13.68;0.9;0.59;Hyi;
NGC0803;NGC0803;Galaxie;30.9362;16.031;12.41;2.67;0.92;Ari;
NGC0804;NGC0804;Galaxie;31.0088;30.8329;14.63;1.27;0.33;Tri;
NGC0805;NGC0805;Galaxie;31.1232;28.8123;14.83;1.05;0.68;Tri;
NGC0806;NGC0806;Galaxie;30.8798;-9.9334;14.61;1.35;0.38;Cet;
NGC0807;NGC0807;Galaxie;31.2319;28.9874;13.75;1.71;1.08;Tri;
NGC0808;NGC0808;Galaxie;30.9858;-23.3116;13.52;1.31;0.62;Cet;
NGC0809;NGC0809;Galaxie;31.079;-8.7353;14.59;1.11;0.86;Cet;
NGC0810;NGC0810;Galaxie;31.3704;13.2514;;1.4;1.4;Ari;
NGC0810 NED01;NGC0810 NED01;Galaxie;31.3688;13.2512;15.04;1.4;0.88;Ari;
NGC0810 NED02;NGC0810 NED02;Galaxie;31.372;13.251;15.83;0.98;0.65;Ari;
NGC0811;NGC0811;Galaxie;31.1452;-10.1085;15.6;0.99;0.46;Cet;
NGC0812;NGC0812;Galaxie;31.7146;44.5729;12.67;2.74;0.97;And;
NGC0813;NGC0813;Galaxie;30.4003;-68.4392;13.85;1.42;0.95;Hyi;
NGC0814;NGC0814;Galaxie;32.6568;-15.7736;14.83;1.32;0.59;Cet;
NGC0815;NGC0815;Galaxie;32.6642;-15.8128;;0.4;0.4;Cet;
NGC0815 NED01;NGC0815 NED01;Galaxie;32.6633;-15.8124;;0.15;0.13;Cet;
NGC0815 NED02;NGC0815 NED02;Galaxie;32.6646;-15.8134;16.24;0.45;0.35;Cet;
NGC0816;NGC0816;Galaxie;32.0369;29.2558;15.24;0.66;0.52;Tri;
NGC0817;NGC0817;Galaxie;31.8905;17.2026;13.86;0.89;0.4;Ari;
NGC0818;NGC0818;Galaxie;32.1855;38.7772;12.51;2.2;0.76;And;
NGC0819;NGC0819;Galaxie;32.1432;29.234;14.09;0.6;0.45;Tri;
NGC0820;NGC0820;Galaxie;32.1041;14.3496;13.7;1.34;0.79;Ari;
NGC0821;NGC0821;Galaxie;32.0881;10.9949;10.77;2.45;2.1;Ari;
NGC0822;NGC0822;Galaxie;31.6631;-41.1567;13.17;1.4;0.87;Phe;
NGC0823;NGC0823;Galaxie;31.8335;-25.4419;13.72;1.54;1.1;For;
NGC0824;NGC0824;Galaxie;31.7219;-36.4532;14.1;1.49;0.38;For;
NGC0825;NGC0825;Galaxie;32.1348;6.3237;14.39;2.06;0.66;Cet;
NGC0826;NGC0826;Galaxie;32.3544;30.7397;15.31;1;0.78;Tri;
NGC0827;NGC0827;Galaxie;32.2344;7.9715;13.89;2.2;1.14;Cet;
NGC0828;NGC0828;Galaxie;32.5399;39.1904;12.24;2.85;2.13;And;
NGC0829;NGC0829;Galaxie;32.1766;-7.7905;14.21;1.18;0.77;Cet;
NGC0830;NGC0830;Galaxie;32.2445;-7.7668;14.35;1.4;0.82;Cet;
NGC0831;NGC0831;Galaxie;32.3942;6.0963;15.22;0.44;0.34;Cet;
NGC0832;NGC0832;Autre;32.7535;35.5412;;;;Tri;
NGC0833;NGC0833;Galaxie;32.3368;-10.1331;12.9;1.63;0.67;Cet;
NGC0834;NGC0834;Galaxie;32.7554;37.6663;13.05;1.05;0.5;And;
NGC0835;NGC0835;Galaxie;32.3525;-10.1359;12.41;0.87;0.73;Cet;
NGC0836;NGC0836;Galaxie;32.6037;-22.0549;14.47;1.11;0.84;Cet;
NGC0837;NGC0837;Galaxie;32.5677;-22.4315;14.85;0.99;0.39;Cet;
NGC0838;NGC0838;Galaxie;32.4105;-10.1467;12.91;1.34;0.97;Cet;
NGC0839;NGC0839;Galaxie;32.4289;-10.1841;13.17;1.49;0.64;Cet;
NGC0840;NGC0840;Galaxie;32.5675;7.8453;13.42;1.74;0.78;Cet;
NGC0841;NGC0841;Galaxie;32.8223;37.4972;13.12;1.74;0.87;And;
NGC0842;NGC0842;Galaxie;32.4616;-7.7625;12.69;1.74;0.85;Cet;
NGC0843;NGC0843;Autre;32.7838;32.0974;;;;Tri;
NGC0844;NGC0844;Galaxie;32.5594;6.0498;14.8;0.49;0.38;Cet;
NGC0845;NGC0845;Galaxie;33.0825;37.4773;13.49;1.63;0.33;And;
NGC0846;NGC0846;Galaxie;33.0513;44.5684;13.1;1.92;1.68;And;
NGC0848;NGC0848;Galaxie;32.5735;-10.3214;13.1;1.36;1.05;Cet;
NGC0849;NGC0849;Galaxie;32.5466;-22.323;15.42;0.59;0.44;Cet;
NGC0850;NGC0850;Galaxie;32.8067;-1.4856;14;1.22;1;Cet;
NGC0851;NGC0851;Galaxie;32.8004;3.7797;14.64;1.14;0.66;Cet;
NGC0852;NGC0852;Galaxie;32.2311;-56.7371;14.19;1.36;1;Eri;
NGC0853;NGC0853;Galaxie;32.9216;-9.306;15.87;1.8;1.17;Cet;
NGC0854;NGC0854;Galaxie;32.8781;-35.8351;13.81;2;0.72;For;
NGC0855;NGC0855;Galaxie;33.5145;27.8773;12.56;2.94;1.08;Tri;
NGC0856;NGC0856;Galaxie;33.4098;-0.7173;16.54;1.19;0.94;Cet;
NGC0857;NGC0857;Galaxie;33.154;-31.9446;13.48;1.58;1.34;For;
NGC0858;NGC0858;Galaxie;33.1257;-22.4715;13.75;1.26;1.01;Cet;
NGC0860;NGC0860;Galaxie;33.7506;30.7788;15.11;0.63;0.52;Tri;
NGC0861;NGC0861;Galaxie;33.9631;35.9136;14.72;1.48;0.42;Tri;
NGC0862;NGC0862;Galaxie;33.2625;-42.0335;12.89;1.04;0.97;Phe;
NGC0863;NGC0863;Galaxie;33.6398;-0.7667;13.71;1.27;1.15;Cet;
NGC0864;NGC0864;Galaxie;33.8652;6.0026;11.07;3.72;2.57;Cet;
NGC0865;NGC0865;Galaxie;34.063;28.5997;13.91;1.62;0.27;Tri;
NGC0867;NGC0867;Galaxie;34.2699;1.2442;14.01;1.24;1.11;Cet;
NGC0868;NGC0868;Galaxie;33.9937;-0.7136;15.55;0.79;0.54;Cet;
NGC0869;NGC0869;Amas ouvert;34.744;57.1172;3.7;14.4;14.4;Per;h Persei Cluster
NGC0870;NGC0870;Galaxie;34.2884;14.5231;16.38;0.37;0.34;Ari;
NGC0871;NGC0871;Galaxie;34.2947;14.5478;13.55;1.01;0.33;Ari;
NGC0872;NGC0872;Galaxie;33.8551;-17.7811;14.54;1.77;0.55;Cet;
NGC0873;NGC0873;Galaxie;34.1348;-11.3486;12.71;1.48;1.07;Cet;
NGC0874;NGC0874;Galaxie;34.0048;-23.3017;15.11;1.01;0.48;Cet;
NGC0876;NGC0876;Galaxie;34.4721;14.5213;16.5;1.32;0.38;Ari;
NGC0877;NGC0877;Galaxie;34.4985;14.5441;11.86;1.92;1.47;Ari;
NGC0878;NGC0878;Galaxie;34.4761;-23.3841;14.71;0.87;0.53;Cet;
NGC0879;NGC0879;Galaxie;34.2133;-8.964;15.5;0.77;0.64;Cet;
NGC0880;NGC0880;Galaxie;34.6133;-4.2058;15.11;0.58;0.38;Cet;
NGC0881;NGC0881;Galaxie;34.6886;-6.6391;12.44;2.28;1.26;Cet;
NGC0882;NGC0882;Galaxie;34.9163;15.8143;14.87;1.13;0.48;Ari;
NGC0883;NGC0883;Galaxie;34.7716;-6.7909;13.5;1.57;1.4;Cet;
NGC0884;NGC0884;Amas ouvert;35.6337;57.1441;3.8;10.5;10.5;Per;chi Persei Cluster
NGC0886;NGC0886;Amas ouvert;35.799;63.7788;;4.8;4.8;Cas;
NGC0887;NGC0887;Galaxie;34.8859;-16.0697;13.5;1.66;1.34;Cet;
NGC0888;NGC0888;Galaxie;34.3629;-59.8611;14.5;1.16;0.9;Hor;
NGC0889;NGC0889;Galaxie;34.7789;-41.7493;14.62;1.24;0.89;Phe;
NGC0890;NGC0890;Galaxie;35.5042;33.2661;11.87;1.1;0.67;Tri;
NGC0891;NGC0891;Galaxie;35.6392;42.3491;10.01;13.03;3.03;And;
NGC0892;NGC0892;Galaxie;35.2168;-23.1136;15.62;0.72;0.4;Cet;
NGC0893;NGC0893;Galaxie;34.9941;-41.4031;13.58;1.34;0.83;Phe;
NGC0894;NGC0894;Autre;35.394;-5.5102;;;;Cet;
NGC0895;NGC0895;Galaxie;35.402;-5.5214;11.77;3.32;2.22;Cet;
NGC0896;NGC0896;Nebuleuse;36.3659;62.0194;;10;10;Cas;
NGC0897;NGC0897;Galaxie;35.2765;-33.7207;11.85;2.01;1.43;For;
NGC0898;NGC0898;Galaxie;35.8349;41.9514;13.71;1.75;0.47;And;
NGC0899;NGC0899;Galaxie;35.4714;-20.8232;13.1;1.63;1.21;Cet;
NGC0900;NGC0900;Galaxie;35.8841;26.5115;14.98;0.92;0.62;Ari;
NGC0901;NGC0901;Galaxie;35.892;26.5571;15.66;0.78;0.55;Ari;
NGC0902;NGC0902;Galaxie;35.5907;-16.6791;14.82;0.74;0.55;Cet;
NGC0903;NGC0903;Galaxie;36.0037;27.3563;16.71;0.74;0.4;Ari;
NGC0904;NGC0904;Galaxie;36.0232;27.3424;14.98;1.45;0.85;Ari;
NGC0905;NGC0905;Galaxie;35.6815;-8.719;15.7;0.61;0.3;Cet;
NGC0906;NGC0906;Galaxie;36.3177;42.0899;12.9;1.46;1.01;And;
NGC0907;NGC0907;Galaxie;35.758;-20.7121;12.6;2.21;0.75;Cet;
NGC0908;NGC0908;Galaxie;35.769;-21.2339;10.31;6.14;2.82;Cet;
NGC0909;NGC0909;Galaxie;36.345;42.0357;14.51;1.02;1.02;And;
NGC0910;NGC0910;Galaxie;36.3616;41.8243;12.25;1.79;1.51;And;
NGC0911;NGC0911;Galaxie;36.4267;41.9563;13.95;1.69;0.84;And;
NGC0912;NGC0912;Galaxie;36.428;41.7774;14.91;0.79;0.6;And;
NGC0913;NGC0913;Galaxie;36.436;41.7994;15;0.61;0.33;And;
NGC0914;NGC0914;Galaxie;36.5216;42.1441;13.81;1.56;1.04;And;
NGC0915;NGC0915;Galaxie;36.4399;27.221;15.2;0.76;0.76;Ari;
NGC0916;NGC0916;Galaxie;36.4485;27.2425;15.13;1.18;0.53;Ari;
NGC0917;NGC0917;Galaxie;36.532;31.9123;14.4;1.77;0.99;Tri;
NGC0918;NGC0918;Galaxie;36.4618;18.4962;13.21;3.09;1.73;Ari;
NGC0919;NGC0919;Galaxie;36.5695;27.2121;15.43;1.31;0.32;Ari;
NGC0920;NGC0920;Galaxie;36.9658;45.9471;15.54;1.17;0.85;And;
NGC0921;NGC0921;Galaxie;36.6393;-15.8475;15.41;1.25;0.53;Cet;
NGC0922;NGC0922;Galaxie;36.2684;-24.7882;12;2.1;1.77;For;
NGC0923;NGC0923;Galaxie;36.8943;41.9776;14.37;0.78;0.55;And;
NGC0924;NGC0924;Galaxie;36.6951;20.4975;13.74;2.03;1.18;Ari;
NGC0925;NGC0925;Galaxie;36.8203;33.5792;10.12;10.72;5.75;Tri;
NGC0926;NGC0926;Galaxie;36.528;-0.3319;13.25;1.75;0.78;Cet;
NGC0927;NGC0927;Galaxie;36.6555;12.1553;14.44;1.18;1.02;Ari;
NGC0928;NGC0928;Galaxie;36.9209;27.2212;14.63;0.9;0.54;Ari;
NGC0929;NGC0929;Galaxie;36.8259;-12.0869;15.02;0.88;0.4;Cet;
NGC0930;NGC0930;Autre;36.9643;20.3418;;;;Ari;
NGC0931;NGC0931;Galaxie;37.0603;31.3117;14.5;2.45;0.69;Tri;
NGC0932;NGC0932;Galaxie;36.9779;20.3325;13.88;2;1.85;Ari;
NGC0933;NGC0933;Galaxie;37.3229;45.9113;15.3;1.84;0.96;And;
NGC0934;NGC0934;Galaxie;36.8872;-0.2446;13.43;1.14;0.8;Cet;
NGC0935;NGC0935;Galaxie;37.0465;19.5991;12.82;1.58;0.98;Ari;
NGC0936;NGC0936;Galaxie;36.9061;-1.1563;10.23;4.44;3.18;Cet;
NGC0937;NGC0937;Galaxie;37.367;42.25;14.96;0.89;0.35;And;
NGC0938;NGC0938;Galaxie;37.1396;20.2837;13.75;1.55;1.14;Ari;
NGC0939;NGC0939;Galaxie;36.5888;-44.4462;14.05;1.66;1.16;Eri;
NGC0940;NGC0940;Galaxie;37.3646;31.6409;13.35;1.64;1.15;Tri;
NGC0941;NGC0941;Galaxie;37.116;-1.1515;12.49;1.87;1.33;Cet;
NGC0942;NGC0942;Galaxie;37.2927;-10.8361;14.48;1.78;0.87;Cet;
NGC0943;NGC0943;Galaxie;37.2903;-10.8281;14.35;1.55;0.95;Cet;
NGC0944;NGC0944;Galaxie;36.673;-14.5156;15;1.01;0.37;Cet;
NGC0945;NGC0945;Galaxie;37.1553;-10.539;12.12;2.06;1.82;Cet;
NGC0946;NGC0946;Galaxie;37.6601;42.2326;14.5;1.42;0.84;And;
NGC0947;NGC0947;Galaxie;37.138;-19.0421;12.62;2.14;1.15;Cet;
NGC0948;NGC0948;Galaxie;37.1895;-10.5139;14.06;1.17;0.96;Cet;
NGC0949;NGC0949;Galaxie;37.7027;37.1368;11.89;3.1;1.35;Tri;
NGC0950;NGC0950;Galaxie;37.299;-11.0247;14.48;1.18;0.63;Cet;
NGC0951;NGC0951;Galaxie;37.237;-22.3494;15.49;1.08;0.54;Cet;
NGC0953;NGC0953;Galaxie;37.7908;29.5887;14.46;1.47;1.19;Tri;
NGC0954;NGC0954;Galaxie;37.2151;-41.4027;12.91;1.79;0.94;Eri;
NGC0955;NGC0955;Galaxie;37.6381;-1.1084;11.96;2.72;0.88;Cet;
NGC0956;NGC0956;Amas ouvert;38.1287;44.5935;8.9;4.5;4.5;And;
NGC0957;NGC0957;Amas ouvert;38.3293;57.5697;7.6;10.2;10.2;Per;
NGC0958;NGC0958;Galaxie;37.6785;-2.939;12.18;2.51;0.72;Cet;
NGC0959;NGC0959;Galaxie;38.0998;35.4946;12.48;1.87;1.11;Tri;
NGC0960;NGC0960;Galaxie;37.9223;-9.3004;14.78;1.23;0.32;Cet;
NGC0961;NGC0961;Galaxie;40.2604;-6.9359;13.25;1.81;1.04;Cet;
NGC0962;NGC0962;Galaxie;38.166;28.0699;14.15;1.46;1.03;Ari;
NGC0963;NGC0963;Galaxie;37.6303;-4.2154;14.31;0.8;0.79;Cet;
NGC0964;NGC0964;Galaxie;37.7741;-36.0347;13.53;2.18;0.5;For;
NGC0965;NGC0965;Galaxie;38.1046;-18.6397;14.85;0.94;0.77;Cet;
NGC0966;NGC0966;Galaxie;37.9465;-19.8817;12.99;1.13;0.95;Cet;
NGC0967;NGC0967;Galaxie;38.053;-17.2169;13.8;1.48;1.06;Cet;
NGC0968;NGC0968;Galaxie;38.5259;34.4799;13.74;1.2;0.45;Tri;
NGC0969;NGC0969;Galaxie;38.5342;32.9469;12.41;1.69;1.16;Tri;
NGC0970;NGC0970;Galaxie;38.5471;32.9761;;1;1;Tri;
NGC0970 NED01;NGC0970 NED01;Galaxie;38.5447;32.9749;;0.28;0.2;Tri;
NGC0970 NED02;NGC0970 NED02;Galaxie;38.5487;32.9773;15.66;0.72;0.26;Tri;
NGC0971;NGC0971;Autre;38.5669;32.9871;;;;Tri;
NGC0972;NGC0972;Galaxie;38.5557;29.3113;11.33;3.31;1.61;Ari;
NGC0973;NGC0973;Galaxie;38.5838;32.5056;13.56;3.28;0.43;Tri;
NGC0974;NGC0974;Galaxie;38.6075;32.9545;14.05;3.2;2.6;Tri;
NGC0975;NGC0975;Galaxie;38.3448;9.6017;14.16;0.84;0.63;Cet;
NGC0976;NGC0976;Galaxie;38.5001;20.9768;12.41;1.54;1.44;Ari;
NGC0977;NGC0977;Galaxie;38.2643;-10.76;14.16;1.82;1.17;Cet;
NGC0978;NGC0978;Galaxie;38.6983;32.8436;;1.87;1.87;Tri;
NGC0978A;NGC0978A;Galaxie;38.6957;32.8462;13.26;1.83;1.53;Tri;
NGC0978B;NGC0978B;Galaxie;38.7004;32.8414;15;0.64;0.28;Tri;
NGC0979;NGC0979;Galaxie;37.9116;-44.5243;13.83;1.38;1.12;Eri;
NGC0980;NGC0980;Galaxie;38.8273;40.9265;14.21;1.64;0.81;And;
NGC0981;NGC0981;Galaxie;38.2495;-10.9739;14.54;1.08;0.51;Cet;
NGC0982;NGC0982;Galaxie;38.8536;40.8697;13.11;1.6;0.63;And;
NGC0983;NGC0983;Galaxie;39.7318;34.6223;13.94;1.16;0.69;Tri;
NGC0984;NGC0984;Galaxie;38.6796;23.413;13.57;1.66;1.1;Ari;
NGC0985;NGC0985;Galaxie;38.6574;-8.7876;14.09;0.86;0.66;Cet;
NGC0986;NGC0986;Galaxie;38.3931;-39.0451;10.91;3.77;3.03;For;
NGC0986A;NGC0986A;Galaxie;38.1727;-39.2962;13.97;1.85;0.29;For;
NGC0987;NGC0987;Galaxie;39.2067;33.3273;13.32;1.52;1.07;Tri;
NGC0988;NGC0988;Galaxie;38.8656;-9.3562;11.21;4.33;1.73;Cet;
NGC0989;NGC0989;Galaxie;38.4419;-16.5112;15.09;0.92;0.84;Cet;
NGC0990;NGC0990;Galaxie;39.0759;11.6421;12.46;1.48;1.12;Ari;
NGC0991;NGC0991;Galaxie;38.8862;-7.1544;12.96;1.48;1.31;Cet;
NGC0992;NGC0992;Galaxie;39.3562;21.1008;15.13;0.79;0.59;Ari;
NGC0993;NGC0993;Galaxie;39.1919;2.0504;14.86;0.86;0.68;Cet;
NGC0995;NGC0995;Galaxie;39.6335;41.5292;14.83;1.3;0.76;And;
NGC0996;NGC0996;Galaxie;39.6661;41.6475;14.46;1.3;1.12;And;
NGC0997;NGC0997;Galaxie;39.3104;7.3078;;1;1;Cet;
NGC0997 NED01;NGC0997 NED01;Galaxie;39.3101;7.3098;;0.33;0.22;Cet;
NGC0997 NED02;NGC0997 NED02;Galaxie;39.3104;7.3056;14.71;1.12;1.02;Cet;
NGC0998;NGC0998;Galaxie;39.3187;7.3358;14.6;0.63;0.52;Cet;
NGC0999;NGC0999;Galaxie;39.6977;41.6705;14.67;0.78;0.69;And;
NGC1000;NGC1000;Galaxie;39.7073;41.4597;15.45;0.64;0.39;And;
NGC1001;NGC1001;Galaxie;39.8027;41.6717;14.66;0.72;0.27;Per;
NGC1003;NGC1003;Galaxie;39.8204;40.8723;11.51;3.47;0.83;Per;
NGC1004;NGC1004;Galaxie;39.4241;1.9753;12.69;1.17;1.05;Cet;
NGC1005;NGC1005;Galaxie;39.8717;41.489;14.5;0.66;0.65;Per;
NGC1006;NGC1006;Galaxie;39.3952;-11.025;14.05;0.86;0.24;Cet;
NGC1007;NGC1007;Galaxie;39.4678;2.156;16.45;0.61;0.21;Cet;
NGC1008;NGC1008;Galaxie;39.4804;2.0796;14.87;0.86;0.54;Cet;
NGC1009;NGC1009;Galaxie;39.5795;2.31;15.3;1.39;0.23;Cet;
NGC1011;NGC1011;Galaxie;39.412;-11.0056;14.87;0.68;0.62;Cet;
NGC1012;NGC1012;Galaxie;39.8121;30.1514;12.99;2.1;1.05;Ari;
NGC1013;NGC1013;Galaxie;39.4603;-11.5073;15.02;1.08;0.68;Cet;
NGC1014;NGC1014;Autre;39.5035;-9.5734;;;;Cet;
NGC1015;NGC1015;Galaxie;39.5482;-1.3187;12.47;1.98;1.68;Cet;
NGC1016;NGC1016;Galaxie;39.5815;2.1193;11.64;2.26;1.36;Cet;
NGC1017;NGC1017;Galaxie;39.4577;-11.0103;14.89;0.68;0.55;Cet;
NGC1018;NGC1018;Galaxie;39.5432;-9.5439;15.26;1.07;0.59;Cet;
NGC1019;NGC1019;Galaxie;39.6142;1.9077;14.95;1.08;0.75;Cet;
NGC1020;NGC1020;Galaxie;39.6847;2.2313;14.93;0.92;0.28;Cet;
NGC1021;NGC1021;Galaxie;39.7001;2.2174;15.04;0.79;0.55;Cet;
NGC1022;NGC1022;Galaxie;39.6363;-6.6774;11.35;2.6;1.5;Cet;
NGC1023;NGC1023;Galaxie;40.1;39.0633;9.47;7.4;3.06;Per;
NGC1023A;NGC1023A;Galaxie;40.1571;39.0575;13.8;1.3;0.65;Per;
NGC1024;NGC1024;Galaxie;39.7998;10.8468;12.3;2.86;1.06;Ari;
NGC1025;NGC1025;Galaxie;39.083;-54.8642;13.36;0.94;0.55;Hor;
NGC1026;NGC1026;Galaxie;39.8301;6.544;14.06;1.84;1.68;Cet;
NGC1027;NGC1027;Amas ouvert;40.6461;61.5944;6.7;7.8;7.8;Cas;
NGC1028;NGC1028;Galaxie;39.9048;10.8437;14.79;0.87;0.46;Ari;
NGC1029;NGC1029;Galaxie;39.9022;10.7933;13.11;1.56;0.46;Ari;
NGC1030;NGC1030;Galaxie;39.9608;18.0243;14.42;1.5;0.64;Ari;
NGC1031;NGC1031;Galaxie;39.1615;-54.8598;12.52;2.27;1.08;Hor;
NGC1032;NGC1032;Galaxie;39.8485;1.0938;11.67;3.58;0.86;Cet;
NGC1033;NGC1033;Galaxie;40.0672;-8.7769;14.69;1.14;0.91;Cet;
NGC1034;NGC1034;Galaxie;39.5584;-15.8091;14.57;0.8;0.73;Cet;
NGC1035;NGC1035;Galaxie;39.8712;-8.1329;12.89;2.08;0.68;Cet;
NGC1036;NGC1036;Galaxie;40.1208;19.2971;13.19;1.4;1.03;Ari;
NGC1037;NGC1037;Autre;39.9933;-1.7341;;;;Cet;
NGC1038;NGC1038;Galaxie;40.0263;1.5088;14.32;1.39;0.5;Cet;
NGC1039;NGC1039;Amas ouvert;40.5308;42.7461;5.2;22.5;22.5;Per;
NGC1040;NGC1040;Galaxie;40.8018;41.5006;13.95;1.67;0.72;Per;
NGC1041;NGC1041;Galaxie;40.1051;-5.4404;14.09;1.36;1.08;Cet;
NGC1042;NGC1042;Galaxie;40.0999;-8.4336;11.22;3.87;2.13;Cet;
NGC1043;NGC1043;Galaxie;40.194;1.3431;15.74;0.85;0.18;Cet;
NGC1044;NGC1044;Galaxie;40.2775;8.7372;;1.2;1.2;Cet;
NGC1044 NED01;NGC1044 NED01;Galaxie;40.2757;8.738;13.22;0.76;0.76;Cet;
NGC1044 NED02;NGC1044 NED02;Galaxie;40.2802;8.7362;15.16;0.58;0.51;Cet;
NGC1045;NGC1045;Galaxie;40.1213;-11.2776;13.42;1.69;1.27;Cet;
NGC1046;NGC1046;Galaxie;40.3035;8.7194;14.7;0.75;0.7;Cet;
NGC1047;NGC1047;Galaxie;40.1368;-8.1477;14.43;1.36;0.75;Cet;
NGC1048;NGC1048;Galaxie;40.1581;-8.5334;14.5;1.18;0.47;Cet;
NGC1048A;NGC1048A;Galaxie;40.1487;-8.5472;14.52;0.81;0.42;Cet;
NGC1049;NGC1049;Amas globulaire;39.9506;-34.2582;13.59;1.2;1.2;For;Fornax Dwarf Cluster 3
NGC1050;NGC1050;Galaxie;40.6483;34.7635;13.5;1.1;0.81;Per;
NGC1052;NGC1052;Galaxie;40.27;-8.2558;11.04;2.94;2.07;Cet;
NGC1054;NGC1054;Galaxie;40.5656;18.2172;14.54;0.8;0.44;Ari;
NGC1055;NGC1055;Galaxie;40.4385;0.4432;10.6;6.92;3.53;Cet;
NGC1056;NGC1056;Galaxie;40.7013;28.5742;12.35;1.88;1.36;Ari;
NGC1057;NGC1057;Galaxie;40.7621;32.4912;15.72;1.16;0.72;Tri;
NGC1058;NGC1058;Galaxie;40.875;37.3413;11.25;2.47;1.36;Per;
NGC1059;NGC1059;Autre;40.6483;17.9968;;;;Ari;
NGC1060;NGC1060;Galaxie;40.8127;32.425;11.82;2.36;1.75;Tri;
NGC1061;NGC1061;Galaxie;40.8157;32.4667;15.13;0.87;0.59;Tri;
NGC1062;NGC1062;Autre;40.8501;32.4621;;;;Tri;
NGC1063;NGC1063;Galaxie;40.5419;-5.5686;14.44;1.45;0.51;Cet;
NGC1064;NGC1064;Galaxie;40.598;-9.3623;15.02;1.01;0.75;Cet;
NGC1065;NGC1065;Galaxie;40.5261;-15.0916;14.9;0.82;0.75;Cet;
NGC1066;NGC1066;Galaxie;40.9581;32.475;14.79;1.82;1.28;Tri;
NGC1067;NGC1067;Galaxie;40.9605;32.5119;13.69;0.97;0.92;Tri;
NGC1068;NGC1068;Galaxie;40.6696;-0.0133;9.29;6.11;5.61;Cet;
NGC1069;NGC1069;Galaxie;40.7493;-8.2895;14.28;1.35;0.84;Cet;
NGC1070;NGC1070;Galaxie;40.8428;4.9684;12.88;2.34;2;Cet;
NGC1071;NGC1071;Galaxie;40.7827;-8.7739;15.35;1.22;0.41;Cet;
NGC1072;NGC1072;Galaxie;40.8805;0.3068;14.27;1.21;0.49;Cet;
NGC1073;NGC1073;Galaxie;40.9188;1.3761;11.05;3.54;2.23;Cet;
NGC1074;NGC1074;Galaxie;40.9005;-16.2971;15.18;0.91;0.5;Cet;
NGC1075;NGC1075;Galaxie;40.8898;-16.2011;15.45;0.81;0.53;Cet;
NGC1076;NGC1076;Galaxie;40.8719;-14.7543;13.71;1.81;1.25;Cet;
NGC1077;NGC1077;Galaxie;41.5071;40.0917;;1.33;1.33;Per;
NGC1077A;NGC1077A;Galaxie;41.5121;40.0933;17.09;0.53;0.33;Per;
NGC1077B;NGC1077B;Galaxie;41.5025;40.0903;14.54;1.06;0.77;Per;
NGC1078;NGC1078;Galaxie;41.0335;-9.4524;15.2;0.85;0.62;Cet;
NGC1079;NGC1079;Galaxie;40.9348;-29.0034;11.44;2.65;1.49;For;
NGC1080;NGC1080;Galaxie;41.2914;-4.7108;13.58;1.09;0.82;Cet;
NGC1081;NGC1081;Galaxie;41.273;-15.5878;14.36;1.78;0.59;Eri;
NGC1082;NGC1082;Galaxie;41.4219;-8.1805;14.71;0.96;0.71;Eri;
NGC1083;NGC1083;Galaxie;41.4192;-15.3578;15.19;1.55;0.33;Eri;
NGC1084;NGC1084;Galaxie;41.4996;-7.5785;10.6;3.4;2.25;Eri;
NGC1085;NGC1085;Galaxie;41.6054;3.6073;13.77;2.04;1.5;Cet;
NGC1086;NGC1086;Galaxie;41.9849;41.2465;13.53;1.32;0.79;Per;
NGC1087;NGC1087;Galaxie;41.6048;-0.4986;11.02;2.97;1.8;Cet;
NGC1088;NGC1088;Galaxie;41.7683;16.2011;;1;1;Ari;
NGC1088 NED01;NGC1088 NED01;Galaxie;41.7667;16.1999;14.76;0.88;0.52;Ari;
NGC1088 NED02;NGC1088 NED02;Galaxie;41.7704;16.2024;17.17;0.48;0.22;Ari;
NGC1089;NGC1089;Galaxie;41.5421;-15.0732;14.66;1.38;0.99;Eri;
NGC1090;NGC1090;Galaxie;41.6414;-0.2472;11.97;3.31;1.46;Cet;
NGC1091;NGC1091;Galaxie;41.3435;-17.5332;15.17;0.81;0.67;Eri;
NGC1092;NGC1092;Galaxie;41.3732;-17.5423;14.48;1;0.89;Eri;
NGC1093;NGC1093;Galaxie;42.0673;34.4198;14.24;1.16;0.75;Tri;
NGC1094;NGC1094;Galaxie;41.866;-0.2851;13.56;1.32;0.84;Cet;
NGC1095;NGC1095;Galaxie;41.9078;4.6376;14.13;1.26;0.81;Cet;
NGC1096;NGC1096;Galaxie;40.9554;-59.9134;12.78;1.76;1.61;Hor;
NGC1097;NGC1097;Galaxie;41.5794;-30.2749;9.76;10.57;6.44;For;
NGC1097A;NGC1097A;Galaxie;41.5412;-30.2281;13.16;1;0.57;For;
NGC1098;NGC1098;Galaxie;41.2236;-17.6591;12.71;1.58;1.27;Eri;
NGC1099;NGC1099;Galaxie;41.3251;-17.7084;13.21;2.1;0.63;Eri;
NGC1100;NGC1100;Galaxie;41.4003;-17.6889;13.12;1.64;0.76;Eri;
NGC1101;NGC1101;Galaxie;42.0618;4.578;13.05;1.33;1.05;Cet;
NGC1102;NGC1102;Galaxie;41.8037;-22.2088;15.33;0.89;0.58;Eri;
NGC1103;NGC1103;Galaxie;42.025;-13.9592;12.87;2.22;0.63;Eri;
NGC1104;NGC1104;Galaxie;42.1612;-0.2715;14.58;1.04;0.62;Cet;
NGC1105;NGC1105;Galaxie;40.9249;-15.7056;15.16;0.97;0.83;Cet;
NGC1106;NGC1106;Galaxie;42.6688;41.6715;13.65;1.82;1.82;Per;
NGC1107;NGC1107;Galaxie;42.3317;8.0926;12.22;1.88;1.56;Cet;
NGC1108;NGC1108;Galaxie;42.1606;-7.9511;14.71;1.04;0.77;Eri;
NGC1109;NGC1109;Galaxie;41.9316;13.2553;15.37;0.81;0.67;Ari;
NGC1110;NGC1110;Galaxie;42.2899;-7.8376;14.5;2.37;0.46;Eri;
NGC1111;NGC1111;Galaxie;42.164;13.2595;15.92;0.66;0.32;Ari;
NGC1112;NGC1112;Galaxie;42.2515;13.2238;14.85;0.99;0.71;Ari;
NGC1113;NGC1113;Autre;42.521;13.3274;;;;Ari;
NGC1114;NGC1114;Galaxie;42.28;-16.9934;13.27;2.15;0.81;Eri;
NGC1115;NGC1115;Galaxie;42.6058;13.2662;15.53;0.91;0.26;Ari;
NGC1116;NGC1116;Galaxie;42.6487;13.3351;15.33;1.2;0.4;Ari;
NGC1117;NGC1117;Galaxie;42.8046;13.1853;14.86;0.7;0.52;Ari;
NGC1118;NGC1118;Galaxie;42.4945;-12.1637;14.25;1.97;0.63;Eri;
NGC1119;NGC1119;Galaxie;42.0712;-17.9876;15.06;0.48;0.37;Eri;
NGC1120;NGC1120;Galaxie;42.267;-14.4707;14.9;1.79;0.97;Eri;
NGC1121;NGC1121;Galaxie;42.6633;-1.7341;13.65;0.95;0.34;Eri;
NGC1122;NGC1122;Galaxie;43.2133;42.205;12.93;1.35;0.64;Per;
NGC1124;NGC1124;Galaxie;42.8997;-25.7018;14.82;1.1;0.74;For;
NGC1125;NGC1125;Galaxie;42.9178;-16.651;12.81;1.51;0.66;Eri;
NGC1126;NGC1126;Galaxie;43.0776;-1.296;15.32;0.95;0.23;Eri;
NGC1127;NGC1127;Galaxie;43.216;13.2564;16.17;0.69;0.49;Ari;
NGC1128;NGC1128;Galaxie;44.4232;6.0247;;0.8;0.8;Cet;
NGC1128 NED01;NGC1128 NED01;Galaxie;44.4235;6.0228;14.7;0.55;0.55;Cet;
NGC1128 NED02;NGC1128 NED02;Galaxie;44.4232;6.0269;12.7;0.76;0.76;Cet;
NGC1129;NGC1129;Galaxie;43.6141;41.5796;13.6;2.82;1.07;Per;
NGC1130;NGC1130;Galaxie;43.6016;41.6056;15.56;0.69;0.41;Per;
NGC1131;NGC1131;Galaxie;43.6416;41.559;15.4;0.54;0.46;Per;
NGC1132;NGC1132;Galaxie;43.2163;-1.2747;12.3;1.91;0.71;Eri;
NGC1133;NGC1133;Galaxie;43.1758;-8.8044;14.87;0.97;0.71;Eri;
NGC1134;NGC1134;Galaxie;43.4223;13.0141;13.09;2.21;0.76;Ari;
NGC1135;NGC1135;Galaxie;42.6968;-54.9296;16.17;0.71;0.42;Hor;
NGC1136;NGC1136;Galaxie;42.7238;-54.9759;12.97;1.44;1.19;Hor;
NGC1137;NGC1137;Galaxie;43.5114;2.9621;12.84;1.1;0.61;Cet;
NGC1138;NGC1138;Galaxie;44.1518;43.0474;14.05;1.73;1.49;Per;
NGC1139;NGC1139;Galaxie;43.195;-14.5293;15.91;1.02;0.35;Eri;
NGC1140;NGC1140;Galaxie;43.6399;-10.0278;12.43;2.04;1;Eri;
NGC1143;NGC1143;Galaxie;43.7905;-0.1779;14.27;1.22;0.68;Cet;
NGC1144;NGC1144;Galaxie;43.8008;-0.1836;13.96;1.08;0.74;Cet;
NGC1145;NGC1145;Galaxie;43.6396;-18.6351;12.47;3.36;0.76;Eri;
NGC1146;NGC1146;Autre;44.4056;46.4269;;;;Per;
NGC1147;NGC1147;Autre;43.7887;-9.1196;;;;Eri;
NGC1148;NGC1148;Galaxie;44.2682;-7.6856;14.57;1.31;0.68;Eri;
NGC1149;NGC1149;Galaxie;44.3495;-0.3094;15.04;0.71;0.51;Cet;
NGC1150;NGC1150;Galaxie;44.2558;-15.0484;15.03;1.06;0.7;Eri;
NGC1151;NGC1151;Galaxie;44.2693;-15.013;15.92;0.55;0.45;Eri;
NGC1152;NGC1152;Galaxie;44.3901;-7.7588;14.32;1.3;0.76;Eri;
NGC1153;NGC1153;Galaxie;44.5428;3.3619;13.46;1.23;0.85;Cet;
NGC1154;NGC1154;Galaxie;44.532;-10.3633;13.92;1.02;0.59;Eri;
NGC1155;NGC1155;Galaxie;44.5545;-10.3506;14.15;1.1;0.87;Eri;
NGC1156;NGC1156;Galaxie;44.9263;25.2378;11.63;2.96;2.34;Ari;
NGC1157;NGC1157;Galaxie;44.5278;-15.1185;15.5;0.72;0.32;Eri;
NGC1158;NGC1158;Galaxie;44.2978;-14.3955;15.92;0.95;0.61;Eri;
NGC1159;NGC1159;Galaxie;45.1938;43.1626;14.21;0.48;0.4;Per;
NGC1160;NGC1160;Galaxie;45.3052;44.9554;12.82;2.38;1.1;Per;
NGC1161;NGC1161;Galaxie;45.3089;44.8973;11.89;2.69;1.84;Per;
NGC1162;NGC1162;Galaxie;44.7333;-12.3986;13.87;1.59;1.47;Eri;
NGC1163;NGC1163;Galaxie;45.092;-17.1525;13.8;2.26;0.36;Eri;
NGC1164;NGC1164;Galaxie;45.4994;42.5849;14.51;1.18;0.93;Per;
NGC1165;NGC1165;Galaxie;44.6987;-32.0992;13.78;2.31;0.5;For;
NGC1166;NGC1166;Galaxie;45.1458;11.8428;15.35;0.98;0.8;Ari;
NGC1167;NGC1167;Galaxie;45.4265;35.2058;12.64;1.82;1.38;Per;
NGC1168;NGC1168;Galaxie;45.1959;11.7723;15.35;0.98;0.38;Ari;
NGC1169;NGC1169;Galaxie;45.8948;46.3864;11.41;3.31;1.95;Per;
NGC1170;NGC1170;Autre;45.612;27.0727;;;;Ari;
NGC1171;NGC1171;Galaxie;45.9958;43.3983;13.5;1.77;0.81;Per;
NGC1172;NGC1172;Galaxie;45.4002;-14.8366;11.75;2.28;1.64;Eri;
NGC1173;NGC1173;Autre;45.9905;42.3837;;;;Per;
NGC1174;NGC1174;Galaxie;46.3786;42.8355;12.35;3.58;1.43;Per;
NGC1175;NGC1175;Galaxie;46.1348;42.3393;12.8;1.76;0.55;Per;
NGC1176;NGC1176;Autre;46.1453;42.3934;14.6;;;Per;
NGC1177;NGC1177;Galaxie;46.1547;42.3628;15.68;0.6;0.6;Per;
NGC1178;NGC1178;Autre;46.1618;42.3135;15.3;;;Per;
NGC1179;NGC1179;Galaxie;45.6603;-18.8978;12;3.67;2.51;Eri;
NGC1180;NGC1180;Galaxie;45.4627;-15.0298;15.76;0.66;0.4;Eri;
NGC1181;NGC1181;Galaxie;45.4282;-15.0523;16.27;0.86;0.2;Eri;
NGC1182;NGC1182;Galaxie;45.8685;-9.6703;14.79;0.82;0.39;Eri;
NGC1183;NGC1183;Autre;46.1923;42.3689;15;;;Per;
NGC1184;NGC1184;Galaxie;49.1876;80.7933;12.19;3.54;0.87;Cep;
NGC1185;NGC1185;Galaxie;45.7478;-9.1321;14.46;1.36;0.4;Eri;
NGC1187;NGC1187;Galaxie;45.6566;-22.8672;10.92;4.14;3.02;Eri;
NGC1188;NGC1188;Galaxie;45.9307;-15.4846;14.61;1.21;0.56;Eri;
NGC1189;NGC1189;Galaxie;45.852;-15.6235;14.42;1.42;0.47;Eri;
NGC1190;NGC1190;Galaxie;45.8589;-15.6619;15.16;0.76;0.29;Eri;
NGC1191;NGC1191;Galaxie;45.8787;-15.6853;15.28;0.76;0.56;Eri;
NGC1192;NGC1192;Galaxie;45.8943;-15.6788;15.36;0.8;0.4;Eri;
NGC1193;NGC1193;Amas ouvert;46.482;44.3831;12.6;2.4;2.4;Per;
NGC1194;NGC1194;Galaxie;45.9546;-1.1038;13.8;1.55;0.77;Cet;
NGC1195;NGC1195;Galaxie;45.8867;-12.0398;15.11;0.64;0.53;Eri;
NGC1196;NGC1196;Galaxie;45.8967;-12.0763;14.09;1.54;1.41;Eri;
NGC1197;NGC1197;Autre;46.5592;44.0612;;;;Per;
NGC1198;NGC1198;Galaxie;46.5552;41.8489;13.95;2.05;1;Per;
NGC1199;NGC1199;Galaxie;45.91;-15.6132;11.43;2.83;2.32;Eri;
NGC1200;NGC1200;Galaxie;45.977;-11.9918;13.8;2.91;1.88;Eri;
NGC1201;NGC1201;Galaxie;46.0333;-26.0696;10.81;3.41;1.96;For;
NGC1202;NGC1202;Galaxie;46.2605;-6.4916;15.22;0.65;0.53;Eri;
NGC1203;NGC1203;Galaxie;46.3092;-14.3789;;1.13;1.13;Eri;
NGC1203A;NGC1203A;Galaxie;46.3088;-14.3811;15.01;0.83;0.42;Eri;
NGC1203B;NGC1203B;Galaxie;46.3096;-14.3778;16;0.58;0.58;Eri;
NGC1204;NGC1204;Galaxie;46.1663;-12.3414;14.21;1.52;0.54;Eri;
NGC1206;NGC1206;Galaxie;46.5406;-8.8332;15.93;0.75;0.65;Eri;
NGC1207;NGC1207;Galaxie;47.0645;38.3822;13.61;1.68;1.18;Per;
NGC1208;NGC1208;Galaxie;46.5496;-9.5414;13.35;2.19;1.24;Eri;
NGC1209;NGC1209;Galaxie;46.5126;-15.6113;11.38;2.25;0.94;Eri;
NGC1210;NGC1210;Galaxie;46.689;-25.7164;12.71;1.16;0.68;For;
NGC1211;NGC1211;Galaxie;46.7184;-0.7945;12.35;1.49;0.95;Cet;
NGC1212;NGC1212;Galaxie;47.426;40.8931;16;0.89;0.47;Per;
NGC1213;NGC1213;Galaxie;47.3221;38.6494;15.65;0.94;0.76;Per;
NGC1214;NGC1214;Galaxie;46.7334;-9.5442;14.97;1.58;0.42;Eri;
NGC1215;NGC1215;Galaxie;46.7894;-9.5927;14.98;1.67;1.21;Eri;
NGC1216;NGC1216;Galaxie;46.8272;-9.6128;15.86;0.9;0.22;Eri;
NGC1217;NGC1217;Galaxie;46.5251;-39.0364;13.3;1.88;1.3;For;
NGC1218;NGC1218;Galaxie;47.1093;4.1109;13.16;1.35;1.06;Cet;
NGC1219;NGC1219;Galaxie;47.1165;2.1086;12.99;1.18;1.04;Cet;
NGC1220;NGC1220;Amas ouvert;47.9195;53.3482;11.8;2.4;2.4;Per;
NGC1221;NGC1221;Galaxie;47.0647;-4.2595;14.6;1.46;0.53;Eri;
NGC1222;NGC1222;Galaxie;47.2364;-2.9551;12.55;1.57;0.95;Eri;
NGC1223;NGC1223;Galaxie;47.083;-4.1384;13.93;1.34;1.29;Eri;
NGC1224;NGC1224;Galaxie;47.8065;41.3637;15.43;1.36;1.03;Per;
NGC1225;NGC1225;Galaxie;47.1968;-4.1016;14.85;1.24;0.6;Eri;
NGC1226;NGC1226;Galaxie;47.7723;35.3868;14.47;1.23;0.94;Per;
NGC1227;NGC1227;Galaxie;47.7822;35.3249;15.68;0.66;0.44;Per;
NGC1228;NGC1228;Galaxie;47.0489;-22.9229;14.31;1.52;0.71;Eri;
NGC1229;NGC1229;Galaxie;47.045;-22.9608;14.45;1.02;0.6;Eri;
NGC1230;NGC1230;Galaxie;47.0683;-22.984;15.52;0.69;0.22;Eri;
NGC1231;NGC1231;Galaxie;46.6221;-15.5691;15;0.98;0.84;Eri;
NGC1232;NGC1232;Galaxie;47.4396;-20.5793;10.11;6.79;5.77;Eri;
NGC1232A;NGC1232A;Galaxie;47.5079;-20.6006;15.29;0.85;0.79;Eri;
NGC1233;NGC1233;Galaxie;48.138;39.3189;13.16;1.51;0.46;Per;
NGC1234;NGC1234;Galaxie;47.4129;-7.8462;15.24;1.58;0.82;Eri;
NGC1236;NGC1236;Galaxie;47.8666;10.8083;15.73;0.66;0.48;Ari;
NGC1237;NGC1237;Autre;47.5374;-8.6923;;;;Eri;
NGC1238;NGC1238;Galaxie;47.7196;-10.7481;14.33;1.53;1.2;Eri;
NGC1239;NGC1239;Galaxie;47.7238;-2.5531;14.61;1.23;0.81;Eri;
NGC1240;NGC1240;Autre;48.3612;30.5072;;;;Ari;
NGC1241;NGC1241;Galaxie;47.811;-8.9221;12.63;2.7;1.5;Eri;
NGC1242;NGC1242;Galaxie;47.8305;-8.9024;13.71;1.06;0.54;Eri;
NGC1243;NGC1243;Autre;47.8561;-8.9453;;;;Eri;
NGC1244;NGC1244;Galaxie;46.6295;-66.7756;13.92;1.44;0.36;Hor;
NGC1245;NGC1245;Amas ouvert;48.6728;47.2387;8.4;11.4;11.4;Per;
NGC1246;NGC1246;Galaxie;46.7587;-66.9386;13.89;1.42;0.76;Hor;
NGC1247;NGC1247;Galaxie;48.0597;-10.4811;12.48;3.55;0.52;Eri;
NGC1248;NGC1248;Galaxie;48.2023;-5.2247;12.67;1.21;1.06;Eri;
NGC1249;NGC1249;Galaxie;47.5051;-53.3358;11.77;3.64;1.44;Hor;
NGC1250;NGC1250;Galaxie;48.8379;41.3554;12.83;2.33;0.8;Per;
NGC1251;NGC1251;Autre;48.538;1.4565;;;;Cet;
NGC1252;NGC1252;Amas ouvert;47.6846;-57.7586;;7.2;7.2;Hor;
NGC1253;NGC1253;Galaxie;48.5377;-2.8229;11.78;4.57;1.86;Eri;
NGC1253A;NGC1253A;Galaxie;48.5971;-2.8008;13.8;1.01;0.66;Eri;
NGC1254;NGC1254;Galaxie;48.6002;2.6774;15.42;0.98;0.77;Cet;
NGC1255;NGC1255;Galaxie;48.3835;-25.7252;11.17;4.05;2.24;For;
NGC1256;NGC1256;Galaxie;48.4928;-21.9864;13.55;1.13;0.41;Eri;
NGC1257;NGC1257;Autre;49.2481;41.5291;;;;Per;
NGC1258;NGC1258;Galaxie;48.5228;-21.7743;13.95;1.41;1.04;Eri;
NGC1259;NGC1259;Galaxie;49.322;41.3855;15.21;0.95;0.68;Per;
NGC1260;NGC1260;Galaxie;49.3635;41.4052;14.3;1.29;0.5;Per;
NGC1261;NGC1261;Amas globulaire;48.0639;-55.2168;8.63;5.1;5.1;Hor;
NGC1262;NGC1262;Galaxie;48.8899;-15.8793;14.2;0.95;0.8;Eri;
NGC1263;NGC1263;Galaxie;48.9148;-15.0983;14.99;0.86;0.76;Eri;
NGC1264;NGC1264;Galaxie;49.4982;41.5203;15.24;1;0.89;Per;
NGC1265;NGC1265;Galaxie;49.5652;41.8578;11.92;1.9;1.63;Per;
NGC1266;NGC1266;Galaxie;49.0031;-2.4274;14.39;1.48;0.99;Eri;
NGC1267;NGC1267;Galaxie;49.6872;41.4677;12.98;1.12;0.86;Per;
NGC1268;NGC1268;Galaxie;49.6882;41.4887;14.84;0.96;0.49;Per;
NGC1269;NGC1269;Galaxie;49.3275;-41.1081;8.7;11.17;9.93;Eri;
NGC1270;NGC1270;Galaxie;49.7423;41.47;13.03;1.05;0.97;Per;
NGC1271;NGC1271;Galaxie;49.797;41.3533;15.1;0.81;0.51;Per;
NGC1272;NGC1272;Galaxie;49.8387;41.4906;11.88;2.55;1.25;Per;
NGC1273;NGC1273;Galaxie;49.8614;41.5405;13.16;0.89;0.7;Per;
NGC1274;NGC1274;Galaxie;49.919;41.5486;15.09;0.78;0.49;Per;
NGC1275;NGC1275;Galaxie;49.9507;41.5117;12.24;2.16;1.45;Per;Perseus A
NGC1276;NGC1276;Autre;49.9634;41.642;;;;Per;
NGC1277;NGC1277;Galaxie;49.9645;41.5735;13.51;0.97;0.67;Per;
NGC1278;NGC1278;Galaxie;49.9756;41.5634;12.45;1.43;1.3;Per;
NGC1279;NGC1279;Galaxie;49.9961;41.4795;17.23;0.58;0.39;Per;
NGC1280;NGC1280;Galaxie;49.4878;-0.1691;13.41;0.92;0.69;Cet;
NGC1281;NGC1281;Galaxie;50.0255;41.63;13.35;0.78;0.42;Per;
NGC1282;NGC1282;Galaxie;50.0505;41.367;12.88;1.39;1.07;Per;
NGC1283;NGC1283;Galaxie;50.0647;41.3987;13.61;0.93;0.79;Per;
NGC1284;NGC1284;Galaxie;49.4396;-10.2891;14.36;1.87;1.22;Eri;
NGC1285;NGC1285;Galaxie;49.4726;-7.2978;13.59;1.59;0.88;Eri;
NGC1286;NGC1286;Galaxie;49.4522;-7.6169;14.74;0.98;0.79;Eri;
NGC1287;NGC1287;Galaxie;49.6395;-2.7308;14.72;0.76;0.68;Eri;
NGC1288;NGC1288;Galaxie;49.305;-32.5759;12.17;2.32;1.71;For;
NGC1289;NGC1289;Galaxie;49.7075;-1.9733;12.57;1.75;1;Eri;
NGC1290;NGC1290;Galaxie;49.8549;-13.9896;15.4;0.71;0.52;Eri;
NGC1292;NGC1292;Galaxie;49.562;-27.6103;12.13;2.93;1.2;For;
NGC1293;NGC1293;Galaxie;50.4019;41.3928;13.39;0.86;0.86;Per;
NGC1294;NGC1294;Galaxie;50.4165;41.3606;13.26;1.38;1.09;Per;
NGC1295;NGC1295;Galaxie;50.0138;-13.9982;15.01;0.99;0.53;Eri;
NGC1296;NGC1296;Galaxie;49.7071;-13.0624;14.76;0.9;0.45;Eri;
NGC1297;NGC1297;Galaxie;49.8092;-19.1;14.7;2.4;2.01;Eri;
NGC1298;NGC1298;Galaxie;50.0545;-2.1141;13.96;1.04;0.92;Eri;
NGC1299;NGC1299;Galaxie;50.0403;-6.262;13.6;1.21;0.67;Eri;
NGC1300;NGC1300;Galaxie;49.9212;-19.4114;10.52;5.96;3.06;Eri;
NGC1301;NGC1301;Galaxie;50.1472;-18.7153;13.4;2.38;0.51;Eri;
NGC1302;NGC1302;Galaxie;49.9632;-26.0604;10.63;4.27;3.9;For;
NGC1303;NGC1303;Galaxie;50.17;-7.3944;14.73;1.12;0.8;Eri;
NGC1304;NGC1304;Galaxie;50.3033;-4.5841;14.39;1.33;0.7;Eri;
NGC1305;NGC1305;Galaxie;50.3457;-2.3168;11.97;1.33;0.94;Eri;
NGC1306;NGC1306;Galaxie;50.2625;-25.5126;13.76;1.1;0.64;For;
NGC1308;NGC1308;Galaxie;50.6189;-2.7571;14.7;1.15;0.86;Eri;
NGC1309;NGC1309;Galaxie;50.5273;-15.4001;11.58;2.39;2.24;Eri;
NGC1310;NGC1310;Galaxie;50.2643;-37.1017;12.1;2.11;1.58;For;
NGC1311;NGC1311;Galaxie;50.029;-52.1855;12.94;3.2;0.78;Hor;
NGC1312;NGC1312;Autre;50.9239;1.1847;;;;Tau;
NGC1313;NGC1313;Galaxie;49.5669;-66.4982;9.49;11.07;9.14;Ret;
NGC1313A;NGC1313A;Galaxie;50.0238;-66.7011;14.73;1.25;0.33;Ret;
NGC1314;NGC1314;Galaxie;50.6715;-4.1866;14.86;1.47;1.3;Eri;
NGC1315;NGC1315;Galaxie;50.7775;-21.3752;13.65;1.62;1.35;Eri;
NGC1316;NGC1316;Galaxie;50.6738;-37.2082;8.48;13.46;7.71;For;Fornax A
NGC1316A;NGC1316A;Galaxie;50.9079;-36.9039;14.67;1.04;0.58;For;
NGC1316B;NGC1316B;Galaxie;50.915;-36.9083;15.1;0.66;0.33;For;
NGC1316C;NGC1316C;Galaxie;51.2433;-37.0094;14.29;1.47;0.64;For;
NGC1317;NGC1317;Galaxie;50.6845;-37.1037;10.88;3.1;2.58;For;Fornax B
NGC1319;NGC1319;Galaxie;50.9853;-21.5277;13.94;1.46;0.71;Eri;
NGC1320;NGC1320;Galaxie;51.2029;-3.0423;13.38;1.86;0.68;Eri;
NGC1321;NGC1321;Galaxie;51.2024;-3.0156;13.67;0.97;0.71;Eri;
NGC1322;NGC1322;Galaxie;51.228;-2.9192;14.35;1.12;0.8;Eri;
NGC1323;NGC1323;Galaxie;51.2337;-2.8221;16.02;0.71;0.29;Eri;
NGC1324;NGC1324;Galaxie;51.257;-5.7458;13.4;2.37;0.69;Eri;
NGC1325;NGC1325;Galaxie;51.1065;-21.544;11.54;4.32;1.5;Eri;
NGC1325A;NGC1325A;Galaxie;51.2021;-21.3361;12.84;1.9;1.78;Eri;
NGC1326;NGC1326;Galaxie;50.985;-36.4647;10.45;4.28;2.93;For;
NGC1326A;NGC1326A;Galaxie;51.2854;-36.3639;14.05;2.1;1.34;For;
NGC1326B;NGC1326B;Galaxie;51.3346;-36.385;13.27;3.87;1.88;For;
NGC1327;NGC1327;Galaxie;51.3463;-25.6803;15.47;1.14;0.4;For;
NGC1328;NGC1328;Galaxie;51.4129;-4.1249;14.73;0.98;0.69;Eri;
NGC1329;NGC1329;Galaxie;51.5108;-17.5915;12.65;1.58;1.27;Eri;
NGC1330;NGC1330;Autre;52.2686;41.6752;;;;Per;
NGC1331;NGC1331;Galaxie;51.6179;-21.3553;13.42;0.92;0.79;Eri;
NGC1332;NGC1332;Galaxie;51.5719;-21.3352;10.36;5.31;3.84;Eri;
NGC1333;NGC1333;Amas ouvert;52.23;31.37;10.9;19.5;19.5;Per;
NGC1334;NGC1334;Galaxie;52.5077;41.832;14.73;1.24;0.51;Per;
NGC1335;NGC1335;Galaxie;52.5812;41.5728;15.66;0.9;0.5;Per;
NGC1336;NGC1336;Galaxie;51.6341;-35.7136;12.31;1.97;1.41;For;
NGC1337;NGC1337;Galaxie;52.0248;-8.3886;12.86;4.94;1.31;Eri;
NGC1338;NGC1338;Galaxie;52.2273;-12.1534;14;1.31;1.24;Eri;
NGC1339;NGC1339;Galaxie;52.0274;-32.2861;11.75;2.01;1.47;For;
NGC1340;NGC1340;Galaxie;52.082;-31.0682;10.37;5.12;3.12;For;
NGC1341;NGC1341;Galaxie;51.9934;-37.15;12.42;1.42;1.07;For;
NGC1342;NGC1342;Amas ouvert;52.9172;37.3794;6.7;6.3;6.3;Per;
NGC1343;NGC1343;Galaxie;54.4571;72.5713;12.37;2.38;1.06;Cas;
NGC1345;NGC1345;Galaxie;52.382;-17.7784;13.75;1.34;1.1;Eri;
NGC1346;NGC1346;Galaxie;52.5553;-5.5433;16.39;1.44;0.54;Eri;
NGC1347;NGC1347;Galaxie;52.4229;-22.285;;1.8;1.8;Eri;
NGC1347 NED01;NGC1347 NED01;Galaxie;52.4242;-22.2791;13.77;0.98;0.93;Eri;
NGC1347 NED02;NGC1347 NED02;Galaxie;52.4216;-22.291;16.2;0.56;0.38;Eri;
NGC1348;NGC1348;Amas ouvert;53.5354;51.4205;;3.6;3.6;Per;
NGC1349;NGC1349;Galaxie;52.8646;4.3808;13.09;0.91;0.91;Tau;
NGC1350;NGC1350;Galaxie;52.7838;-33.6286;10.31;5.18;2.6;For;
NGC1351;NGC1351;Galaxie;52.6457;-34.8539;11.46;3.4;2.2;For;
NGC1351A;NGC1351A;Galaxie;52.2029;-35.1781;13.81;2.49;0.65;For;
NGC1352;NGC1352;Galaxie;52.8874;-19.2784;13.35;1.15;0.75;Eri;
NGC1353;NGC1353;Galaxie;53.0126;-20.8192;11.46;3.64;1.47;Eri;
NGC1354;NGC1354;Galaxie;53.1224;-15.2211;13.46;2.62;0.97;Eri;
NGC1355;NGC1355;Galaxie;53.3479;-4.9987;13.19;1.73;0.31;Eri;
NGC1356;NGC1356;Galaxie;52.67;-50.3096;13.14;1.17;1.02;Hor;
NGC1357;NGC1357;Galaxie;53.3212;-13.6641;11.44;3.37;2.55;Eri;
NGC1358;NGC1358;Galaxie;53.4153;-5.0894;12.78;2.13;1.17;Eri;
NGC1359;NGC1359;Galaxie;53.4488;-19.4921;12.35;1.46;1.21;Eri;
NGC1360;NGC1360;Nebuleuse;53.311;-25.8717;9.4;6.42;6.42;For;
NGC1361;NGC1361;Galaxie;53.5739;-6.265;14.68;1.24;0.84;Eri;
NGC1362;NGC1362;Galaxie;53.4712;-20.2826;13.78;1.3;1.17;Eri;
NGC1363;NGC1363;Galaxie;53.7065;-9.8425;13.96;0.9;0.76;Eri;
NGC1364;NGC1364;Galaxie;53.7457;-9.8386;15.38;0.57;0.51;Eri;
NGC1365;NGC1365;Galaxie;53.4015;-36.1404;10.1;12.02;6.14;For;
NGC1366;NGC1366;Galaxie;53.4737;-31.1941;11.91;2.05;0.94;For;
NGC1367;NGC1367;Galaxie;53.7556;-24.9332;10.66;4.88;3.26;For;
NGC1368;NGC1368;Galaxie;53.7454;-15.6559;15.23;1.15;0.49;Eri;
NGC1369;NGC1369;Galaxie;54.1885;-36.2562;13.69;2.22;1.73;Eri;
NGC1370;NGC1370;Galaxie;53.8107;-20.3737;13.54;1.49;0.85;Eri;
NGC1372;NGC1372;Galaxie;54.2489;-15.8815;15.35;0.7;0.65;Eri;
NGC1373;NGC1373;Galaxie;53.7467;-35.1711;13.26;1.2;1.14;For;
NGC1374;NGC1374;Galaxie;53.8191;-35.2263;11.14;2.86;2.65;For;
NGC1375;NGC1375;Galaxie;53.8201;-35.2657;12.39;2.28;1;For;
NGC1376;NGC1376;Galaxie;54.2747;-5.0427;12.85;1.86;1.79;Eri;
NGC1377;NGC1377;Galaxie;54.1628;-20.9022;13.49;2.07;0.95;Eri;
NGC1378;NGC1378;Autre;53.9925;-35.2112;;;;For;
NGC1379;NGC1379;Galaxie;54.0165;-35.4412;11.02;2.66;2.55;For;
NGC1380;NGC1380;Galaxie;54.115;-34.9762;9.94;4.58;2.22;For;
NGC1380A;NGC1380A;Galaxie;54.1979;-34.7397;12.39;2.76;0.78;For;
NGC1381;NGC1381;Galaxie;54.132;-35.2952;11.47;2.54;0.96;For;
NGC1382;NGC1382;Galaxie;54.2873;-35.195;12.86;1.99;1.36;For;
NGC1383;NGC1383;Galaxie;54.4135;-18.3395;12.5;2;0.82;Eri;
NGC1384;NGC1384;Galaxie;54.8066;15.8196;15.55;0.76;0.46;Tau;
NGC1385;NGC1385;Galaxie;54.3702;-24.5003;11.03;3.4;2.13;For;
NGC1386;NGC1386;Galaxie;54.1924;-35.9994;11.86;3.59;1.35;Eri;
NGC1387;NGC1387;Galaxie;54.2377;-35.5066;10.75;3.01;2.89;For;
NGC1388;NGC1388;Galaxie;54.55;-15.8994;14.84;0.85;0.8;Eri;
NGC1389;NGC1389;Galaxie;54.2991;-35.7456;11.51;2.58;1.43;Eri;
NGC1390;NGC1390;Galaxie;54.4674;-19.0084;14.07;1.45;0.51;Eri;
NGC1391;NGC1391;Galaxie;54.7207;-18.3541;13.35;1.21;0.61;Eri;
NGC1392;NGC1392;Galaxie;54.4459;-36.1474;16.95;0.3;0.21;Eri;
NGC1393;NGC1393;Galaxie;54.6608;-18.428;12.06;1.88;1.22;Eri;
NGC1394;NGC1394;Galaxie;54.7788;-18.2923;12.82;1.51;0.59;Eri;
NGC1395;NGC1395;Galaxie;54.624;-23.0275;9.65;4.71;3.97;Eri;
NGC1396;NGC1396;Galaxie;54.5272;-35.4401;14.88;0.92;0.54;For;
NGC1397;NGC1397;Galaxie;54.9465;-4.6701;14.7;0.96;0.68;Eri;
NGC1398;NGC1398;Galaxie;54.7172;-26.3378;9.55;6.95;4.91;For;
NGC1399;NGC1399;Galaxie;54.621;-35.4507;9.4;8.51;7.69;For;
NGC1400;NGC1400;Galaxie;54.8785;-18.6881;11.06;2.81;2.52;Eri;
NGC1401;NGC1401;Galaxie;54.841;-22.7247;12.29;2.45;0.9;Eri;
NGC1402;NGC1402;Galaxie;54.8774;-18.5269;13.54;0.87;0.83;Eri;
NGC1403;NGC1403;Galaxie;54.7952;-22.3887;12.74;1.52;1.34;Eri;
NGC1404;NGC1404;Galaxie;54.7163;-35.5944;9.93;5.01;4.38;Eri;
NGC1405;NGC1405;Galaxie;55.0789;-15.5302;15.03;1.6;0.45;Eri;
NGC1406;NGC1406;Galaxie;54.8471;-31.3214;11.82;4.5;0.9;For;
NGC1407;NGC1407;Galaxie;55.0494;-18.5801;9.65;5.73;5.27;Eri;
NGC1408;NGC1408;Autre;54.822;-35.5008;;;;For;
NGC1409;NGC1409;Galaxie;55.2935;-1.3026;14.76;0.82;0.64;Tau;
NGC1410;NGC1410;Galaxie;55.2948;-1.2988;15.22;1.17;0.62;Tau;
NGC1411;NGC1411;Galaxie;54.687;-44.1006;11.19;2.45;1.76;Hor;
NGC1412;NGC1412;Galaxie;55.1224;-26.8623;13.13;1.06;0.45;For;
NGC1413;NGC1413;Galaxie;55.0481;-15.6108;15.23;0.9;0.77;Eri;
NGC1414;NGC1414;Galaxie;55.2377;-21.7131;14.67;1.71;0.36;Eri;
NGC1415;NGC1415;Galaxie;55.2369;-22.5645;11.53;3.74;1.51;Eri;
NGC1416;NGC1416;Galaxie;55.262;-22.7191;14.18;1.5;1.01;Eri;
NGC1417;NGC1417;Galaxie;55.4893;-4.7049;12.08;2.52;1.35;Eri;
NGC1418;NGC1418;Galaxie;55.5673;-4.7308;13.73;1.14;0.65;Eri;
NGC1419;NGC1419;Galaxie;55.1755;-37.5108;12.61;1.48;1.32;Eri;
NGC1420;NGC1420;Autre;55.666;-5.8526;;;;Eri;
NGC1421;NGC1421;Galaxie;55.622;-13.488;11.52;3.55;0.75;Eri;
NGC1422;NGC1422;Galaxie;55.3795;-21.6815;14.05;2.51;0.61;Eri;
NGC1423;NGC1423;Galaxie;55.6671;-6.3818;14.79;1;0.66;Eri;
NGC1424;NGC1424;Galaxie;55.8085;-4.7301;13.8;1.39;0.49;Eri;
NGC1425;NGC1425;Galaxie;55.5478;-29.8933;10.7;4.91;2.15;For;
NGC1426;NGC1426;Galaxie;55.7046;-22.1084;11.47;2.86;1.92;Eri;
NGC1427;NGC1427;Galaxie;55.5809;-35.3926;10.88;4.33;2.87;For;
NGC1427A;NGC1427A;Galaxie;55.0388;-35.6244;13.4;2.26;1.42;Eri;
NGC1428;NGC1428;Galaxie;55.5947;-35.154;13.84;1.48;0.73;For;
NGC1429;NGC1429;Autre;56.0172;-4.7181;;;;Eri;
NGC1430;NGC1430;Autre;55.8551;-18.2251;;;;Eri;
NGC1431;NGC1431;Galaxie;56.17;2.8349;15.58;0.91;0.67;Tau;
NGC1432;NGC1432;Nebuleuse;56.4566;24.3679;;60;40;Tau;Maia Nebula
NGC1433;NGC1433;Galaxie;55.5065;-47.2221;9.95;6.19;2.96;Hor;
NGC1434;NGC1434;Galaxie;56.5536;-9.6826;15.36;0.79;0.48;Eri;
NGC1435;NGC1435;Nebuleuse;56.542;23.765;;30;30;Tau;Merope Nebula
NGC1436;NGC1436;Galaxie;55.9045;-35.853;11.69;2.97;2.08;Eri;
NGC1437B;NGC1437B;Galaxie;56.4783;-36.3569;13.88;2.87;0.86;Eri;
NGC1438;NGC1438;Galaxie;56.3218;-23.0025;12.44;2.04;0.93;Eri;
NGC1439;NGC1439;Galaxie;56.2081;-21.9206;11.39;2.96;2.83;Eri;
NGC1440;NGC1440;Galaxie;56.2621;-18.266;11.63;2.62;1.99;Eri;
NGC1441;NGC1441;Galaxie;56.4297;-4.0916;12.93;1.85;0.65;Eri;
NGC1443;NGC1443;Autre;56.471;-4.0527;;;;Eri;
NGC1444;NGC1444;Amas ouvert;57.3703;52.6553;6.6;3.6;3.6;Per;
NGC1445;NGC1445;Galaxie;56.2343;-9.8559;15.02;0.77;0.62;Eri;
NGC1446;NGC1446;Autre;56.4894;-4.1122;13.5;;;Eri;
NGC1447;NGC1447;Galaxie;56.4465;-9.0187;16.02;0.86;0.58;Eri;
NGC1448;NGC1448;Galaxie;56.133;-44.6448;10.94;8.02;1.53;Hor;
NGC1449;NGC1449;Galaxie;56.5128;-4.1381;13.47;0.9;0.52;Eri;
NGC1450;NGC1450;Galaxie;56.4027;-9.2349;15.22;0.91;0.73;Eri;
NGC1451;NGC1451;Galaxie;56.5298;-4.0692;13.34;0.81;0.65;Eri;
NGC1452;NGC1452;Galaxie;56.343;-18.6336;11.84;2.39;1.76;Eri;
NGC1453;NGC1453;Galaxie;56.6135;-3.9688;11.41;2.46;1.87;Eri;
NGC1454;NGC1454;Autre;56.4973;-20.6523;;;;Eri;
NGC1456;NGC1456;Autre;57.0344;22.5586;10.96;;;Tau;
NGC1458;NGC1458;Autre;56.743;-18.2411;;;;Eri;
NGC1459;NGC1459;Galaxie;56.7414;-25.5218;13.68;1.82;1.19;For;
NGC1460;NGC1460;Galaxie;56.5573;-36.6963;13.53;1.92;1.62;Eri;
NGC1461;NGC1461;Galaxie;57.1131;-16.3929;11.81;2.9;0.85;Eri;
NGC1462;NGC1462;Galaxie;57.5976;6.9731;15.23;0.86;0.49;Tau;
NGC1463;NGC1463;Galaxie;56.5643;-59.8101;13.47;1.26;1.09;Ret;
NGC1464;NGC1464;Galaxie;57.8522;-15.4023;14.73;0.81;0.59;Eri;
NGC1465;NGC1465;Galaxie;58.383;32.4928;14.79;2.01;0.44;Per;
NGC1466;NGC1466;Amas globulaire;56.139;-71.6716;11.59;3.5;3.5;Hyi;
NGC1467;NGC1467;Galaxie;57.97;-8.8382;15.24;1.23;0.67;Eri;
NGC1468;NGC1468;Galaxie;58.0524;-6.3489;14.99;1.22;0.85;Eri;
NGC1469;NGC1469;Galaxie;60.1157;68.5777;14.45;2.17;1.22;Cam;
NGC1470;NGC1470;Galaxie;58.041;-8.9994;14.62;1.61;0.39;Eri;
NGC1472;NGC1472;Galaxie;58.4473;-8.5685;16.03;0.68;0.62;Eri;
NGC1473;NGC1473;Galaxie;56.8596;-68.2206;12.91;1.53;0.82;Hyi;
NGC1474;NGC1474;Galaxie;58.6265;10.707;13.76;1.04;0.7;Tau;
NGC1475;NGC1475;Galaxie;58.4576;-8.1375;16.41;0.65;0.59;Eri;
NGC1476;NGC1476;Galaxie;58.0366;-44.5325;13.82;1.5;0.54;Hor;
NGC1477;NGC1477;Galaxie;58.512;-8.575;16.16;0.77;0.68;Eri;
NGC1478;NGC1478;Galaxie;58.5306;-8.5554;16.23;0.64;0.44;Eri;
NGC1479;NGC1479;Autre;58.5852;-10.2086;;;;Eri;
NGC1480;NGC1480;Autre;58.6349;-10.2588;;;;Eri;
NGC1481;NGC1481;Galaxie;58.6207;-20.4272;14.56;1.04;0.78;Eri;
NGC1482;NGC1482;Galaxie;58.6623;-20.5027;12.14;2.46;1.43;Eri;
NGC1483;NGC1483;Galaxie;58.1985;-47.4775;12.76;1.87;1.51;Hor;
NGC1484;NGC1484;Galaxie;58.5839;-36.9689;13.71;2.73;0.68;Eri;
NGC1485;NGC1485;Galaxie;61.2664;70.9965;12.37;2.23;0.69;Cam;
NGC1486;NGC1486;Galaxie;59.0779;-21.8211;15.17;0.91;0.62;Eri;
NGC1487;NGC1487;Galaxie;58.9421;-42.3681;;4.4;4.4;Eri;
NGC1487 NED01;NGC1487 NED01;Galaxie;58.939;-42.3677;11.9;2.34;2.04;Eri;
NGC1487 NED02;NGC1487 NED02;Galaxie;58.9465;-42.3686;11.68;3.72;1.7;Eri;
NGC1488;NGC1488;Autre;60.018;18.5673;;;;Tau;
NGC1489;NGC1489;Galaxie;59.4088;-19.2166;13.8;1.69;0.6;Eri;
NGC1490;NGC1490;Galaxie;58.3926;-66.0181;13.64;1.39;1.19;Ret;
NGC1491;NGC1491;Nebuleuse;60.8065;51.3161;;9;6;Per;
NGC1492;NGC1492;Galaxie;59.5547;-35.4464;14.29;0.77;0.61;Eri;
NGC1493;NGC1493;Galaxie;59.3643;-46.2107;11.44;3.44;3.18;Hor;
NGC1494;NGC1494;Galaxie;59.4288;-48.9081;11.95;3.51;1.86;Hor;
NGC1495;NGC1495;Galaxie;59.5909;-44.4663;12.64;2.22;0.48;Hor;
NGC1496;NGC1496;Amas ouvert;61.1329;52.6614;9.6;2.1;2.1;Per;
NGC1497;NGC1497;Galaxie;60.5284;23.1329;14.58;1.23;0.65;Tau;
NGC1498;NGC1498;Amas ouvert;60.0804;-12.0197;;;;Eri;
NGC1499;NGC1499;Nebuleuse;60.8101;36.3675;5;160;40;Per;California Nebula
NGC1500;NGC1500;Galaxie;59.5582;-52.3282;14.84;1.49;1.13;Dor;
NGC1501;NGC1501;Nebuleuse;61.7474;60.9207;11.5;0.87;0.87;Cam;
NGC1502;NGC1502;Amas ouvert;61.9554;62.3315;6.9;10.2;10.2;Cam;
NGC1503;NGC1503;Galaxie;59.1385;-66.0407;14.41;0.96;0.74;Ret;
NGC1504;NGC1504;Galaxie;60.6238;-9.3354;15.51;0.79;0.7;Eri;
NGC1505;NGC1505;Galaxie;60.6517;-9.3224;14.74;1.2;0.86;Eri;
NGC1506;NGC1506;Galaxie;60.0899;-52.5737;13.22;1.59;0.98;Dor;
NGC1507;NGC1507;Galaxie;61.1134;-2.1886;12.41;3.78;0.79;Eri;
NGC1508;NGC1508;Galaxie;61.4485;25.4085;15.22;0.6;0.44;Tau;
NGC1509;NGC1509;Galaxie;60.98;-11.179;14.6;0.79;0.63;Eri;
NGC1510;NGC1510;Galaxie;60.886;-43.4001;13.02;1.32;1.13;Hor;
NGC1511;NGC1511;Galaxie;59.9041;-67.6343;11.3;3.66;1.47;Hyi;
NGC1511A;NGC1511A;Galaxie;60.0775;-67.8069;14.28;1.85;0.41;Hyi;
NGC1511B;NGC1511B;Galaxie;60.2279;-67.6119;15.18;1.39;0.25;Hyi;
NGC1512;NGC1512;Galaxie;60.9762;-43.3489;10.37;8.43;4.02;Hor;
NGC1513;NGC1513;Amas ouvert;62.4779;49.5173;8.4;5.1;5.1;Per;
NGC1514;NGC1514;Nebuleuse;62.3206;30.7759;10.19;2.2;2.2;Tau;
NGC1515;NGC1515;Galaxie;61.0113;-54.1001;10.99;5.5;1.26;Dor;
NGC1515A;NGC1515A;Galaxie;60.9575;-54.1131;15.38;0.93;0.49;Dor;
NGC1516;NGC1516;Galaxie;62.0321;-8.8314;;1.66;1.66;Eri;
NGC1516A;NGC1516A;Galaxie;62.0308;-8.8292;14.08;0.9;0.55;Eri;
NGC1516B;NGC1516B;Galaxie;62.0346;-8.8357;15;1.26;1.26;Eri;
NGC1517;NGC1517;Galaxie;62.2997;8.6488;14.25;0.97;0.81;Tau;
NGC1518;NGC1518;Galaxie;61.7072;-21.1726;11.79;3.47;1.3;Eri;
NGC1519;NGC1519;Galaxie;62.0317;-17.1929;12.96;2.47;0.9;Eri;
NGC1520;NGC1520;Amas ouvert;59.379;-76.8339;;5.4;5.4;Men;
NGC1521;NGC1521;Galaxie;62.0789;-21.052;11.57;3.25;2.02;Eri;
NGC1522;NGC1522;Galaxie;61.533;-52.6684;13.6;1.22;0.87;Dor;
NGC1523;NGC1523;Autre;61.5459;-54.0883;;;;Dor;
NGC1526;NGC1526;Galaxie;61.3012;-65.8398;14.6;0.86;0.56;Ret;
NGC1527;NGC1527;Galaxie;62.1006;-47.897;10.8;4.58;1.79;Hor;
NGC1528;NGC1528;Amas ouvert;63.8286;51.2115;6.4;9.6;9.6;Per;
NGC1529;NGC1529;Galaxie;61.8328;-62.8993;14.4;0.71;0.33;Ret;
NGC1530;NGC1530;Galaxie;65.8629;75.2956;11.7;1.82;1.04;Cam;
NGC1530A;NGC1530A;Galaxie;71.1188;75.6398;12.43;1.48;1.35;Cam;
NGC1531;NGC1531;Galaxie;62.9972;-32.8508;12.13;1.5;0.9;Eri;
NGC1532;NGC1532;Galaxie;63.018;-32.8742;10.13;11.27;3.09;Eri;
NGC1533;NGC1533;Galaxie;62.466;-56.1184;10.65;3.27;2.04;Dor;
NGC1534;NGC1534;Galaxie;62.192;-62.7976;13.77;1.66;1.04;Ret;
NGC1535;NGC1535;Nebuleuse;63.5657;-12.7394;9.6;0.85;0.85;Eri;
NGC1536;NGC1536;Galaxie;62.7494;-56.4804;12.9;1.67;1.21;Ret;
NGC1537;NGC1537;Galaxie;63.4196;-31.6454;10.72;4.35;2.76;Eri;
NGC1538;NGC1538;Galaxie;63.7337;-13.1917;15.98;0.66;0.45;Eri;
NGC1539;NGC1539;Galaxie;64.7582;26.8275;15.45;0.97;0.74;Tau;
NGC1540;NGC1540;Galaxie;63.7944;-28.4885;15.05;0.77;0.49;Eri;
NGC1540A;NGC1540A;Galaxie;63.7917;-28.4821;14.61;0.56;0.38;Eri;
NGC1541;NGC1541;Galaxie;64.251;0.8352;13.53;1.38;0.49;Tau;
NGC1542;NGC1542;Galaxie;64.3091;4.7816;13.89;1.22;0.4;Tau;
NGC1543;NGC1543;Galaxie;63.1802;-57.738;10.17;3.66;0.86;Ret;
NGC1544;NGC1544;Galaxie;75.6506;86.2223;14.07;1.13;0.87;Cep;
NGC1545;NGC1545;Amas ouvert;65.2344;50.2553;6.2;4.2;4.2;Per;
NGC1546;NGC1546;Galaxie;63.6523;-56.0608;11.35;3.72;2.5;Dor;
NGC1547;NGC1547;Galaxie;64.3017;-17.8575;14.39;1.4;0.58;Eri;
NGC1548;NGC1548;Amas ouvert;65.3296;36.9163;;3.6;3.6;Per;
NGC1549;NGC1549;Galaxie;63.938;-55.5922;9.75;5.09;4.35;Dor;
NGC1550;NGC1550;Galaxie;64.908;2.4095;12.08;1.73;1.54;Tau;
NGC1552;NGC1552;Galaxie;65.0737;-0.6927;14.35;1.79;1.29;Eri;
NGC1553;NGC1553;Galaxie;64.0436;-55.7801;9.31;6.25;4.29;Dor;
NGC1554;NGC1554;Autre;65.4315;19.5206;;;;Tau;
NGC1555;NGC1555;Nebuleuse;65.4976;19.5352;9.98;1.82;1.35;Tau;Hind's Nebula
NGC1556;NGC1556;Galaxie;64.4368;-50.1644;13.06;1.53;0.58;Dor;
NGC1557;NGC1557;Amas ouvert;63.2965;-70.4249;;7.2;7.2;Hyi;
NGC1558;NGC1558;Galaxie;65.0674;-45.0315;13.29;3.05;0.95;Cae;
NGC1559;NGC1559;Galaxie;64.399;-62.7837;10.6;4.19;2.18;Ret;
NGC1560;NGC1560;Galaxie;68.2045;71.8831;11.5;8.3;1.68;Cam;
NGC1561;NGC1561;Galaxie;65.7545;-15.8457;14.81;1.37;0.78;Eri;
NGC1562;NGC1562;Galaxie;65.4484;-15.7554;15.18;0.92;0.69;Eri;
NGC1563;NGC1563;Galaxie;65.7248;-15.7326;15.65;0.49;0.44;Eri;
NGC1564;NGC1564;Galaxie;65.754;-15.7389;15.62;0.73;0.56;Eri;
NGC1565;NGC1565;Galaxie;65.8477;-15.7443;14.69;1.02;0.89;Eri;
NGC1566;NGC1566;Galaxie;65.0018;-54.9378;9.73;7.23;5;Dor;
NGC1567;NGC1567;Galaxie;65.2865;-48.2548;13.46;1.53;1.31;Cae;
NGC1568;NGC1568;Galaxie;66.1056;-0.7462;14.82;1.46;0.99;Eri;
NGC1569;NGC1569;Galaxie;67.7044;64.8479;11.11;3.91;2.16;Cam;
NGC1570;NGC1570;Galaxie;65.5372;-43.6296;14;2.15;1.36;Cae;
NGC1572;NGC1572;Galaxie;65.6784;-40.6009;12.47;1.37;0.93;Cae;
NGC1573;NGC1573;Galaxie;68.7666;73.2624;11.79;1.95;1.32;Cam;
NGC1574;NGC1574;Galaxie;65.4951;-56.9748;10.24;4.13;2.32;Ret;
NGC1575;NGC1575;Galaxie;66.5856;-10.0984;13.43;1.52;1.16;Eri;
NGC1576;NGC1576;Galaxie;66.5784;-3.6211;14.34;1.49;0.88;Eri;
NGC1578;NGC1578;Galaxie;65.9444;-51.5994;13.11;1.21;0.89;Dor;
NGC1579;NGC1579;Amas ouvert;67.5575;35.2694;;10.2;10.2;Per;
NGC1580;NGC1580;Galaxie;67.077;-5.1788;14.35;1.03;0.66;Eri;
NGC1581;NGC1581;Galaxie;66.1873;-54.942;12.8;2.08;0.81;Dor;
NGC1582;NGC1582;Amas ouvert;67.945;43.7848;7;7.8;7.8;Per;
NGC1583;NGC1583;Galaxie;67.0864;-17.5954;14.69;1.04;0.9;Eri;
NGC1584;NGC1584;Galaxie;67.0427;-17.5234;14.98;0.95;0.76;Eri;
NGC1585;NGC1585;Galaxie;66.8875;-42.1652;14.23;0.85;0.63;Cae;
NGC1586;NGC1586;Galaxie;67.6593;-0.3042;14.21;1.68;0.85;Eri;
NGC1587;NGC1587;Galaxie;67.6664;0.6616;11.7;2.08;1.48;Tau;
NGC1588;NGC1588;Galaxie;67.6824;0.6647;12.91;1.26;0.7;Tau;
NGC1589;NGC1589;Galaxie;67.6893;0.8637;11.81;3.06;0.98;Tau;
NGC1590;NGC1590;Galaxie;67.7926;7.6309;13.69;0.9;0.8;Tau;
NGC1591;NGC1591;Galaxie;67.3773;-26.7131;13.69;1.39;0.83;Eri;
NGC1592;NGC1592;Galaxie;67.4172;-27.4085;14.09;1.02;0.61;Eri;
NGC1593;NGC1593;Galaxie;68.0255;0.5674;14.74;1.36;0.57;Tau;
NGC1594;NGC1594;Galaxie;67.715;-5.7983;13.73;1.67;1.18;Eri;
NGC1595;NGC1595;Galaxie;67.0907;-47.8159;12.71;1.5;1.09;Cae;
NGC1596;NGC1596;Galaxie;66.9088;-55.0278;11.14;3.87;1.02;Dor;
NGC1597;NGC1597;Galaxie;67.8061;-11.2904;15;1.02;0.79;Eri;
NGC1598;NGC1598;Galaxie;67.1403;-47.7826;13.3;1.4;0.73;Cae;
NGC1599;NGC1599;Galaxie;67.9114;-4.5883;13.73;0.82;0.77;Eri;
NGC1600;NGC1600;Galaxie;67.9164;-5.0862;10.97;3.33;2.02;Eri;
NGC1601;NGC1601;Galaxie;67.9239;-5.0604;13.84;0.94;0.73;Eri;
NGC1602;NGC1602;Galaxie;66.979;-55.0577;13.06;1.87;0.99;Dor;
NGC1603;NGC1603;Galaxie;67.9581;-5.0944;13.8;0.88;0.57;Eri;
NGC1604;NGC1604;Galaxie;67.994;-5.3699;14.84;1.35;0.78;Eri;
NGC1605;NGC1605;Amas ouvert;68.7178;45.2714;10.7;3.3;3.3;Per;
NGC1606;NGC1606;Galaxie;68.0139;-5.0324;16.54;0.57;0.49;Eri;
NGC1607;NGC1607;Galaxie;68.0129;-4.4599;15;1.33;0.51;Eri;
NGC1609;NGC1609;Galaxie;68.1878;-4.3724;14.65;1.24;0.78;Eri;
NGC1610;NGC1610;Galaxie;68.5578;-4.6997;16.17;1.1;0.7;Eri;
NGC1611;NGC1611;Galaxie;68.2748;-4.2974;14.4;1.8;0.48;Eri;
NGC1612;NGC1612;Galaxie;68.3047;-4.1724;15.23;1.36;0.94;Eri;
NGC1613;NGC1613;Galaxie;68.3555;-4.2654;14.79;1.14;0.69;Eri;
NGC1614;NGC1614;Galaxie;68.4994;-8.5789;12.9;1.26;0.95;Eri;
NGC1615;NGC1615;Galaxie;69.0043;19.9503;12.01;1.36;0.71;Tau;
NGC1616;NGC1616;Galaxie;68.1739;-43.7159;12.64;1.91;1.03;Cae;
NGC1617;NGC1617;Galaxie;67.9147;-54.6023;10.37;5.24;2.5;Dor;
NGC1618;NGC1618;Galaxie;69.0275;-3.1488;12.72;2.14;0.71;Eri;
NGC1620;NGC1620;Galaxie;69.1556;-0.1436;12.08;3.48;0.91;Eri;
NGC1621;NGC1621;Galaxie;69.1044;-4.9873;14.83;1.34;0.91;Eri;
NGC1622;NGC1622;Galaxie;69.1527;-3.1888;12.53;2.86;0.52;Eri;
NGC1623;NGC1623;Galaxie;68.885;-13.5564;16.63;0.78;0.42;Eri;
NGC1624;NGC1624;Amas ouvert;70.1521;50.4617;11.8;3;3;Per;
NGC1625;NGC1625;Galaxie;69.2761;-3.3035;12.4;2.56;0.57;Eri;
NGC1627;NGC1627;Galaxie;69.4083;-4.8875;13.53;1.65;1.37;Eri;
NGC1628;NGC1628;Galaxie;69.4011;-4.7148;14.24;1.91;0.43;Eri;
NGC1629;NGC1629;Amas globulaire;67.4038;-71.8383;12.68;1.7;1.7;Hyi;
NGC1630;NGC1630;Galaxie;69.3145;-18.9015;15.19;0.78;0.59;Eri;
NGC1631;NGC1631;Galaxie;69.6007;-20.6499;14.29;1.33;0.89;Eri;
NGC1632;NGC1632;Galaxie;69.9941;-9.4562;15.28;0.73;0.36;Eri;
NGC1633;NGC1633;Galaxie;70.038;7.3494;14.54;1.09;0.9;Tau;
NGC1634;NGC1634;Galaxie;70.0408;7.3388;14.96;0.67;0.46;Tau;
NGC1635;NGC1635;Galaxie;70.0328;-0.5475;13.42;1.53;1.37;Eri;
NGC1636;NGC1636;Galaxie;70.1675;-8.6077;13.93;1.24;0.97;Eri;
NGC1637;NGC1637;Galaxie;70.3674;-2.858;10.85;3.18;2.74;Eri;
NGC1638;NGC1638;Galaxie;70.4021;-1.809;12.24;2.08;1.26;Eri;
NGC1639;NGC1639;Autre;70.2175;-16.9909;;;;Eri;
NGC1640;NGC1640;Galaxie;70.5605;-20.4348;11.69;2.72;2.6;Eri;
NGC1641;NGC1641;Amas ouvert;68.8955;-65.7629;;9.6;9.6;Ret;
NGC1642;NGC1642;Galaxie;70.7288;0.6186;12.62;1.66;1.43;Tau;
NGC1643;NGC1643;Galaxie;70.9331;-5.3194;14.08;1.24;0.81;Eri;
NGC1644;NGC1644;Amas globulaire;69.417;-66.1991;12.89;1.8;1.5;Dor;
NGC1645;NGC1645;Galaxie;71.0266;-5.4656;14;2.18;0.83;Eri;
NGC1646;NGC1646;Galaxie;71.0983;-8.5328;13.64;1.49;0.81;Eri;
NGC1647;NGC1647;Amas ouvert;71.4815;19.0951;6.4;27;27;Tau;
NGC1648;NGC1648;Galaxie;71.145;-8.4789;15.56;0.84;0.53;Eri;
NGC1649;NGC1649;Amas globulaire;69.5952;-68.6729;13.13;1.5;1.5;Dor;
NGC1650;NGC1650;Galaxie;71.298;-15.87;12.91;2.4;1.13;Eri;
NGC1651;NGC1651;Amas globulaire;69.3845;-70.5859;12.28;2.7;2.7;Men;
NGC1653;NGC1653;Galaxie;71.4473;-2.3928;11.97;1.79;1.68;Eri;
NGC1654;NGC1654;Galaxie;71.4519;-2.0839;14.36;0.85;0.79;Eri;
NGC1655;NGC1655;Autre;71.7996;20.9237;;;;Tau;
NGC1656;NGC1656;Galaxie;71.4725;-5.1367;14.5;1.74;0.96;Eri;
NGC1657;NGC1657;Galaxie;71.5303;-2.0773;14.94;1.15;0.85;Eri;
NGC1658;NGC1658;Galaxie;71.0057;-41.4634;14.35;1.02;0.6;Cae;
NGC1659;NGC1659;Galaxie;71.6248;-4.7888;12.54;1.5;0.94;Eri;
NGC1660;NGC1660;Galaxie;71.0475;-41.4976;14.87;1.14;0.62;Cae;
NGC1661;NGC1661;Galaxie;71.7818;-2.0546;14.24;1.15;0.82;Ori;
NGC1662;NGC1662;Amas ouvert;72.1206;10.9304;6.4;13.8;13.8;Ori;
NGC1663;NGC1663;Amas ouvert;72.3481;13.1511;14.54;7.2;7.2;Ori;
NGC1664;NGC1664;Amas ouvert;72.7726;43.6762;7.6;11.4;11.4;Aur;
NGC1665;NGC1665;Galaxie;72.0711;-5.4276;14.06;1.79;1.07;Eri;
NGC1666;NGC1666;Galaxie;72.1368;-6.57;12.7;1.35;1.26;Eri;
NGC1667;NGC1667;Galaxie;72.1547;-6.32;12.15;1.89;1.47;Eri;
NGC1668;NGC1668;Galaxie;71.5247;-44.7334;13.77;1.58;1.04;Cae;
NGC1669;NGC1669;Galaxie;70.7496;-65.8143;14.89;0.73;0.4;Dor;
NGC1670;NGC1670;Galaxie;72.4276;-2.7605;13.95;1.61;0.78;Ori;
NGC1671;NGC1671;Galaxie;72.3918;0.2529;12.88;1.34;0.98;Ori;
NGC1672;NGC1672;Galaxie;71.4271;-59.2472;10.16;6.14;5.46;Dor;
NGC1673;NGC1673;Amas ouvert;70.6652;-69.8212;14.07;1;0.95;Men;
NGC1674;NGC1674;Autre;73.104;23.9077;;;;Tau;
NGC1675;NGC1675;Autre;73.104;23.9077;;;;Tau;
NGC1676;NGC1676;Amas ouvert;70.9757;-68.8276;;1.1;1;Dor;
NGC1677;NGC1677;Galaxie;72.717;-4.8927;14.99;1.21;0.37;Eri;
NGC1678;NGC1678;Galaxie;72.8977;-2.6231;14.28;1.28;0.78;Ori;
NGC1679;NGC1679;Galaxie;72.4777;-31.9647;11.62;3.07;2.23;Cae;
NGC1680;NGC1680;Galaxie;72.1417;-47.8164;14.46;1.33;0.54;Pic;
NGC1681;NGC1681;Galaxie;72.9586;-5.8032;13.4;1.19;0.95;Eri;
NGC1682;NGC1682;Galaxie;73.0825;-3.1059;14.44;0.98;0.8;Ori;
NGC1683;NGC1683;Galaxie;73.0733;-3.0246;15.98;0.86;0.34;Ori;
NGC1684;NGC1684;Galaxie;73.1298;-3.1061;13;2.55;1.66;Ori;
NGC1685;NGC1685;Galaxie;73.1426;-2.9493;15.18;1.23;0.63;Ori;
NGC1686;NGC1686;Galaxie;73.2278;-15.3465;14.48;1.85;0.35;Eri;
NGC1687;NGC1687;Galaxie;72.839;-33.939;14.73;1.35;0.53;Cae;
NGC1688;NGC1688;Galaxie;72.0991;-59.8003;11.85;2.47;1.67;Dor;
NGC1690;NGC1690;Galaxie;73.5803;1.6404;14.94;1.07;0.9;Ori;
NGC1691;NGC1691;Galaxie;73.6598;3.268;13.12;1.54;1.47;Ori;
NGC1692;NGC1692;Galaxie;73.8489;-20.5712;13.02;1.38;1.21;Eri;
NGC1693;NGC1693;Amas globulaire;71.9115;-69.3436;12.89;1.1;1;Dor;
NGC1694;NGC1694;Galaxie;73.8201;-4.6527;15.01;1.18;0.73;Eri;
NGC1695;NGC1695;Amas globulaire;71.9353;-69.3737;12.16;1.4;1.3;Dor;
NGC1696;NGC1696;Amas ouvert;72.1249;-68.2429;13.95;1.1;1.1;Dor;
NGC1697;NGC1697;Amas globulaire;72.1492;-68.5584;12.62;2.3;2.3;Dor;
NGC1698;NGC1698;Amas globulaire;72.271;-69.1151;12.07;1.5;1.4;Dor;
NGC1699;NGC1699;Galaxie;74.2485;-4.7569;15;1.03;0.74;Eri;
NGC1700;NGC1700;Galaxie;74.2346;-4.8658;11.16;3.11;1.98;Eri;
NGC1701;NGC1701;Galaxie;73.963;-29.8834;13.64;1.24;0.94;Cae;
NGC1702;NGC1702;Amas ouvert;72.3653;-69.8508;12.5;1.2;1.2;Men;
NGC1703;NGC1703;Galaxie;73.2173;-59.7422;11.69;2.68;2.51;Dor;
NGC1704;NGC1704;Amas ouvert;72.4811;-69.7563;11.5;1.7;1.6;Dor;
NGC1705;NGC1705;Galaxie;73.5563;-53.3611;12.46;1.87;1.44;Pic;
NGC1706;NGC1706;Galaxie;73.1293;-62.9858;12.64;1.43;0.97;Dor;
NGC1707;NGC1707;Autre;74.5859;8.2384;;;;Ori;
NGC1708;NGC1708;Amas ouvert;75.8412;52.8321;;6;6;Cam;
NGC1709;NGC1709;Galaxie;74.6835;-0.4783;15.03;0.93;0.69;Ori;
NGC1710;NGC1710;Galaxie;74.3211;-15.289;14.5;1.61;1.26;Lep;
NGC1711;NGC1711;Amas globulaire;72.6505;-69.9854;11.1;3.5;3.3;Men;
NGC1712;NGC1712;Amas ouvert;72.7435;-69.4075;;4;3;Dor;
NGC1713;NGC1713;Galaxie;74.7275;-0.4889;12.71;1.33;1.1;Ori;
NGC1714;NGC1714;Amas ouvert;73.0369;-66.9234;11.61;1.1;1.1;Dor;
NGC1715;NGC1715;Nebuleuse;73.0437;-66.9087;;1.1;1;Dor;
NGC1716;NGC1716;Galaxie;74.5555;-20.3636;13.94;1.32;1.12;Lep;
NGC1717;NGC1717;Galaxie;74.6311;-0.5747;15.62;0.95;0.54;Ori;
NGC1718;NGC1718;Amas ouvert;73.1058;-67.0507;12.25;1.8;1.8;Dor;
NGC1719;NGC1719;Galaxie;74.8943;-0.2604;14.44;1.09;0.38;Ori;
NGC1720;NGC1720;Galaxie;74.836;-7.859;13;1.96;1.22;Eri;
NGC1721;NGC1721;Galaxie;74.8225;-11.1187;13.82;1.58;0.83;Eri;
NGC1722;NGC1722;Amas ouvert;73.0025;-69.375;;2.5;2.1;Dor;
NGC1723;NGC1723;Galaxie;74.8579;-10.9807;12.03;3.03;1.88;Eri;
NGC1724;NGC1724;Amas ouvert;75.8847;49.4918;;3;3;Aur;
NGC1725;NGC1725;Galaxie;74.8454;-11.1323;13.82;1.39;1.3;Eri;
NGC1726;NGC1726;Galaxie;74.9246;-7.7553;11.65;2.9;1.82;Eri;
NGC1727;NGC1727;Amas ouvert;73.0532;-69.3389;;2.8;2;Dor;
NGC1728;NGC1728;Galaxie;74.8655;-11.1229;13;1.24;0.8;Eri;
NGC1729;NGC1729;Galaxie;75.0654;-3.3525;13.2;1.81;1.46;Ori;
NGC1730;NGC1730;Galaxie;74.8826;-15.8236;13.22;2.28;0.96;Lep;
NGC1731;NGC1731;Amas ouvert;73.3837;-66.9253;;4.8;4.5;Dor;
NGC1732;NGC1732;Amas ouvert;73.2941;-68.65;12.3;1.1;1;Dor;
NGC1733;NGC1733;Amas ouvert;73.5198;-66.6826;13.31;1.5;1.4;Dor;
NGC1734;NGC1734;Amas ouvert;73.3895;-68.7688;13.1;1.2;1.1;Dor;
NGC1735;NGC1735;Amas ouvert;73.5819;-67.0996;10.76;1.8;1.5;Dor;
NGC1736;NGC1736;Nebuleuse;73.2565;-68.0531;15.5;1.9;1.4;Dor;
NGC1737;NGC1737;Nebuleuse;73.4988;-69.1746;;1.1;0.95;Dor;
NGC1738;NGC1738;Galaxie;75.4446;-18.1571;13.71;1.35;0.81;Lep;
NGC1739;NGC1739;Galaxie;75.4473;-18.1668;14.25;1.5;0.72;Lep;
NGC1740;NGC1740;Galaxie;75.4783;-3.2963;14.04;1.79;1.1;Ori;
NGC1741;NGC1741;Galaxie;75.4096;-4.257;15.52;1.21;0.62;Eri;
NGC1741B;NGC1741B;Galaxie;75.4008;-4.2619;15.22;0.93;0.46;Eri;
NGC1742;NGC1742;Autre;75.4972;-3.295;;;;Ori;
NGC1743;NGC1743;Nebuleuse;73.5111;-69.1986;11.26;0.95;0.85;Dor;
NGC1744;NGC1744;Galaxie;74.9908;-26.0222;11.5;5.28;1.99;Lep;
NGC1745;NGC1745;Nebuleuse;73.5859;-69.1589;13.4;1.2;1.1;Dor;
NGC1746;NGC1746;Amas ouvert;75.9591;23.7676;6.1;18;18;Tau;
NGC1747;NGC1747;Amas ouvert;73.7957;-67.1689;9.37;4.4;4.4;Dor;
NGC1748;NGC1748;Nebuleuse;73.6082;-69.1841;12.3;0.9;0.8;Dor;
NGC1749;NGC1749;Amas ouvert;73.7336;-68.1887;13.56;1.5;1.3;Dor;
NGC1750;NGC1750;Amas ouvert;76.0001;23.6458;;;;Tau;
NGC1751;NGC1751;Amas globulaire;73.5524;-69.8058;11.73;1.6;1.5;Men;
NGC1752;NGC1752;Galaxie;75.5395;-8.2409;12.4;2.95;0.83;Eri;
NGC1753;NGC1753;Galaxie;75.6347;-3.3443;14.77;1.32;0.42;Ori;
NGC1754;NGC1754;Amas globulaire;73.579;-70.4425;11.57;1.6;1.6;Men;
NGC1755;NGC1755;Amas globulaire;73.812;-68.2041;9.85;2.2;1.9;Dor;
NGC1756;NGC1756;Amas globulaire;73.7076;-69.2376;12.24;1.4;1.3;Dor;
NGC1757;NGC1757;Autre;75.664;-4.7229;;;;Eri;
NGC1758;NGC1758;Amas ouvert;76.176;23.7816;;;;Tau;
NGC1759;NGC1759;Galaxie;75.2043;-38.6739;14.12;1.95;1.48;Cae;
NGC1760;NGC1760;Nebuleuse;74.1849;-66.5273;;5.1;2.1;Dor;
NGC1761;NGC1761;Amas ouvert;74.1572;-66.4789;9.94;4.2;3;Dor;
NGC1762;NGC1762;Galaxie;75.9043;1.5733;12.6;1.75;1.12;Ori;
NGC1763;NGC1763;Amas ouvert;74.205;-66.4091;9.4;5.2;3.6;Dor;
NGC1764;NGC1764;Amas ouvert;74.1155;-67.6938;12.58;1.1;1.1;Dor;
NGC1765;NGC1765;Galaxie;74.6007;-62.0284;13.95;1.18;0.96;Dor;
NGC1766;NGC1766;Amas ouvert;73.99;-70.2251;12.22;1;0.9;Men;
NGC1767;NGC1767;Amas ouvert;74.1138;-69.4006;10.61;1.3;1.2;Dor;
NGC1768;NGC1768;Amas ouvert;74.2507;-68.2494;12.79;0.65;0.55;Dor;
NGC1769;NGC1769;Nebuleuse;74.4474;-66.4691;;4.1;2.6;Dor;
NGC1770;NGC1770;Amas ouvert;74.3155;-68.4181;;4.1;4.1;Dor;
NGC1771;NGC1771;Galaxie;74.7322;-63.2982;13.43;1.95;0.59;Dor;
NGC1772;NGC1772;Amas ouvert;74.22;-69.5561;10.97;1.5;1.4;Dor;
NGC1773;NGC1773;Nebuleuse;74.5501;-66.3601;;2.7;2.1;Dor;
NGC1774;NGC1774;Amas ouvert;74.5287;-67.2423;10.76;1.7;1.5;Dor;
NGC1775;NGC1775;Amas ouvert;74.2283;-70.432;12.55;1;0.9;Men;
NGC1776;NGC1776;Amas ouvert;74.6655;-66.4296;13.01;1.3;1.2;Dor;
NGC1777;NGC1777;Amas globulaire;73.9486;-74.2854;12.8;2.4;2.4;Men;
NGC1778;NGC1778;Amas ouvert;77.0238;37.0228;7.7;4.5;4.5;Aur;
NGC1779;NGC1779;Galaxie;76.3253;-9.1471;12.1;2.67;1.19;Eri;
NGC1780;NGC1780;Galaxie;76.5863;-19.4667;14.74;0.92;0.53;Lep;
NGC1781;NGC1781;Galaxie;76.9793;-18.1899;13.72;1.27;1.1;Lep;
NGC1782;NGC1782;Amas ouvert;74.4629;-69.3922;10.5;1.2;1.1;Dor;
NGC1783;NGC1783;Amas globulaire;74.7867;-65.9873;10.93;5.3;4.7;Dor;
NGC1784;NGC1784;Galaxie;76.3629;-11.8715;11.6;4;1.79;Lep;
NGC1785;NGC1785;Amas ouvert;74.6873;-68.8249;;2;1.2;Dor;
NGC1786;NGC1786;Amas globulaire;74.7826;-67.7452;10.1;2;2;Dor;
NGC1787;NGC1787;Amas ouvert;75.435;-65.8233;10.92;24;14;Dor;
NGC1788;NGC1788;Nebuleuse;76.7217;-3.341;5.8;2;2;Ori;
NGC1789;NGC1789;Amas globulaire;74.4653;-71.902;13.06;1.8;1.8;Men;
NGC1790;NGC1790;Amas ouvert;77.7343;52.0598;;;;Aur;
NGC1791;NGC1791;Amas ouvert;74.777;-70.1688;13.12;1.2;1;Men;
NGC1792;NGC1792;Galaxie;76.3102;-37.9808;10.16;5.52;2.76;Col;
NGC1793;NGC1793;Amas ouvert;74.9092;-69.5576;12.41;1.3;1.1;Dor;
NGC1795;NGC1795;Amas ouvert;74.9454;-69.8012;12.42;1.4;1.3;Dor;
NGC1796;NGC1796;Galaxie;75.6773;-61.1401;12.43;1.93;0.96;Dor;
NGC1796A;NGC1796A;Galaxie;76.2625;-61.4844;14.88;1.28;0.5;Dor;
NGC1796B;NGC1796B;Galaxie;76.9787;-61.1911;15.77;1.12;0.25;Dor;
NGC1797;NGC1797;Galaxie;76.937;-8.0191;14.42;1.19;0.77;Eri;
NGC1798;NGC1798;Amas ouvert;77.9138;47.6955;;5.4;5.4;Aur;
NGC1799;NGC1799;Galaxie;76.9359;-7.9693;15;1.25;0.57;Eri;
NGC1800;NGC1800;Galaxie;76.6072;-31.9542;12.58;1.55;1.16;Col;
NGC1801;NGC1801;Amas globulaire;75.1438;-69.6137;12.16;2.2;1.9;Dor;
NGC1802;NGC1802;Amas ouvert;77.5536;24.1251;;4.8;4.8;Tau;
NGC1803;NGC1803;Galaxie;76.3607;-49.5679;12.86;0.93;0.58;Pic;
NGC1804;NGC1804;Amas ouvert;75.2636;-69.0826;11.87;0.95;0.85;Dor;
NGC1805;NGC1805;Amas globulaire;75.5888;-66.1122;;1.8;1.6;Dor;
NGC1806;NGC1806;Amas globulaire;75.5515;-67.9857;11.1;2.5;2.5;Dor;
NGC1807;NGC1807;Amas ouvert;77.6876;16.5128;7;5.4;5.4;Tau;
NGC1808;NGC1808;Galaxie;76.9264;-37.5131;10.21;5.42;1.83;Col;
NGC1809;NGC1809;Galaxie;75.5209;-69.5683;12.34;3.74;1.44;Dor;
NGC1810;NGC1810;Amas ouvert;75.847;-66.3818;11.9;1.2;1.1;Dor;
NGC1811;NGC1811;Galaxie;77.1781;-29.276;14.48;1.73;0.42;Col;
NGC1812;NGC1812;Galaxie;77.2205;-29.2512;13.7;1.27;0.86;Col;
NGC1813;NGC1813;Amas ouvert;75.6678;-70.3179;12.76;0.95;0.9;Men;
NGC1814;NGC1814;Amas ouvert;75.9436;-67.3007;12.76;1.2;1.1;Dor;
NGC1815;NGC1815;Amas ouvert;75.6135;-70.6211;12.41;1.2;1;Men;
NGC1816;NGC1816;Amas ouvert;75.9615;-67.2608;13.02;0.9;0.75;Dor;
NGC1817;NGC1817;Amas ouvert;78.1095;16.6841;7.7;9.3;9.3;Tau;
NGC1818;NGC1818;Amas globulaire;76.0615;-66.4345;9.7;3.1;2.7;Dor;
NGC1819;NGC1819;Galaxie;77.9423;5.2006;13.66;1.53;1.05;Ori;
NGC1820;NGC1820;Amas ouvert;76.007;-67.2659;11.5;7;5.4;Dor;
NGC1821;NGC1821;Galaxie;77.9421;-15.1346;13.92;1.26;0.86;Lep;
NGC1822;NGC1822;Amas ouvert;76.2883;-66.2106;13.15;1.2;1;Dor;
NGC1823;NGC1823;Amas ouvert;75.854;-70.3355;12.09;1;0.9;Men;
NGC1824;NGC1824;Galaxie;76.7342;-59.724;12.57;2.14;0.83;Dor;
NGC1825;NGC1825;Amas ouvert;76.0793;-68.9264;12.04;1;0.9;Dor;
NGC1826;NGC1826;Amas ouvert;76.3887;-66.2297;13.25;1.2;1.1;Dor;
NGC1827;NGC1827;Galaxie;77.5192;-36.9603;13.24;3.24;0.65;Col;
NGC1828;NGC1828;Amas ouvert;76.087;-69.3882;12.52;1.2;1.1;Dor;
NGC1829;NGC1829;Amas ouvert;76.25;-68.0592;;1.8;1.6;Dor;
NGC1830;NGC1830;Amas ouvert;76.1595;-69.3402;12.56;1.3;1.2;Dor;
NGC1831;NGC1831;Amas globulaire;76.5697;-64.9175;11.18;3.8;3.2;Dor;
NGC1832;NGC1832;Galaxie;78.0139;-15.6878;11.54;2.46;0.94;Lep;
NGC1833;NGC1833;Amas ouvert;76.1021;-70.7281;;1.6;1.1;Men;
NGC1834;NGC1834;Amas ouvert;76.2974;-69.2075;11.82;0.95;0.85;Dor;
NGC1835;NGC1835;Amas globulaire;76.2774;-69.4039;10.6;2.3;2;Dor;
NGC1836;NGC1836;Amas ouvert;76.3934;-68.6279;12.22;1.5;1.4;Dor;
NGC1837;NGC1837;Amas ouvert;76.2325;-70.714;12.27;1.9;1.5;Men;
NGC1838;NGC1838;Amas ouvert;76.5328;-68.4452;12.93;1.3;1.2;Dor;
NGC1839;NGC1839;Amas ouvert;76.5098;-68.6268;11.8;1.6;1.6;Dor;
NGC1840;NGC1840;Amas ouvert;76.3298;-71.7629;;0.8;0.7;Men;
NGC1841;NGC1841;Amas globulaire;71.3473;-83.9991;11.43;4;4;Men;
NGC1842;NGC1842;Amas ouvert;76.8254;-67.2732;14.02;1.5;1.5;Dor;
NGC1843;NGC1843;Galaxie;78.5251;-10.627;13.28;1.8;1.42;Ori;
NGC1844;NGC1844;Amas ouvert;76.8778;-67.3234;12.08;1.6;1.6;Dor;
NGC1845;NGC1845;Amas ouvert;76.4375;-70.5816;10.2;8.9;5.6;Men;
NGC1846;NGC1846;Amas globulaire;76.8914;-67.4615;11.31;3.8;3.8;Dor;
NGC1847;NGC1847;Amas ouvert;76.784;-68.9714;12.47;1.8;1.6;Dor;
NGC1848;NGC1848;Amas ouvert;76.8632;-71.1954;9.73;2.2;2;Men;
NGC1849;NGC1849;Amas ouvert;77.395;-66.3158;12.77;1.5;1.5;Dor;
NGC1850;NGC1850;Amas globulaire;77.1864;-68.7617;8.96;3;3;Dor;
NGC1851;NGC1851;Amas globulaire;78.528;-40.0466;7.23;9;9;Col;
NGC1852;NGC1852;Amas globulaire;77.3491;-67.7763;12.01;1.9;1.9;Dor;
NGC1853;NGC1853;Galaxie;78.0688;-57.399;13.59;1.53;0.52;Dor;
NGC1854;NGC1854;Amas globulaire;77.3329;-68.8474;10.39;2.3;2.3;Dor;
NGC1855;NGC1855;Amas ouvert;77.3205;-68.8456;;;;Dor;
NGC1856;NGC1856;Amas globulaire;77.3724;-69.1276;10.06;2.7;2.4;Dor;
NGC1857;NGC1857;Amas ouvert;80.0232;39.3436;7;4.5;4.5;Aur;
NGC1858;NGC1858;Amas ouvert;77.4664;-68.8913;9.88;4.4;2.6;Dor;
NGC1859;NGC1859;Amas ouvert;77.8825;-65.2497;12.26;1.5;1.5;Dor;
NGC1860;NGC1860;Amas ouvert;77.6646;-68.7523;11.04;1.1;1.1;Dor;
NGC1861;NGC1861;Amas ouvert;77.5923;-70.7771;13.16;1.5;1.5;Men;
NGC1862;NGC1862;Amas ouvert;78.1439;-66.1544;13.33;0.9;0.75;Dor;
NGC1863;NGC1863;Amas ouvert;77.9149;-68.7268;;1.4;1.2;Dor;
NGC1864;NGC1864;Amas ouvert;78.1692;-67.6212;12.86;1.1;0.95;Dor;
NGC1865;NGC1865;Amas ouvert;78.1045;-68.771;12.91;1.4;1.4;Dor;
NGC1866;NGC1866;Amas globulaire;78.4129;-65.4656;9.73;5.5;5.5;Dor;
NGC1867;NGC1867;Amas ouvert;78.4261;-66.2919;13.35;1.5;1.4;Dor;
NGC1868;NGC1868;Amas globulaire;78.6513;-63.9545;11.57;2.7;2.7;Dor;
NGC1869;NGC1869;Amas ouvert;78.4847;-67.3794;;2;1.4;Dor;
NGC1870;NGC1870;Amas globulaire;78.2913;-69.1169;11.26;1.1;1;Dor;
NGC1871;NGC1871;Amas ouvert;78.4657;-67.4526;10.09;2.3;1.6;Dor;
NGC1872;NGC1872;Amas globulaire;78.2949;-69.3116;11.04;1.7;1.7;Dor;
NGC1873;NGC1873;Amas ouvert;78.482;-67.3344;10.44;2.8;2.2;Dor;
NGC1874;NGC1874;Amas ouvert;78.2986;-69.3762;12.81;1.4;1.1;Dor;
NGC1875;NGC1875;Galaxie;80.4407;6.6889;14.63;0.79;0.69;Ori;
NGC1876;NGC1876;Amas ouvert;78.3276;-69.3621;11.71;1.5;1.5;Dor;
NGC1877;NGC1877;Nebuleuse;78.4118;-69.3838;12;1.1;0.6;Dor;
NGC1878;NGC1878;Amas ouvert;78.2121;-70.4717;12.94;1.1;1;Men;
NGC1879;NGC1879;Galaxie;79.951;-32.1427;12.79;2.42;1.67;Col;
NGC1880;NGC1880;Nebuleuse;78.3549;-69.3794;12.81;1.2;1;Dor;
NGC1881;NGC1881;Amas ouvert;78.4049;-69.2992;;1.2;0.85;Dor;
NGC1882;NGC1882;Amas ouvert;78.8889;-66.1296;12.33;1.6;1.4;Dor;
NGC1883;NGC1883;Amas ouvert;81.4758;46.4901;12;5.7;5.7;Aur;
NGC1884;NGC1884;Autre;78.9918;-66.1634;;;;Dor;
NGC1885;NGC1885;Amas ouvert;78.7744;-68.9776;11.97;1.4;1.2;Dor;
NGC1886;NGC1886;Galaxie;80.4506;-23.8101;13.6;3.22;0.35;Lep;
NGC1887;NGC1887;Amas ouvert;79.0247;-66.3186;12.72;1.5;1.5;Dor;
NGC1888;NGC1888;Galaxie;80.6435;-11.4995;11.92;3.32;1.31;Lep;
NGC1889;NGC1889;Galaxie;80.6471;-11.4969;14.09;0.63;0.37;Lep;
NGC1890;NGC1890;Amas ouvert;78.441;-72.078;12.81;1.1;1;Men;
NGC1891;NGC1891;Amas ouvert;80.4342;-35.7893;;;;Col;
NGC1892;NGC1892;Galaxie;79.2877;-64.9597;12.29;3.37;1.02;Dor;
NGC1893;NGC1893;Amas ouvert;80.6839;33.412;7.5;6;6;Aur;
NGC1894;NGC1894;Amas ouvert;78.9636;-69.4685;12.16;1.4;1.2;Dor;
NGC1895;NGC1895;Nebuleuse;79.215;-67.3296;12.93;1.4;1.3;Dor;
NGC1896;NGC1896;Amas ouvert;81.3945;29.2602;;3.9;3.9;Aur;
NGC1897;NGC1897;Amas ouvert;79.3803;-67.451;13.49;1.1;1;Dor;
NGC1898;NGC1898;Amas ouvert;79.1766;-69.6562;11.86;1.6;1.6;Dor;
NGC1899;NGC1899;Nebuleuse;79.4528;-67.9007;;1.1;1;Dor;
NGC1900;NGC1900;Amas ouvert;79.7891;-63.0237;13.59;1.8;1.6;Dor;
NGC1901;NGC1901;Amas ouvert;79.5632;-68.4363;;11.1;11.1;Dor;
NGC1902;NGC1902;Amas ouvert;79.5797;-66.6274;11.77;1.7;1.7;Dor;
NGC1903;NGC1903;Amas globulaire;79.3429;-69.3353;11.86;1.9;1.9;Dor;
NGC1904;NGC1904;Amas globulaire;81.0441;-24.5242;8.16;7.2;7.2;Lep;
NGC1905;NGC1905;Amas ouvert;79.5988;-67.2782;13.21;0.95;0.95;Dor;
NGC1906;NGC1906;Galaxie;81.1963;-15.9433;14.11;1.03;0.74;Lep;
NGC1907;NGC1907;Amas ouvert;82.019;35.3257;8.2;5.4;5.4;Aur;
NGC1908;NGC1908;Autre;81.4742;-2.5289;;;;Ori;
NGC1909;NGC1909;Nebuleuse;76.231;-7.2656;;180;60;Eri;the Witch Head Nebula
NGC1910;NGC1910;Amas ouvert;79.6795;-69.2319;9.65;3.6;2.8;Dor;
NGC1911;NGC1911;Amas ouvert;79.862;-66.6843;;0.6;0.6;Dor;
NGC1912;NGC1912;Amas ouvert;82.177;35.8549;6.4;9.6;9.6;Aur;
NGC1913;NGC1913;Amas ouvert;79.5804;-69.5365;11.14;1.3;1.1;Dor;
NGC1914;NGC1914;Amas ouvert;79.4157;-71.2559;12.01;1.5;1.2;Men;
NGC1915;NGC1915;Amas ouvert;79.926;-66.8215;;0.6;0.55;Dor;
NGC1916;NGC1916;Amas globulaire;79.652;-69.4068;10.38;2.1;2.1;Dor;
NGC1917;NGC1917;Amas globulaire;79.7582;-68.999;12.33;1.7;1.7;Dor;
NGC1918;NGC1918;Nebuleuse;79.7791;-69.6624;;3.9;1.7;Dor;
NGC1919;NGC1919;Nebuleuse;80.0794;-66.8911;;1.4;1.2;Dor;
NGC1920;NGC1920;Nebuleuse;80.1396;-66.7787;12.54;1.2;1.1;Dor;
NGC1921;NGC1921;Amas ouvert;79.8448;-69.7878;12.95;1;0.9;Dor;
NGC1922;NGC1922;Amas ouvert;79.9538;-69.4483;11.51;1;0.9;Dor;
NGC1923;NGC1923;Amas ouvert;80.3919;-65.4867;11.24;0.95;0.85;Dor;
NGC1924;NGC1924;Galaxie;82.008;-5.3107;12.53;1.6;1.15;Ori;
NGC1925;NGC1925;Amas ouvert;80.4332;-65.7936;;6;6;Dor;
NGC1926;NGC1926;Amas globulaire;80.1476;-69.5253;11.79;1.4;1.2;Dor;
NGC1927;NGC1927;Autre;82.1791;-8.3773;;;;Ori;
NGC1928;NGC1928;Amas ouvert;80.2354;-69.4779;12.47;1.3;1.3;Dor;
NGC1929;NGC1929;Amas ouvert;80.4001;-67.9121;14;1.2;1.1;Dor;
NGC1930;NGC1930;Galaxie;81.4867;-46.7285;12.37;1.97;1.18;Pic;
NGC1931;NGC1931;Amas ouvert;82.8556;34.2466;10.1;4.8;4.8;Aur;
NGC1932;NGC1932;Autre;80.5718;-66.1543;13.8;;;Dor;
NGC1933;NGC1933;Amas ouvert;80.6138;-66.1522;13.8;1.3;1.3;Dor;
NGC1934;NGC1934;Amas ouvert;80.4495;-67.9372;10.5;1.9;1.3;Dor;
NGC1935;NGC1935;Nebuleuse;80.4946;-67.9574;;1.2;1.2;Dor;
NGC1936;NGC1936;Nebuleuse;80.5582;-67.9783;11.6;1;1;Dor;
NGC1937;NGC1937;Amas ouvert;80.6215;-67.8947;;3.2;2;Dor;
NGC1938;NGC1938;Amas globulaire;80.353;-69.9394;13.09;0.9;0.8;Men;
NGC1939;NGC1939;Amas globulaire;80.3609;-69.9498;11.83;1.4;1.3;Men;
NGC1940;NGC1940;Amas globulaire;80.6822;-67.1866;11.91;1.2;1.2;Dor;
NGC1941;NGC1941;Amas ouvert;80.7821;-66.3786;12;0.9;0.8;Dor;
NGC1942;NGC1942;Amas ouvert;81.1856;-63.9421;13.46;1.9;1.9;Dor;
NGC1943;NGC1943;Amas globulaire;80.6197;-70.1549;11.88;1.1;1;Men;
NGC1944;NGC1944;Amas globulaire;80.4893;-72.4941;11.84;2.7;2.7;Men;
NGC1945;NGC1945;Nebuleuse;81.229;-66.4575;;10;6;Dor;
NGC1946;NGC1946;Amas ouvert;81.3183;-66.3946;12.62;1;0.9;Dor;
NGC1947;NGC1947;Galaxie;81.6984;-63.76;10.47;3.48;3.18;Dor;
NGC1948;NGC1948;Amas ouvert;81.4427;-66.2668;10.61;7;5.7;Dor;
NGC1949;NGC1949;Nebuleuse;81.2701;-68.4725;12.39;0.95;0.9;Dor;
NGC1950;NGC1950;Amas ouvert;81.1375;-69.9023;13.17;1.7;1.7;Men;
NGC1951;NGC1951;Amas ouvert;81.5284;-66.5972;10.58;1.7;1.5;Dor;
NGC1952;NGC1952;Nebuleuse;83.6332;22.0145;8.4;8;4;Tau;Crab Nebula
NGC1953;NGC1953;Amas globulaire;81.3659;-68.8383;11.74;1.2;1.2;Dor;
NGC1954;NGC1954;Galaxie;83.2014;-14.0628;12.04;3.62;1.86;Lep;
NGC1955;NGC1955;Nebuleuse;81.5415;-67.4974;8.87;4;3.6;Dor;
NGC1956;NGC1956;Galaxie;79.8972;-77.7287;14.06;1.75;0.95;Men;
NGC1957;NGC1957;Galaxie;83.23;-14.1331;14.84;0.87;0.82;Lep;
NGC1958;NGC1958;Amas globulaire;81.3772;-69.8368;12.99;1.5;1.5;Dor;
NGC1959;NGC1959;Amas ouvert;81.4026;-69.9269;12.17;1.6;1.6;Men;
NGC1960;NGC1960;Amas ouvert;84.0739;34.1407;6;7.2;7.2;Aur;
NGC1961;NGC1961;Galaxie;85.5194;69.3784;11.54;4.42;3.1;Cam;
NGC1962;NGC1962;Amas ouvert;81.5739;-68.8376;11.47;1.4;1.4;Dor;
NGC1963;NGC1963;Amas ouvert;83.0701;-36.3986;;6.3;6.3;Col;
NGC1964;NGC1964;Galaxie;83.3407;-21.9458;10.91;5.16;2.33;Lep;
NGC1965;NGC1965;Amas ouvert;81.6303;-68.8055;11.7;1.2;1.1;Dor;
NGC1966;NGC1966;Amas ouvert;81.691;-68.8199;11.83;1.1;1;Dor;
NGC1967;NGC1967;Amas ouvert;81.6805;-69.1015;10.81;0.95;0.9;Dor;
NGC1968;NGC1968;Amas ouvert;81.8421;-67.4638;8.22;5;2.7;Dor;
NGC1969;NGC1969;Amas ouvert;81.6348;-69.8414;12.46;1.2;1.2;Dor;
NGC1970;NGC1970;Amas ouvert;81.7195;-68.8367;10.28;1.5;1.5;Dor;
NGC1971;NGC1971;Amas ouvert;81.6885;-69.8516;11.9;1.1;0.95;Dor;
NGC1972;NGC1972;Amas ouvert;81.6973;-69.8383;12.62;0.9;0.8;Dor;
NGC1973;NGC1973;Nebuleuse;83.7699;-4.7318;7;5;5;Ori;
NGC1974;NGC1974;Amas ouvert;81.9959;-67.4241;10.3;1.6;1.6;Dor;
NGC1975;NGC1975;Nebuleuse;83.8245;-4.6852;7;10;5;Ori;
NGC1976;NGC1976;Amas ouvert;83.8187;-5.3897;4;90;60;Ori;Great Orion Nebula
NGC1977;NGC1977;Amas ouvert;83.8158;-4.8443;;10.2;10.2;Ori;the Running Man Nebula
NGC1978;NGC1978;Amas globulaire;82.188;-66.2359;10.7;4;2.7;Dor;
NGC1979;NGC1979;Galaxie;83.5046;-23.3101;12.9;1.88;1.81;Lep;
NGC1980;NGC1980;Amas ouvert;83.8583;-5.9099;2.5;9.3;9.3;Ori;Lower Sword
NGC1981;NGC1981;Amas ouvert;83.79;-4.4251;4.2;9;9;Ori;Upper Sword
NGC1982;NGC1982;Nebuleuse;83.8807;-5.2675;9;20;15;Ori;Mairan's Nebula
NGC1983;NGC1983;Amas ouvert;81.9344;-68.9861;;4;3;Dor;
NGC1984;NGC1984;Amas ouvert;81.9205;-69.1343;9.99;1.5;1.2;Dor;
NGC1985;NGC1985;Nebuleuse;84.4492;31.9888;12.7;0.68;0.68;Aur;
NGC1986;NGC1986;Amas globulaire;81.9087;-69.9736;11.07;2.8;2.4;Men;
NGC1987;NGC1987;Amas globulaire;81.8215;-70.7374;12.1;1.7;1.7;Men;
NGC1988;NGC1988;Autre;84.3604;21.2182;;;;Tau;
NGC1989;NGC1989;Galaxie;83.5976;-30.8011;14.13;1.72;1.18;Col;
NGC1990;NGC1990;Autre;84.0534;-1.2019;1.69;;;Ori;Alnilam
NGC1992;NGC1992;Galaxie;83.6324;-30.897;14.69;1.22;0.69;Col;
NGC1993;NGC1993;Galaxie;83.8565;-17.8153;13.63;1.58;0.87;Lep;
NGC1994;NGC1994;Amas ouvert;82.0907;-69.1418;;1.6;1.5;Dor;
NGC1995;NGC1995;Autre;83.2639;-48.6751;;;;Pic;
NGC1996;NGC1996;Amas ouvert;84.5787;25.8232;;6;6;Tau;
NGC1997;NGC1997;Amas ouvert;82.6446;-63.1995;13.43;1.8;1.8;Dor;
NGC1998;NGC1998;Galaxie;83.3157;-48.6956;15.19;0.95;0.47;Pic;
NGC1999;NGC1999;Nebuleuse;84.1056;-6.7159;9.5;2;2;Ori;
NGC2000;NGC2000;Amas ouvert;81.8718;-71.8794;12.14;1.6;1.5;Men;
NGC2001;NGC2001;Amas ouvert;82.2586;-68.7693;;7.3;3.6;Dor;
NGC2002;NGC2002;Amas globulaire;82.5862;-66.885;10.84;1.9;1.7;Dor;
NGC2003;NGC2003;Amas globulaire;82.73;-66.4666;11.3;1.7;1.4;Dor;
NGC2004;NGC2004;Amas globulaire;82.6781;-67.2864;9.6;3;2.8;Dor;
NGC2005;NGC2005;Amas globulaire;82.5452;-69.7524;11.57;1.6;1.6;Dor;
NGC2006;NGC2006;Amas ouvert;82.8375;-66.9653;10.88;1.6;1.4;Dor;
NGC2007;NGC2007;Galaxie;83.7465;-50.9217;14.85;1.53;0.51;Pic;
NGC2008;NGC2008;Galaxie;83.7659;-50.9668;14;1.23;0.62;Pic;
NGC2009;NGC2009;Amas ouvert;82.7465;-69.1817;11.02;1.4;1.2;Dor;
NGC2010;NGC2010;Amas ouvert;82.6455;-70.8197;11.72;1.9;1.7;Men;
NGC2011;NGC2011;Amas ouvert;83.0842;-67.5231;10.58;1;1;Dor;
NGC2012;NGC2012;Galaxie;80.6473;-79.8518;12.97;1.29;0.76;Men;
NGC2013;NGC2013;Amas ouvert;86.007;55.7936;;;;Aur;
NGC2014;NGC2014;Nebuleuse;83.0828;-67.6898;8.97;5.1;3.5;Dor;
NGC2015;NGC2015;Amas ouvert;83.027;-69.243;10.43;4.7;4;Dor;
NGC2016;NGC2016;Amas ouvert;82.9117;-69.9459;;1.8;1.8;Men;
NGC2017;NGC2017;Amas ouvert;84.818;-17.8485;;5;5;Lep;
NGC2018;NGC2018;Nebuleuse;82.8537;-71.0691;10.89;2.8;1.7;Men;
NGC2019;NGC2019;Amas globulaire;82.9861;-70.1596;10.86;1.5;1.5;Men;
NGC2020;NGC2020;Nebuleuse;83.3025;-67.7159;;3.2;2.9;Dor;
NGC2021;NGC2021;Amas ouvert;83.3778;-67.4529;12.06;0.9;0.9;Dor;
NGC2022;NGC2022;Nebuleuse;85.5259;9.0865;11.6;0.32;0.32;Ori;
NGC2023;NGC2023;Nebuleuse;85.41;-2.259;;10;8;Ori;
NGC2024;NGC2024;Nebuleuse;85.4274;-1.8563;;30;30;Ori;
NGC2025;NGC2025;Amas ouvert;83.1402;-71.7155;10.94;1.9;1.9;Men;
NGC2026;NGC2026;Amas ouvert;85.7923;20.1389;;4.2;4.2;Tau;
NGC2027;NGC2027;Amas ouvert;83.7488;-66.9163;10.97;4.6;2.8;Dor;
NGC2028;NGC2028;Amas ouvert;83.4524;-69.9518;12.88;1.1;1;Men;
NGC2029;NGC2029;Amas ouvert;83.9194;-66.035;12.29;1.1;0.85;Dor;
NGC2030;NGC2030;Nebuleuse;83.7489;-67.5564;12.29;1.7;1.7;Dor;
NGC2031;NGC2031;Amas globulaire;83.4243;-70.9868;10.83;3.3;2.8;Men;
NGC2032;NGC2032;Nebuleuse;83.8359;-67.5684;;2.8;1.4;Dor;
NGC2033;NGC2033;Amas ouvert;83.6279;-69.7801;11.63;5.9;4.6;Dor;
NGC2034;NGC2034;Amas ouvert;83.8865;-66.9036;;4.5;3.2;Dor;
NGC2035;NGC2035;Nebuleuse;83.88;-67.5842;10.99;1.8;1.3;Dor;
NGC2036;NGC2036;Amas ouvert;83.6308;-70.0644;12.77;1.6;1.6;Men;
NGC2037;NGC2037;Amas ouvert;83.7526;-69.7316;10.31;2.9;1.3;Dor;
NGC2038;NGC2038;Amas ouvert;83.6761;-70.5629;11.92;1.6;1.5;Men;
NGC2039;NGC2039;Autre;86.0038;8.6911;;;;Ori;
NGC2040;NGC2040;Nebuleuse;84.0247;-67.5686;11.47;2.1;1.7;Dor;
NGC2041;NGC2041;Amas globulaire;84.1169;-66.9898;10.36;2.6;2.6;Dor;
NGC2042;NGC2042;Amas ouvert;84.0399;-68.9234;9.58;4.5;4.5;Dor;
NGC2043;NGC2043;Amas ouvert;83.9882;-70.0744;;0.65;0.55;Men;
NGC2044;NGC2044;Amas ouvert;84.0258;-69.1987;10.59;5.5;4.5;Dor;
NGC2045;NGC2045;Autre;86.2554;12.8884;6.46;;;Tau;
NGC2046;NGC2046;Amas ouvert;83.9064;-70.2407;12.64;1.1;1;Men;
NGC2047;NGC2047;Amas ouvert;83.9708;-70.1927;13.15;0.95;0.9;Men;
NGC2048;NGC2048;Nebuleuse;83.9816;-69.6485;12.17;1.4;1;Dor;
NGC2049;NGC2049;Galaxie;85.8138;-30.0784;13.68;2.14;0.97;Col;
NGC2050;NGC2050;Amas ouvert;84.1617;-69.3835;9.25;3;2.4;Dor;
NGC2051;NGC2051;Amas ouvert;84.0306;-71.0114;11.69;1.5;1.5;Men;
NGC2052;NGC2052;Nebuleuse;84.296;-69.7742;;18;12;Dor;
NGC2053;NGC2053;Amas ouvert;84.4154;-67.4129;12.18;1.5;1.3;Dor;
NGC2054;NGC2054;Autre;86.3141;-10.0831;;;;Ori;
NGC2055;NGC2055;Amas ouvert;84.1864;-69.4986;8.39;1.9;1.3;Dor;
NGC2056;NGC2056;Amas ouvert;84.1415;-70.6719;11.77;1.5;1.5;Men;
NGC2057;NGC2057;Amas ouvert;84.2297;-70.2689;12.17;1.3;1.2;Men;
NGC2058;NGC2058;Amas ouvert;84.2259;-70.1623;11.85;2.1;2.1;Men;
NGC2059;NGC2059;Amas ouvert;84.2523;-70.129;12.85;1.1;1;Men;
NGC2060;NGC2060;Nebuleuse;84.4454;-69.1717;9.59;2.2;2;Dor;
NGC2061;NGC2061;Amas ouvert;85.674;-34.0095;;;;Col;
NGC2062;NGC2062;Amas ouvert;85.0113;-66.8757;12.67;1.2;1.1;Dor;
NGC2063;NGC2063;Autre;86.6793;8.7811;;;;Ori;
NGC2064;NGC2064;Nebuleuse;86.5766;0.0059;;10;10;Ori;
NGC2065;NGC2065;Amas ouvert;84.4101;-70.2365;11.24;2.3;2.3;Men;
NGC2066;NGC2066;Amas ouvert;84.4297;-70.1666;13.1;1;0.9;Men;
NGC2067;NGC2067;Nebuleuse;86.6328;0.1313;;8;3;Ori;
NGC2068;NGC2068;Nebuleuse;86.6909;0.0793;8;4.5;4.5;Ori;
NGC2069;NGC2069;Nebuleuse;84.6935;-68.9744;10.1;5;2.2;Dor;
NGC2070;NGC2070;Nebuleuse;84.6765;-69.1009;7.25;16;16;Dor;30 Dor Cluster
NGC2071;NGC2071;Amas ouvert;86.7803;0.2943;8;7;5;Ori;
NGC2072;NGC2072;Amas ouvert;84.6016;-70.2341;13.21;1;0.9;Men;
NGC2073;NGC2073;Galaxie;86.4746;-21.9991;13.45;1.44;1.38;Lep;
NGC2074;NGC2074;Amas ouvert;84.7649;-69.4981;8.5;4;3.4;Dor;
NGC2075;NGC2075;Amas ouvert;84.589;-70.685;11.47;2.2;1.8;Men;
NGC2076;NGC2076;Galaxie;86.6977;-16.7826;12.93;2.52;1.5;Lep;
NGC2077;NGC2077;Nebuleuse;84.9001;-69.6571;11.71;1.3;1.3;Dor;
NGC2078;NGC2078;Nebuleuse;84.9144;-69.7432;10.89;1.2;1.1;Dor;
NGC2079;NGC2079;Nebuleuse;84.9067;-69.7572;11.81;1.1;0.95;Dor;
NGC2080;NGC2080;Nebuleuse;84.9409;-69.6441;10.42;1.7;1.5;Dor;
NGC2081;NGC2081;Amas ouvert;84.9975;-69.4059;;8.5;6;Dor;
NGC2082;NGC2082;Galaxie;85.463;-64.3011;12.19;2.06;1.86;Dor;
NGC2083;NGC2083;Nebuleuse;84.9968;-69.7376;10.83;2;1.8;Dor;
NGC2084;NGC2084;Nebuleuse;85.0292;-69.7594;;1.7;1.2;Dor;
NGC2085;NGC2085;Nebuleuse;85.041;-69.6728;12.06;0.95;0.95;Dor;
NGC2086;NGC2086;Nebuleuse;85.0537;-69.6679;12;0.85;0.8;Dor;
NGC2087;NGC2087;Galaxie;86.0668;-55.5324;14.7;0.81;0.59;Pic;
NGC2088;NGC2088;Amas ouvert;85.2492;-68.4654;12.47;1.5;1.4;Dor;
NGC2089;NGC2089;Galaxie;86.9643;-17.6024;12.94;2.2;1.08;Lep;
NGC2090;NGC2090;Galaxie;86.7579;-34.2506;10.92;4.47;1.67;Col;
NGC2091;NGC2091;Amas ouvert;85.2418;-69.4371;12.07;1.3;1.2;Dor;
NGC2092;NGC2092;Amas ouvert;85.3417;-69.2242;;1;0.9;Dor;
NGC2093;NGC2093;Amas ouvert;85.4573;-68.9214;11.57;1.5;1.3;Dor;
NGC2094;NGC2094;Amas ouvert;85.5369;-68.3638;12.8;0.85;0.75;Dor;
NGC2095;NGC2095;Amas ouvert;85.6507;-67.3189;13.09;1.5;1.4;Dor;
NGC2096;NGC2096;Amas ouvert;85.5742;-68.4586;11.31;1.1;0.9;Dor;
NGC2097;NGC2097;Amas globulaire;86.0667;-62.7856;13.67;1.9;1.9;Dor;
NGC2098;NGC2098;Amas ouvert;85.6293;-68.2732;10.73;2.2;2;Dor;
NGC2099;NGC2099;Amas ouvert;88.0765;32.553;5.6;11.4;11.4;Aur;
NGC2100;NGC2100;Amas globulaire;85.5378;-69.2118;9.6;2.5;2.5;Dor;
NGC2101;NGC2101;Galaxie;86.6007;-52.0885;13.27;1.24;0.65;Pic;
NGC2102;NGC2102;Amas ouvert;85.5854;-69.4871;11.44;0.85;0.85;Dor;
NGC2103;NGC2103;Nebuleuse;85.4181;-71.3331;10.82;4;3.5;Men;
NGC2104;NGC2104;Galaxie;86.7697;-51.5529;12.73;2.12;0.91;Pic;
NGC2105;NGC2105;Amas globulaire;86.0799;-66.9176;12.19;1.7;1.5;Dor;
NGC2106;NGC2106;Galaxie;87.6943;-21.5673;13.13;2.43;1.22;Lep;
NGC2107;NGC2107;Amas ouvert;85.8037;-70.6399;11.51;1.7;1.7;Men;
NGC2108;NGC2108;Amas globulaire;85.987;-69.1821;12.32;1.8;1.8;Dor;
NGC2109;NGC2109;Amas ouvert;86.0955;-68.5478;12.21;1.6;1.6;Dor;
NGC2110;NGC2110;Galaxie;88.0474;-7.4562;13.51;1.83;1.45;Ori;
NGC2111;NGC2111;Amas ouvert;86.1375;-70.9933;12.45;1.5;1.4;Men;
NGC2112;NGC2112;Amas ouvert;88.4384;0.4108;9.1;21;21;Ori;
NGC2113;NGC2113;Amas ouvert;86.3524;-69.7742;;1.1;1.1;Dor;
NGC2114;NGC2114;Amas ouvert;86.5505;-68.0483;12.48;1.4;1.2;Dor;
NGC2115;NGC2115;Galaxie;87.8362;-50.5875;;1.33;1.33;Pic;
NGC2115A;NGC2115A;Galaxie;87.8326;-50.5829;14.16;1.21;1.06;Pic;
NGC2115B;NGC2115B;Galaxie;87.8384;-50.5925;16.06;0.57;0.47;Pic;
NGC2116;NGC2116;Amas ouvert;86.8132;-68.5079;12.92;1.2;1.1;Dor;
NGC2117;NGC2117;Amas ouvert;86.9413;-67.4502;11.65;2;1.8;Dor;
NGC2118;NGC2118;Amas ouvert;86.9149;-69.1318;13.38;1.6;1.6;Dor;
NGC2119;NGC2119;Galaxie;89.3623;11.9492;15;1.26;0.99;Ori;
NGC2120;NGC2120;Amas globulaire;87.6442;-63.6776;12.67;2.2;2.2;Dor;
NGC2121;NGC2121;Amas globulaire;87.0535;-71.4798;12.37;2.7;2.2;Men;
NGC2122;NGC2122;Amas ouvert;87.2188;-70.0701;10.43;6;5;Men;
NGC2123;NGC2123;Amas globulaire;87.9305;-65.3215;12.56;1.5;1.5;Dor;
NGC2124;NGC2124;Galaxie;89.4676;-20.0846;13.45;2.84;0.81;Lep;
NGC2125;NGC2125;Amas ouvert;87.726;-69.4791;;1.1;1.1;Dor;
NGC2126;NGC2126;Amas ouvert;90.6374;49.8659;;5.4;5.4;Aur;
NGC2127;NGC2127;Amas ouvert;87.8387;-69.3591;11.64;1.5;1.5;Dor;
NGC2128;NGC2128;Galaxie;91.1426;57.6277;13.66;1.44;1.01;Cam;
NGC2129;NGC2129;Amas ouvert;90.2772;23.3222;6.7;3.9;3.9;Gem;
NGC2130;NGC2130;Amas globulaire;88.0988;-67.3341;12.1;1.4;1.3;Dor;
NGC2131;NGC2131;Galaxie;89.698;-26.653;14.6;1.16;0.49;Lep;
NGC2132;NGC2132;Amas ouvert;88.9347;-59.9277;;7.8;7.8;Pic;
NGC2133;NGC2133;Amas ouvert;87.8697;-71.175;12.04;1.6;1.6;Men;
NGC2134;NGC2134;Amas globulaire;87.9904;-71.0976;11.05;2.8;2.8;Men;
NGC2135;NGC2135;Amas globulaire;88.3976;-67.4295;12.05;1.5;1.5;Dor;
NGC2136;NGC2136;Amas globulaire;88.2406;-69.4928;10.7;2.8;2.5;Dor;
NGC2137;NGC2137;Amas ouvert;88.3048;-69.482;12.66;1.1;1;Dor;
NGC2138;NGC2138;Amas globulaire;88.7091;-65.8371;13.76;1.2;1.2;Dor;
NGC2139;NGC2139;Galaxie;90.2825;-23.6726;11.66;2.94;2.16;Lep;
NGC2140;NGC2140;Amas ouvert;88.5674;-68.5998;12.44;1.5;1.5;Dor;
NGC2141;NGC2141;Amas ouvert;90.7294;10.4465;9.4;5.4;5.4;Ori;
NGC2142;NGC2142;Autre;90.4601;-10.5979;4.94;;;Mon;
NGC2143;NGC2143;Amas ouvert;90.7565;5.8313;;6.9;6.9;Ori;
NGC2144;NGC2144;Galaxie;85.2383;-82.1194;13.94;1.46;1.15;Men;
NGC2145;NGC2145;Amas ouvert;88.5961;-70.901;12.07;1.5;1.5;Men;
NGC2146;NGC2146;Galaxie;94.6571;78.357;10.69;5.31;4.32;Cam;
NGC2146A;NGC2146A;Galaxie;95.98;78.5301;12.89;2.72;1.1;Cam;
NGC2147;NGC2147;Amas ouvert;88.94;-68.2016;12.94;0.95;0.95;Dor;
NGC2148;NGC2148;Galaxie;89.691;-59.1259;14.6;1.17;0.82;Pic;
NGC2149;NGC2149;Nebuleuse;90.8783;-9.7306;;3;2;Mon;
NGC2150;NGC2150;Galaxie;88.9431;-69.5608;13.03;1.15;0.61;Dor;
NGC2151;NGC2151;Amas ouvert;89.0852;-69.0174;;1.3;1.3;Dor;
NGC2152;NGC2152;Galaxie;90.2304;-50.7409;14.76;1.12;0.77;Pic;
NGC2153;NGC2153;Amas globulaire;89.4655;-66.4007;13.05;1.5;1.5;Dor;
NGC2154;NGC2154;Amas globulaire;89.4062;-67.2638;11.79;2.4;2.4;Dor;
NGC2155;NGC2155;Amas globulaire;89.6384;-65.4765;12.6;2.4;2.4;Dor;
NGC2156;NGC2156;Amas globulaire;89.457;-68.4608;11.38;2.1;2.1;Dor;
NGC2157;NGC2157;Amas globulaire;89.3949;-69.1972;10.16;2.8;2.8;Dor;
NGC2158;NGC2158;Amas ouvert;91.8567;24.0962;8.6;8.4;8.4;Gem;
NGC2159;NGC2159;Amas globulaire;89.5162;-68.6229;11.38;1.9;1.9;Dor;
NGC2160;NGC2160;Amas ouvert;89.5535;-68.2896;12.16;1.4;1.4;Dor;
NGC2161;NGC2161;Amas globulaire;88.9294;-74.3539;12.95;2.3;2.3;Men;
NGC2162;NGC2162;Amas globulaire;90.1257;-63.7214;12.7;3;3;Dor;
NGC2163;NGC2163;Nebuleuse;91.9564;18.6574;;3;2;Ori;
NGC2164;NGC2164;Amas globulaire;89.7344;-68.5159;10.34;2.8;2.8;Dor;
NGC2165;NGC2165;Amas ouvert;92.7675;51.6773;;;;Aur;
NGC2166;NGC2166;Amas ouvert;89.8923;-67.9423;12.86;1.4;1.4;Dor;
NGC2167;NGC2167;Autre;91.744;-6.2026;6.58;;;Mon;
NGC2168;NGC2168;Amas ouvert;92.2711;24.3386;5.1;24;24;Gem;
NGC2169;NGC2169;Amas ouvert;92.1015;13.9649;5.9;7.2;7.2;Ori;
NGC2170;NGC2170;Nebuleuse;91.8826;-6.3993;;2;2;Mon;
NGC2171;NGC2171;Autre;89.7485;-70.7191;;;;Men;
NGC2172;NGC2172;Amas ouvert;90.0243;-68.6369;11.75;1.7;1.7;Dor;
NGC2173;NGC2173;Amas globulaire;89.4953;-72.9745;11.88;2.6;2.6;Men;
NGC2174;NGC2174;Nebuleuse;92.3484;20.6596;;40;30;Ori;Monkey Head Nebula
NGC2175;NGC2175;Amas ouvert;92.4148;20.4876;6.8;5.4;5.4;Ori;
NGC2176;NGC2176;Amas ouvert;90.3307;-66.8532;;1.1;1;Dor;
NGC2177;NGC2177;Amas ouvert;90.3187;-67.7332;12.83;1.5;1.4;Dor;
NGC2178;NGC2178;Galaxie;90.6983;-63.7637;13.65;1.27;1;Pic;
NGC2179;NGC2179;Galaxie;92.0093;-21.7467;12.35;1.99;1.44;Lep;
NGC2180;NGC2180;Amas ouvert;92.401;4.7116;9;4.2;4.2;Ori;
NGC2181;NGC2181;Amas globulaire;90.6819;-65.2649;13.64;1.5;1.5;Dor;
NGC2182;NGC2182;Nebuleuse;92.379;-6.3264;9;3;2;Mon;
NGC2183;NGC2183;Nebuleuse;92.6955;-6.2118;15.15;12;12;Mon;
NGC2184;NGC2184;Amas ouvert;92.7486;-3.4952;;6.6;6.6;Ori;
NGC2185;NGC2185;Nebuleuse;92.752;-6.2269;12.9;2;2;Mon;
NGC2186;NGC2186;Amas ouvert;93.0297;5.4586;8.7;4.2;4.2;Ori;
NGC2187;NGC2187;Galaxie;90.9521;-69.5833;;3.33;3.33;Dor;
NGC2187A;NGC2187A;Galaxie;90.9344;-69.5883;13.12;3.52;1.66;Dor;
NGC2187B;NGC2187B;Galaxie;90.9684;-69.5774;13.29;2.67;2.18;Dor;
NGC2188;NGC2188;Galaxie;92.5397;-34.1062;11.67;5.42;1.33;Col;
NGC2189;NGC2189;Autre;93.0416;1.066;;;;Ori;
NGC2190;NGC2190;Amas globulaire;90.2575;-74.7254;12.94;2.2;2.2;Men;
NGC2191;NGC2191;Galaxie;92.0995;-52.5123;12.3;1.77;0.86;Car;
NGC2192;NGC2192;Amas ouvert;93.8226;39.8552;10.9;5.4;5.4;Aur;
NGC2193;NGC2193;Amas globulaire;91.573;-65.0988;13.42;1.7;1.7;Dor;
NGC2194;NGC2194;Amas ouvert;93.4413;12.8067;8.5;8.7;8.7;Ori;
NGC2195;NGC2195;Autre;93.6409;17.6394;;;;Ori;
NGC2196;NGC2196;Galaxie;93.0402;-21.8059;11.19;2.77;2.16;Lep;
NGC2197;NGC2197;Amas globulaire;91.5305;-67.0972;13.45;1.8;1.6;Dor;
NGC2198;NGC2198;Autre;93.4788;0.9947;;;;Ori;
NGC2199;NGC2199;Galaxie;91.1873;-73.3998;13.77;2.21;0.88;Men;
NGC2200;NGC2200;Galaxie;93.3233;-43.6632;14.86;1.21;0.94;Pup;
NGC2201;NGC2201;Galaxie;93.3817;-43.7047;14.33;1.03;0.72;Pup;
NGC2202;NGC2202;Amas ouvert;94.2115;5.9962;;4.8;4.8;Ori;
NGC2203;NGC2203;Amas globulaire;91.1773;-75.4384;11.29;3.2;3.2;Men;
NGC2204;NGC2204;Amas ouvert;93.8842;-18.6659;8.6;6.3;6.3;CMa;
NGC2205;NGC2205;Galaxie;92.6364;-62.5384;13.72;1.3;0.99;Pic;
NGC2206;NGC2206;Galaxie;93.9993;-26.7655;12.23;2.45;1.07;CMa;
NGC2207;NGC2207;Galaxie;94.0918;-21.3727;11.06;4.86;2.71;CMa;
NGC2208;NGC2208;Galaxie;95.6445;51.9095;12.61;1.73;1;Aur;
NGC2209;NGC2209;Amas globulaire;92.1496;-73.8384;13.15;2.9;2.9;Men;
NGC2210;NGC2210;Amas globulaire;92.8807;-69.1214;10.94;3.3;3.3;Dor;
NGC2211;NGC2211;Galaxie;94.6265;-18.5373;13.71;1.39;0.73;CMa;
NGC2212;NGC2212;Galaxie;94.649;-18.5195;14.59;1.28;0.69;CMa;
NGC2213;NGC2213;Amas ouvert;92.6748;-71.5284;12.38;2.1;2.1;Men;
NGC2214;NGC2214;Amas ouvert;93.2372;-68.2607;10.93;3.1;3.1;Dor;
NGC2215;NGC2215;Amas ouvert;95.2052;-7.2838;8.45;8.4;8.4;Mon;
NGC2216;NGC2216;Galaxie;95.3781;-22.0874;13.69;1.43;1.11;CMa;
NGC2217;NGC2217;Galaxie;95.4157;-27.2338;10.57;4.63;4.12;CMa;
NGC2218;NGC2218;Autre;96.1729;19.3413;;;;Gem;
NGC2219;NGC2219;Amas ouvert;95.9347;-4.6773;;4.2;4.2;Mon;
NGC2220;NGC2220;Autre;95.2948;-44.7598;;4.2;4.2;Pup;
NGC2221;NGC2221;Galaxie;95.0655;-57.5784;13.87;2.41;0.51;Pic;
NGC2222;NGC2222;Galaxie;95.0711;-57.5345;14.22;1.35;0.38;Pic;
NGC2223;NGC2223;Galaxie;96.1496;-22.8382;11.87;2.82;2.25;CMa;
NGC2224;NGC2224;Autre;96.8691;12.5934;;;;Gem;
NGC2225;NGC2225;Amas ouvert;96.6437;-9.6308;;3.6;3.6;Mon;
NGC2226;NGC2226;Amas ouvert;96.6566;-9.6428;;;;Mon;
NGC2227;NGC2227;Galaxie;96.4916;-22.0048;12.15;2.27;1.21;CMa;
NGC2228;NGC2228;Galaxie;95.3148;-64.4588;14.61;0.99;0.84;Dor;
NGC2229;NGC2229;Galaxie;95.3487;-64.9567;14.41;1.24;0.52;Dor;
NGC2230;NGC2230;Galaxie;95.3648;-64.9928;14.09;1.32;0.65;Dor;
NGC2231;NGC2231;Amas globulaire;95.179;-67.5185;13.2;2.1;2.1;Dor;
NGC2232;NGC2232;Amas ouvert;97.0047;-4.8474;3.9;9.9;9.9;Mon;
NGC2233;NGC2233;Galaxie;95.4169;-65.0334;14.87;0.98;0.37;Dor;
NGC2234;NGC2234;Amas ouvert;97.3403;16.7229;;4.2;4.2;Gem;
NGC2235;NGC2235;Galaxie;95.5913;-64.9344;14.01;1.41;1.15;Dor;
NGC2236;NGC2236;Amas ouvert;97.4154;6.8307;8.5;5.4;5.4;Mon;
NGC2237;NGC2237;Nebuleuse;97.7275;5.0492;;80;50;Mon;Rosette A
NGC2238;NGC2238;Nebuleuse;97.6682;5.0131;6;80;60;Mon;Rosette Nebula
NGC2239;NGC2239;Amas ouvert;97.9815;4.9429;4.8;9.3;9.3;Mon;
NGC2240;NGC2240;Amas ouvert;98.294;35.2502;;3.6;3.6;Aur;
NGC2241;NGC2241;Amas ouvert;95.714;-68.9254;13.25;1.6;1.6;Dor;
NGC2242;NGC2242;Nebuleuse;98.5302;44.777;15;0.45;0.45;Aur;
NGC2243;NGC2243;Amas ouvert;97.3937;-31.2813;9.4;5.1;5.1;CMa;
NGC2245;NGC2245;Nebuleuse;98.1719;10.1566;11;2;2;Mon;
NGC2246;NGC2246;Nebuleuse;98.1408;5.1283;;10;10;Mon;Rosette B
NGC2247;NGC2247;Nebuleuse;98.2717;10.3223;8.5;2;2;Mon;
NGC2248;NGC2248;Autre;98.649;26.3044;;;;Gem;
NGC2249;NGC2249;Amas globulaire;96.4565;-68.9198;12.23;2.3;2.3;Dor;
NGC2250;NGC2250;Amas ouvert;98.4578;-5.0844;8.9;5.1;5.1;Mon;
NGC2251;NGC2251;Amas ouvert;98.6603;8.3664;7.3;5.7;5.7;Mon;
NGC2252;NGC2252;Amas ouvert;98.679;5.3662;7.7;6.6;6.6;Mon;
NGC2253;NGC2253;Galaxie;100.9243;65.2063;12.92;1.43;1.05;Cam;
NGC2254;NGC2254;Amas ouvert;98.9569;7.6733;9.1;4.2;4.2;Mon;
NGC2255;NGC2255;Galaxie;98.4943;-34.8126;14.17;1.47;0.78;Col;
NGC2256;NGC2256;Galaxie;101.8082;74.2365;13.94;2.17;1.97;Cam;
NGC2257;NGC2257;Amas globulaire;97.5577;-64.3256;12.62;4;4;Dor;
NGC2258;NGC2258;Galaxie;101.9408;74.4817;11.87;3.02;1.91;Cam;
NGC2259;NGC2259;Amas ouvert;99.5893;10.8836;10.8;6;6;Mon;
NGC2260;NGC2260;Amas ouvert;99.5128;-1.4728;;;;Mon;
NGC2261;NGC2261;Nebuleuse;99.7896;8.7443;11.85;2;1;Mon;Hubble's Nebula
NGC2262;NGC2262;Amas ouvert;99.9087;1.1436;11.3;3.9;3.9;Mon;
NGC2263;NGC2263;Galaxie;99.6202;-24.8487;12.87;2.86;1.77;CMa;
NGC2264;NGC2264;Amas ouvert;100.2427;9.8955;3.9;11.4;11.4;Mon;Christmas Tree Cluster
NGC2265;NGC2265;Amas ouvert;100.4235;11.9046;;4.5;4.5;Gem;
NGC2266;NGC2266;Amas ouvert;100.83;26.9696;9.5;4.2;4.2;Gem;
NGC2267;NGC2267;Galaxie;100.2154;-32.4823;13.25;1.71;1.44;CMa;
NGC2268;NGC2268;Galaxie;108.5727;84.3823;11.56;2.14;0.93;Cam;
NGC2269;NGC2269;Amas ouvert;100.8212;4.6243;10;4.8;4.8;Mon;
NGC2270;NGC2270;Amas ouvert;100.9907;3.4785;;5.4;5.4;Mon;
NGC2271;NGC2271;Galaxie;100.7208;-23.476;13.18;1.77;1.29;CMa;
NGC2272;NGC2272;Galaxie;100.6721;-27.4595;11.94;2.19;1.54;CMa;
NGC2273;NGC2273;Galaxie;102.5361;60.8458;12.42;2.29;1.39;Lyn;
NGC2273A;NGC2273A;Galaxie;100.0295;60.0807;13.19;2;1.19;Lyn;
NGC2273B;NGC2273B;Galaxie;101.6316;60.3404;12.82;1.48;0.61;Lyn;
NGC2274;NGC2274;Galaxie;101.8224;33.5672;13.52;1.78;1.77;Gem;
NGC2275;NGC2275;Galaxie;101.8247;33.5992;13.62;2.51;0.78;Gem;
NGC2276;NGC2276;Galaxie;111.8098;85.7546;11.5;2.23;1.73;Cep;
NGC2277;NGC2277;Autre;101.946;33.4513;;;;Gem;
NGC2278;NGC2278;Autre;102.0684;33.3943;;;;Gem;
NGC2279;NGC2279;Autre;102.1035;33.4153;;;;Gem;
NGC2280;NGC2280;Galaxie;101.2046;-27.6386;11.12;6.53;2.84;CMa;
NGC2281;NGC2281;Amas ouvert;102.0743;41.0789;5.4;10.8;10.8;Aur;
NGC2282;NGC2282;Nebuleuse;101.7149;1.316;10;3;3;Mon;
NGC2283;NGC2283;Galaxie;101.4695;-18.2103;12.95;2.76;2.01;CMa;
NGC2284;NGC2284;Autre;102.2898;33.1938;;;;Gem;
NGC2285;NGC2285;Autre;102.4001;33.3647;;;;Gem;
NGC2286;NGC2286;Amas ouvert;101.9174;-3.1477;7.5;5.4;5.4;Mon;
NGC2287;NGC2287;Amas ouvert;101.4998;-20.7542;4.5;12;12;CMa;
NGC2288;NGC2288;Galaxie;102.7165;33.4624;14.36;0.17;0.17;Gem;
NGC2289;NGC2289;Galaxie;102.7234;33.4787;13.18;1.21;0.81;Gem;
NGC2290;NGC2290;Galaxie;102.7372;33.4376;13.03;0.81;0.52;Gem;
NGC2291;NGC2291;Galaxie;102.7443;33.5251;13.21;0.93;0.89;Gem;
NGC2292;NGC2292;Galaxie;101.9152;-26.7462;11.83;4.34;3.78;CMa;
NGC2293;NGC2293;Galaxie;101.9288;-26.7544;11.04;4.41;3.44;CMa;
NGC2294;NGC2294;Galaxie;102.7971;33.5271;13.84;0.91;0.33;Gem;
NGC2295;NGC2295;Galaxie;101.8476;-26.7363;13.59;2.31;0.64;CMa;
NGC2296;NGC2296;Galaxie;102.163;-16.9016;13;1.2;0.96;CMa;
NGC2297;NGC2297;Galaxie;101.1025;-63.7173;12.71;1.48;0.9;Pic;
NGC2298;NGC2298;Amas globulaire;102.2467;-36.0053;8.89;4.8;4.8;Pup;
NGC2299;NGC2299;Amas ouvert;102.9737;-7.0827;8.9;4.8;4.8;Mon;
NGC2300;NGC2300;Galaxie;113.0832;85.7095;11.16;3.05;2.34;Cep;
NGC2301;NGC2301;Amas ouvert;102.9387;0.4592;6;10.8;10.8;Mon;Great Bird Cluster
NGC2303;NGC2303;Galaxie;104.0729;45.4928;13.96;1.53;1.36;Aur;
NGC2304;NGC2304;Amas ouvert;103.7984;17.9928;10;4.8;4.8;Gem;
NGC2305;NGC2305;Galaxie;102.1557;-64.2732;11.7;1.94;1.04;Vol;
NGC2306;NGC2306;Amas ouvert;103.6232;-7.2041;;6.6;6.6;Mon;
NGC2307;NGC2307;Galaxie;102.2116;-64.3355;12.08;1.85;1.72;Vol;
NGC2308;NGC2308;Galaxie;104.6566;45.2106;14.47;1.47;0.98;Lyn;
NGC2309;NGC2309;Amas ouvert;104.015;-7.1743;10.5;5.4;5.4;Mon;
NGC2310;NGC2310;Galaxie;103.4748;-40.8626;11.81;4.52;0.95;Pup;
NGC2311;NGC2311;Amas ouvert;104.4481;-4.6113;9.6;6;6;Mon;
NGC2312;NGC2312;Amas ouvert;104.6947;10.2945;;3;3;Mon;
NGC2313;NGC2313;Autre;104.5117;-7.945;14.2;;;Mon;
NGC2314;NGC2314;Galaxie;107.6356;75.3267;12.13;1.32;1.03;Cam;
NGC2315;NGC2315;Galaxie;105.6377;50.5906;14.41;1.57;0.3;Lyn;
NGC2316;NGC2316;Nebuleuse;104.9202;-7.7778;;4;3;Mon;
NGC2317;NGC2317;Nebuleuse;104.9233;-7.7745;;;;Mon;
NGC2318;NGC2318;Amas ouvert;104.8626;-13.6984;;4.5;4.5;CMa;
NGC2319;NGC2319;Amas ouvert;105.1342;3.0422;11.85;6;6;Mon;
NGC2320;NGC2320;Galaxie;106.4251;50.5811;11.94;1.48;0.83;Lyn;
NGC2321;NGC2321;Galaxie;106.4958;50.756;14.96;1.28;1.04;Lyn;
NGC2322;NGC2322;Galaxie;106.5012;50.5103;14.54;1.11;0.41;Lyn;
NGC2323;NGC2323;Amas ouvert;105.6686;-8.364;5.9;14.1;14.1;Mon;
NGC2324;NGC2324;Amas ouvert;106.0332;1.0446;8.4;8.7;8.7;Mon;
NGC2325;NGC2325;Galaxie;105.6683;-28.6972;11.18;3.97;2.31;CMa;
NGC2326;NGC2326;Galaxie;107.0459;50.6819;14.19;2.05;1.69;Lyn;
NGC2326A;NGC2326A;Galaxie;107.1425;50.6314;15.46;0.81;0.64;Lyn;
NGC2327;NGC2327;Nebuleuse;106.0301;-11.3141;;1;1;CMa;
NGC2328;NGC2328;Galaxie;105.6508;-42.0686;12.55;1.59;1.44;Pup;
NGC2329;NGC2329;Galaxie;107.2834;48.6154;12.51;1.41;1.17;Lyn;
NGC2330;NGC2330;Galaxie;107.3683;50.1525;13.05;0.65;0.52;Lyn;
NGC2331;NGC2331;Amas ouvert;106.7493;27.2616;8.5;4.8;4.8;Gem;
NGC2332;NGC2332;Galaxie;107.3923;50.1823;13.93;1.72;1.17;Lyn;
NGC2333;NGC2333;Galaxie;107.0889;35.17;14.05;1;0.7;Gem;
NGC2334;NGC2334;Galaxie;107.8902;50.2482;14.56;1.2;0.87;Lyn;
NGC2335;NGC2335;Amas ouvert;106.706;-10.0286;7.2;8.7;8.7;Mon;
NGC2336;NGC2336;Galaxie;111.7669;80.1781;10.68;5.01;2.81;Cam;
NGC2337;NGC2337;Galaxie;107.5566;44.4573;12.53;2.18;1.61;Lyn;
NGC2338;NGC2338;Amas ouvert;106.9474;-5.7197;;3.3;3.3;Mon;
NGC2339;NGC2339;Galaxie;107.0856;18.7802;11.76;2.42;1.53;Gem;
NGC2340;NGC2340;Galaxie;107.7951;50.1747;11.73;3.16;1.64;Lyn;
NGC2341;NGC2341;Galaxie;107.3002;20.6029;13.21;0.82;0.79;Gem;
NGC2342;NGC2342;Galaxie;107.3253;20.636;12.64;1.17;0.84;Gem;
NGC2343;NGC2343;Amas ouvert;107.0283;-10.6168;6.7;7.5;7.5;Mon;
NGC2344;NGC2344;Galaxie;108.1194;47.1667;12.08;2.07;1.87;Lyn;
NGC2345;NGC2345;Amas ouvert;107.0783;-13.1937;7.7;6.9;6.9;CMa;
NGC2346;NGC2346;Nebuleuse;107.3459;-0.8091;11.6;0.87;0.87;Mon;
NGC2347;NGC2347;Galaxie;109.0154;64.7089;12.55;1.64;1.19;Cam;
NGC2348;NGC2348;Amas ouvert;105.7605;-67.3939;;5.7;5.7;Vol;
NGC2349;NGC2349;Amas ouvert;107.7006;-8.5933;;5.1;5.1;Mon;
NGC2350;NGC2350;Galaxie;108.3008;12.2661;14.02;1.38;0.7;CMi;
NGC2351;NGC2351;Amas ouvert;108.3835;-10.4914;;3;3;Mon;
NGC2352;NGC2352;Amas ouvert;108.2727;-24.0461;;4.8;4.8;CMa;
NGC2353;NGC2353;Amas ouvert;108.6263;-10.2659;7.1;6.6;6.6;Mon;
NGC2354;NGC2354;Amas ouvert;108.522;-25.6889;6.5;4.8;4.8;CMa;
NGC2355;NGC2355;Amas ouvert;109.2469;13.7499;9.7;6;6;Gem;
NGC2357;NGC2357;Galaxie;109.4208;23.3568;14.46;3.22;0.48;Gem;
NGC2358;NGC2358;Amas ouvert;109.2347;-17.1171;;9.6;9.6;CMa;
NGC2359;NGC2359;Nebuleuse;109.6291;-13.2272;;10;5;CMa;
NGC2360;NGC2360;Amas ouvert;109.4297;-15.6413;7.2;9;9;CMa;Caroline's Cluster
NGC2361;NGC2361;Nebuleuse;109.5992;-13.2096;;;;CMa;
NGC2362;NGC2362;Amas ouvert;109.6728;-24.9542;4.1;7.2;7.2;CMa;
NGC2363;NGC2363;Galaxie;112.1233;69.1929;15.5;1.13;0.64;Cam;
NGC2364;NGC2364;Amas ouvert;110.1936;-7.5497;;;;Mon;
NGC2365;NGC2365;Galaxie;110.594;22.0833;12.19;2.75;1.47;Gem;
NGC2366;NGC2366;Galaxie;112.2278;69.2158;11.17;4.37;1.44;Cam;
NGC2367;NGC2367;Amas ouvert;110.0189;-21.8841;7.9;5.4;5.4;CMa;
NGC2368;NGC2368;Amas ouvert;110.2763;-10.3718;11.8;4.5;4.5;Mon;
NGC2369;NGC2369;Galaxie;109.1572;-62.3437;12.26;3.03;0.68;Car;
NGC2369A;NGC2369A;Galaxie;109.6814;-62.9363;13.69;2.01;1.21;Car;
NGC2369B;NGC2369B;Galaxie;110.1235;-62.054;14.35;1.48;1.24;Car;
NGC2370;NGC2370;Galaxie;111.2569;23.7832;14.23;1.2;0.7;Gem;
NGC2371;NGC2371;Nebuleuse;111.3944;29.4906;11.2;2.2;0.96;Gem;
NGC2373;NGC2373;Galaxie;111.654;33.8237;14.56;0.59;0.42;Gem;
NGC2374;NGC2374;Amas ouvert;110.9836;-13.2634;8;9;9;CMa;
NGC2375;NGC2375;Galaxie;111.7895;33.8318;14.86;1;0.8;Gem;
NGC2376;NGC2376;Galaxie;111.6496;23.0729;14.67;0.65;0.57;Gem;
NGC2377;NGC2377;Galaxie;111.2368;-9.6593;14.56;1.6;1.11;Mon;
NGC2378;NGC2378;Autre;111.8508;33.8316;;;;Gem;
NGC2379;NGC2379;Galaxie;111.8594;33.8112;13.62;0.98;0.7;Gem;
NGC2380;NGC2380;Galaxie;110.9781;-27.5291;11.12;2.52;2.4;CMa;
NGC2381;NGC2381;Galaxie;109.9888;-63.067;12.65;1.53;1.24;Car;
NGC2383;NGC2383;Amas ouvert;111.1663;-20.9476;8.4;4.2;4.2;CMa;
NGC2384;NGC2384;Amas ouvert;111.291;-21.0199;7.4;4.8;4.8;CMa;
NGC2385;NGC2385;Galaxie;112.117;33.8378;15.12;0.94;0.68;Gem;
NGC2386;NGC2386;Autre;112.158;33.7738;;;;Gem;
NGC2387;NGC2387;Galaxie;112.2414;36.8798;16.5;0.48;0.44;Aur;
NGC2388;NGC2388;Galaxie;112.2227;33.8191;14.66;0.87;0.56;Gem;
NGC2389;NGC2389;Galaxie;112.2694;33.861;12.92;1.56;0.89;Gem;
NGC2390;NGC2390;Autre;112.2678;33.8368;;;;Gem;
NGC2391;NGC2391;Autre;112.2812;33.8259;;;;Gem;
NGC2392;NGC2392;Nebuleuse;112.2948;20.9118;9.61;0.86;0.86;Gem;Eskimo Nebula
NGC2393;NGC2393;Galaxie;112.5193;34.0278;14.84;1.07;0.67;Gem;
NGC2394;NGC2394;Amas ouvert;112.1521;7.0866;;;;CMi;
NGC2395;NGC2395;Amas ouvert;111.8035;13.6082;8;4.62;4.62;Gem;
NGC2396;NGC2396;Amas ouvert;112.0122;-11.7197;7.4;6.6;6.6;Pup;
NGC2397;NGC2397;Galaxie;110.3333;-69.0015;11.97;2.51;0.76;Vol;
NGC2397A;NGC2397A;Galaxie;110.283;-69.1153;14.85;1.1;0.84;Vol;
NGC2397B;NGC2397B;Galaxie;110.4815;-68.8458;14.99;1.2;0.57;Vol;
NGC2398;NGC2398;Galaxie;112.5673;24.4879;15.19;1.2;0.74;Gem;
NGC2399;NGC2399;Autre;112.459;-0.2144;;;;CMi;
NGC2400;NGC2400;Autre;112.4786;-0.2147;;;;CMi;
NGC2401;NGC2401;Amas ouvert;112.3517;-13.9662;12.6;2.7;2.7;Pup;
NGC2402;NGC2402;Galaxie;112.6967;9.6506;;1.5;1.5;CMi;
NGC2402 NED01;NGC2402 NED01;Galaxie;112.6941;9.6469;15.29;1.23;0.72;CMi;
NGC2402 NED02;NGC2402 NED02;Galaxie;112.6992;9.6536;15.4;0.91;0.68;CMi;
NGC2403;NGC2403;Galaxie;114.2142;65.6026;8.43;19.95;10.07;Cam;
NGC2404;NGC2404;Nebuleuse;114.278;65.6108;;;;Cam;
NGC2405;NGC2405;Galaxie;113.0583;25.9064;14.82;0.94;0.55;Gem;
NGC2406;NGC2406;Galaxie;112.9489;18.2879;15.36;0.69;0.61;Gem;
NGC2407;NGC2407;Galaxie;112.9861;18.3331;15.09;1.37;0.95;Gem;
NGC2408;NGC2408;Amas ouvert;115.133;71.6682;;;;Cam;
NGC2409;NGC2409;Amas ouvert;112.903;-17.1904;7.3;0.11;0.11;Pup;
NGC2410;NGC2410;Galaxie;113.7594;32.8221;16.26;2.17;0.65;Gem;
NGC2411;NGC2411;Galaxie;113.6514;18.2816;14.4;1;0.65;Gem;
NGC2412;NGC2412;Autre;113.5895;8.5478;;;;CMi;
NGC2413;NGC2413;Amas ouvert;113.3187;-13.0956;;4.8;4.8;Pup;
NGC2414;NGC2414;Amas ouvert;113.3033;-15.4539;7.9;5.4;5.4;Pup;
NGC2415;NGC2415;Galaxie;114.2362;35.242;12.39;0.83;0.83;Lyn;
NGC2416;NGC2416;Galaxie;113.923;11.612;14.26;0.87;0.18;CMi;
NGC2417;NGC2417;Galaxie;112.5504;-62.2526;12.28;2.48;1.78;Car;
NGC2418;NGC2418;Galaxie;114.1563;17.8839;13.65;1.59;1.53;Gem;
NGC2419;NGC2419;Amas globulaire;114.5331;38.88;10.05;4.5;4.5;Lyn;
NGC2420;NGC2420;Amas ouvert;114.5996;21.5741;8.3;7.5;7.5;Gem;
NGC2421;NGC2421;Amas ouvert;114.0492;-20.6123;8.3;5.1;5.1;Pup;
NGC2422;NGC2422;Amas ouvert;114.1459;-14.4826;4.4;19.8;19.8;Pup;
NGC2423;NGC2423;Amas ouvert;114.278;-13.8715;6.7;11.7;11.7;Pup;
NGC2424;NGC2424;Galaxie;115.1637;39.2333;12.63;3.37;0.52;Lyn;
NGC2425;NGC2425;Amas ouvert;114.5735;-14.8778;;5.4;5.4;Pup;
NGC2426;NGC2426;Galaxie;115.8269;52.3185;14.37;1.1;1.1;Lyn;
NGC2427;NGC2427;Galaxie;114.1174;-47.6356;11.48;5.74;2.46;Pup;
NGC2428;NGC2428;Amas ouvert;114.8407;-16.529;;4.5;4.5;Pup;
NGC2429;NGC2429;Galaxie;115.9571;52.3531;;2.3;2.3;Lyn;
NGC2429A;NGC2429A;Galaxie;115.9483;52.3574;14.61;1.68;0.31;Lyn;
NGC2429B;NGC2429B;Galaxie;115.966;52.3485;15;0.41;0.22;Lyn;
NGC2430;NGC2430;Amas ouvert;114.921;-16.2961;;4.2;4.2;Pup;
NGC2431;NGC2431;Galaxie;116.3058;53.0751;14.49;0.86;0.78;Lyn;
NGC2432;NGC2432;Amas ouvert;115.2245;-19.0691;10.2;5.4;5.4;Pup;
NGC2433;NGC2433;Autre;115.6818;9.2592;;;;CMi;
NGC2434;NGC2434;Galaxie;113.7132;-69.2841;11.34;2.69;2.2;Vol;
NGC2435;NGC2435;Galaxie;116.0566;31.6511;13.39;2.17;0.42;Gem;
NGC2437;NGC2437;Amas ouvert;115.4451;-14.81;6.1;21;21;Pup;
NGC2438;NGC2438;Nebuleuse;115.46;-14.7358;10.8;1.07;1.07;Pup;
NGC2439;NGC2439;Amas ouvert;115.1892;-31.6924;6.9;8.7;8.7;Pup;
NGC2440;NGC2440;Nebuleuse;115.4807;-18.2085;9.4;0.27;0.27;Pup;
NGC2441;NGC2441;Galaxie;117.9781;73.0157;12.19;1.98;1.81;Cam;
NGC2442;NGC2442;Galaxie;114.0993;-69.5308;10.63;4.68;3.09;Vol;
NGC2444;NGC2444;Galaxie;116.721;39.0319;13.22;1.07;0.66;Lyn;
NGC2445;NGC2445;Galaxie;116.7296;39.0152;13.24;1.86;1.12;Lyn;
NGC2446;NGC2446;Galaxie;117.1635;54.6119;13.8;1.75;0.91;Lyn;
NGC2447;NGC2447;Amas ouvert;116.1218;-23.8531;6.2;15;15;Pup;
NGC2448;NGC2448;Amas ouvert;116.1383;-24.6732;;6;6;Pup;
NGC2449;NGC2449;Galaxie;116.8345;26.9302;14.11;1.44;0.57;Gem;
NGC2450;NGC2450;Galaxie;116.8845;27.0191;15.16;0.97;0.3;Gem;
NGC2451;NGC2451;Amas ouvert;116.3125;-37.9674;9.5;37.5;37.5;Pup;
NGC2452;NGC2452;Nebuleuse;116.8599;-27.334;12;0.32;0.32;Pup;
NGC2453;NGC2453;Amas ouvert;116.8922;-27.1948;8.3;3;3;Pup;
NGC2454;NGC2454;Galaxie;117.6459;16.3686;14.47;1.18;0.51;Gem;
NGC2455;NGC2455;Amas ouvert;117.2442;-21.2979;10.2;4.5;4.5;Pup;
NGC2456;NGC2456;Galaxie;118.5444;55.4953;14.27;1.15;0.79;Lyn;
NGC2457;NGC2457;Galaxie;118.6905;55.5466;15.81;0.5;0.26;Lyn;
NGC2458;NGC2458;Galaxie;118.964;56.7106;16;0.46;0.33;Lyn;
NGC2459;NGC2459;Amas ouvert;118.0074;9.5574;;2.7;2.7;CMi;
NGC2460;NGC2460;Galaxie;119.2179;60.3494;11.71;1.83;1.37;Cam;
NGC2461;NGC2461;Autre;119.1094;56.6733;;;;Lyn;
NGC2462;NGC2462;Galaxie;119.1336;56.6871;14.93;0.6;0.35;Lyn;
NGC2463;NGC2463;Galaxie;119.302;56.6765;14.78;0.6;0.6;Lyn;
NGC2464;NGC2464;Autre;119.3862;56.6906;;;;Lyn;
NGC2465;NGC2465;Autre;119.3588;56.8225;;;;Lyn;
NGC2466;NGC2466;Galaxie;116.3169;-71.4104;13.14;1.51;1.46;Vol;
NGC2467;NGC2467;Amas ouvert;118.0976;-26.4433;;4.2;4.2;Pup;
NGC2468;NGC2468;Galaxie;119.5102;56.3596;14.76;1.51;0.52;Lyn;
NGC2469;NGC2469;Galaxie;119.5142;56.6805;13.16;0.9;0.64;Lyn;
NGC2470;NGC2470;Galaxie;118.5865;4.4597;12.69;1.95;0.6;CMi;
NGC2471;NGC2471;Autre;119.6373;56.7762;;;;Lyn;
NGC2472;NGC2472;Galaxie;119.6746;56.7013;15.37;0.65;0.56;Lyn;
NGC2473;NGC2473;Galaxie;118.8951;56.7358;;0.52;0.38;Lyn;
NGC2474;NGC2474;Galaxie;119.4956;52.8573;14.09;1.14;1.02;Lyn;
NGC2475;NGC2475;Galaxie;119.5018;52.8617;13.11;1.07;0.96;Lyn;
NGC2476;NGC2476;Galaxie;119.1883;39.9279;12.62;1.26;0.68;Lyn;
NGC2477;NGC2477;Amas ouvert;118.0408;-38.5333;5.8;18.6;18.6;Pup;
NGC2479;NGC2479;Amas ouvert;118.7753;-17.7078;9.6;6.3;6.3;Pup;
NGC2480;NGC2480;Galaxie;119.2935;23.7798;15;1.32;0.51;Gem;
NGC2481;NGC2481;Galaxie;119.3073;23.7678;12.5;1.4;0.58;Gem;
NGC2482;NGC2482;Amas ouvert;118.7932;-24.2546;7.3;6.6;6.6;Pup;
NGC2483;NGC2483;Amas ouvert;118.9116;-27.8868;7.6;3.3;3.3;Pup;
NGC2484;NGC2484;Galaxie;119.6171;37.7866;13.13;1.69;1.04;Lyn;
NGC2485;NGC2485;Galaxie;119.2028;7.4779;13.21;1.57;1.46;CMi;
NGC2486;NGC2486;Galaxie;119.4854;25.1609;13.47;1.49;0.85;Gem;
NGC2487;NGC2487;Galaxie;119.5853;25.1492;12.6;1.73;1.39;Gem;
NGC2488;NGC2488;Galaxie;120.4416;56.5539;12.45;1.45;0.83;Lyn;
NGC2489;NGC2489;Amas ouvert;119.0623;-30.0608;7.9;4.2;4.2;Pup;
NGC2490;NGC2490;Galaxie;119.8245;27.0779;15.09;0.63;0.47;Gem;
NGC2491;NGC2491;Galaxie;119.6141;7.9838;15.9;0.69;0.53;CMi;
NGC2492;NGC2492;Galaxie;119.8738;27.0264;12.74;1.11;0.88;Gem;
NGC2493;NGC2493;Galaxie;120.0985;39.8304;12.06;1.87;1.85;Lyn;
NGC2494;NGC2494;Galaxie;119.7798;-0.6379;14.28;0.97;0.8;Mon;
NGC2495;NGC2495;Galaxie;120.1381;39.84;15.15;0.55;0.32;Lyn;
NGC2496;NGC2496;Galaxie;119.6556;8.0298;14.7;1.86;1.48;CMi;
NGC2497;NGC2497;Galaxie;120.5464;56.9423;14.41;1.58;1.36;Lyn;
NGC2498;NGC2498;Galaxie;119.9119;24.9823;14.28;1.04;0.67;Gem;
NGC2499;NGC2499;Galaxie;119.7155;7.4933;15.03;0.86;0.6;CMi;
NGC2500;NGC2500;Galaxie;120.4717;50.7371;11.65;2.47;2.34;Lyn;
NGC2501;NGC2501;Galaxie;119.6252;-14.3543;14.5;1.73;1.16;Pup;
NGC2502;NGC2502;Galaxie;118.9647;-52.3068;11.96;2.21;1.12;Car;
NGC2503;NGC2503;Galaxie;120.1528;22.4001;14.83;0.95;0.79;Cnc;
NGC2504;NGC2504;Galaxie;119.9679;5.6081;14.21;0.62;0.37;CMi;
NGC2505;NGC2505;Galaxie;121.0285;53.5492;14.26;1.19;0.57;Lyn;
NGC2506;NGC2506;Amas ouvert;120.0074;-10.7696;7.6;10.8;10.8;Mon;
NGC2507;NGC2507;Galaxie;120.405;15.7097;13.92;1.52;1.43;Cnc;
NGC2508;NGC2508;Galaxie;120.4884;8.5519;13.98;1.95;1.55;CMi;
NGC2509;NGC2509;Amas ouvert;120.1993;-19.0505;9.3;4.8;4.8;Pup;
NGC2510;NGC2510;Galaxie;120.5445;9.486;14.54;0.97;0.67;CMi;
NGC2511;NGC2511;Galaxie;120.5625;9.3944;14.91;1.04;0.57;CMi;
NGC2512;NGC2512;Galaxie;120.7827;23.3918;13.15;1.35;0.78;Cnc;
NGC2513;NGC2513;Galaxie;120.6028;9.4136;11.63;1.91;1.43;Cnc;
NGC2514;NGC2514;Galaxie;120.7068;15.8083;13.45;1.2;1.13;Cnc;
NGC2515;NGC2515;Autre;120.8387;20.188;;;;Cnc;
NGC2516;NGC2516;Amas ouvert;119.5294;-60.7535;3.8;24.3;24.3;Car;
NGC2517;NGC2517;Galaxie;120.6961;-12.3178;11.92;1.74;1.49;Pup;
NGC2518;NGC2518;Galaxie;121.8344;51.1316;14.18;1.28;1.04;Lyn;
NGC2519;NGC2519;Autre;121.9951;51.1282;;;;Lyn;
NGC2520;NGC2520;Amas ouvert;121.2424;-28.1467;6.5;9.3;9.3;Pup;
NGC2521;NGC2521;Galaxie;122.2057;57.7696;13.1;0.96;0.54;Lyn;
NGC2522;NGC2522;Galaxie;121.556;17.7066;14.1;1.15;0.33;Cnc;
NGC2523;NGC2523;Galaxie;123.7504;73.579;11.9;2.79;1.78;Cam;
NGC2523A;NGC2523A;Galaxie;121.0352;74.0478;14.44;1.11;0.95;Cam;
NGC2523B;NGC2523B;Galaxie;123.2379;73.5632;14.7;1.87;0.25;Cam;
NGC2523C;NGC2523C;Galaxie;124.4345;73.3176;14.2;1.49;0.87;Cam;
NGC2524;NGC2524;Galaxie;122.04;39.1574;12.7;1.47;1.03;Lyn;
NGC2525;NGC2525;Galaxie;121.4085;-11.427;11.47;3.08;2.17;Pup;
NGC2526;NGC2526;Galaxie;121.7443;8.0039;14.58;0.91;0.46;Cnc;
NGC2528;NGC2528;Galaxie;121.8535;39.1945;13.46;1.39;1.24;Lyn;
NGC2529;NGC2529;Autre;121.9546;17.8208;;;;Cnc;
NGC2530;NGC2530;Galaxie;121.9817;17.8185;14.62;1.4;0.95;Cnc;
NGC2531;NGC2531;Autre;122.0046;17.8206;;;;Cnc;
NGC2532;NGC2532;Galaxie;122.5632;33.9566;12.67;1.66;1.36;Lyn;
NGC2533;NGC2533;Amas ouvert;121.7671;-29.8839;7.6;4.98;4.98;Pup;
NGC2534;NGC2534;Galaxie;123.2256;55.6721;12.97;1.4;1.3;Lyn;
NGC2535;NGC2535;Galaxie;122.8062;25.2068;12.69;1.93;0.94;Cnc;
NGC2536;NGC2536;Galaxie;122.8163;25.1794;14.14;0.73;0.45;Cnc;
NGC2537;NGC2537;Galaxie;123.311;45.9898;11.71;2.07;1.96;Lyn;Bear Claw Nebula
NGC2537A;NGC2537A;Galaxie;123.421;45.9937;15.7;0.55;0.5;Lyn;
NGC2538;NGC2538;Galaxie;122.8461;3.6332;13.75;1.58;1.12;CMi;
NGC2539;NGC2539;Amas ouvert;122.6541;-12.8207;6.5;12.3;12.3;Pup;
NGC2540;NGC2540;Galaxie;123.1935;26.3618;14.4;1.24;0.65;Cnc;
NGC2541;NGC2541;Galaxie;123.6672;49.0617;11.7;3.02;1.6;Lyn;
NGC2542;NGC2542;Autre;122.8183;-12.9271;4.72;;;Pup;
NGC2543;NGC2543;Galaxie;123.2413;36.2546;12.39;2.43;1.13;Lyn;
NGC2544;NGC2544;Galaxie;125.4181;73.9884;12.91;1.53;1.06;Cam;
NGC2545;NGC2545;Galaxie;123.559;21.3555;12.45;1.95;1.06;Cnc;
NGC2546;NGC2546;Amas ouvert;123.0651;-37.5943;6.3;16.5;16.5;Pup;
NGC2547;NGC2547;Amas ouvert;122.5395;-49.2057;4.7;7.8;7.8;Vel;
NGC2548;NGC2548;Amas ouvert;123.4299;-5.7504;5.8;28.2;28.2;Hya;
NGC2549;NGC2549;Galaxie;124.7431;57.8031;11.14;3.63;0.92;Lyn;
NGC2550;NGC2550;Galaxie;126.1411;74.0123;13.05;0.95;0.36;Cam;
NGC2550A;NGC2550A;Galaxie;127.1664;73.748;13.41;1.6;1.33;Cam;
NGC2551;NGC2551;Galaxie;126.2095;73.412;12.11;1.57;1.09;Cam;
NGC2552;NGC2552;Galaxie;124.8355;50.0096;12.25;2.99;1.61;Lyn;
NGC2553;NGC2553;Galaxie;124.3958;20.9031;14.7;1.11;0.67;Cnc;
NGC2554;NGC2554;Galaxie;124.4729;23.4721;12.02;2.04;1.31;Cnc;
NGC2555;NGC2555;Galaxie;124.485;0.7457;13.4;1.85;1.39;Hya;
NGC2556;NGC2556;Galaxie;124.7535;20.937;15.45;0.62;0.4;Cnc;
NGC2557;NGC2557;Galaxie;124.7948;21.4358;14.32;1.08;0.87;Cnc;
NGC2558;NGC2558;Galaxie;124.8032;20.5108;13.02;1.43;0.92;Cnc;
NGC2559;NGC2559;Galaxie;124.2753;-27.4558;11.33;2.81;1.34;Pup;
NGC2560;NGC2560;Galaxie;124.9662;20.985;13.28;1.6;0.38;Cnc;
NGC2561;NGC2561;Galaxie;124.904;4.6572;13.94;1.06;0.58;Hya;
NGC2562;NGC2562;Galaxie;125.0986;21.1315;12.98;1.03;0.79;Cnc;
NGC2563;NGC2563;Galaxie;125.1487;21.0678;12.31;2.02;1.68;Cnc;
NGC2564;NGC2564;Galaxie;124.625;-21.8161;14.69;1.36;0.86;Pup;
NGC2565;NGC2565;Galaxie;124.9513;22.0314;12.48;1.67;0.73;Cnc;
NGC2566;NGC2566;Galaxie;124.6903;-25.4995;10.81;3.98;2.75;Pup;
NGC2567;NGC2567;Amas ouvert;124.6466;-30.6356;7.4;6;6;Pup;
NGC2568;NGC2568;Amas ouvert;124.5755;-37.1054;;;;Pup;
NGC2569;NGC2569;Galaxie;125.3381;20.8675;15.12;0.72;0.55;Cnc;
NGC2570;NGC2570;Galaxie;125.3439;20.9106;14.67;0.7;0.37;Cnc;
NGC2571;NGC2571;Amas ouvert;124.7348;-29.7493;7;7.2;7.2;Pup;
NGC2572;NGC2572;Galaxie;125.3526;19.1478;14.72;1.22;0.52;Cnc;
NGC2573;NGC2573;Galaxie;25.4055;-89.3345;13.53;1.92;0.74;Oct;Polarissima Australis
NGC2573B;NGC2573B;Galaxie;346.8868;-89.1165;15.33;1.13;0.35;Oct;
NGC2574;NGC2574;Galaxie;125.2007;-8.9185;13.22;2.17;1.08;Hya;
NGC2575;NGC2575;Galaxie;125.6873;24.2969;12.98;1.37;1.08;Cnc;
NGC2576;NGC2576;Galaxie;125.7404;25.7387;15.15;1.61;0.3;Cnc;
NGC2577;NGC2577;Galaxie;125.681;22.5531;12.42;1.55;0.88;Cnc;
NGC2578;NGC2578;Galaxie;125.3511;-13.3179;12.59;2.19;1.1;Pup;
NGC2579;NGC2579;Amas ouvert;125.2211;-36.2171;;3.3;3.3;Pup;
NGC2580;NGC2580;Amas ouvert;125.3662;-30.2935;9.7;3;3;Pup;
NGC2581;NGC2581;Galaxie;126.1289;18.5971;14.43;0.96;0.7;Cnc;
NGC2582;NGC2582;Galaxie;126.3003;20.3347;13.11;1.19;1.13;Cnc;
NGC2583;NGC2583;Galaxie;125.783;-5.0024;13.44;0.86;0.75;Hya;
NGC2584;NGC2584;Galaxie;125.8144;-4.9705;14.99;0.99;0.54;Hya;
NGC2585;NGC2585;Galaxie;125.8595;-4.9152;14.49;1.55;0.57;Hya;
NGC2586;NGC2586;Autre;125.8809;-4.9519;;;;Hya;
NGC2587;NGC2587;Amas ouvert;125.8503;-29.5087;9.2;6;6;Pup;
NGC2588;NGC2588;Amas ouvert;125.7899;-32.9752;11.8;3.9;3.9;Pup;
NGC2589;NGC2589;Autre;126.1228;-8.7679;;;;Hya;
NGC2590;NGC2590;Galaxie;126.2583;-0.5914;13.01;2.08;0.51;Hya;
NGC2591;NGC2591;Galaxie;129.3564;78.0264;12.66;2.95;0.64;Cam;
NGC2592;NGC2592;Galaxie;126.7835;25.9703;13.55;1.47;1.19;Cnc;
NGC2593;NGC2593;Galaxie;126.6993;17.3749;14.83;0.97;0.53;Cnc;
NGC2594;NGC2594;Galaxie;126.8215;25.8788;14.93;0.91;0.56;Cnc;
NGC2595;NGC2595;Galaxie;126.9251;21.4791;12.39;1.66;1.12;Cnc;
NGC2596;NGC2596;Galaxie;126.8605;17.2841;13.48;1.38;0.51;Cnc;
NGC2597;NGC2597;Autre;127.4892;21.5019;;;;Cnc;
NGC2598;NGC2598;Galaxie;127.5105;21.4887;13.61;1.19;0.38;Cnc;
NGC2599;NGC2599;Galaxie;128.0471;22.5606;12.2;1.56;1.32;Cnc;
NGC2600;NGC2600;Galaxie;128.6877;52.7157;15.05;1.21;0.41;UMa;
NGC2601;NGC2601;Galaxie;126.3777;-68.1177;13.43;1.69;1.15;Vol;
NGC2602;NGC2602;Galaxie;128.7677;52.8315;15.45;0.65;0.41;UMa;
NGC2603;NGC2603;Galaxie;128.63;52.8402;16.82;0.4;0.34;UMa;
NGC2604;NGC2604;Galaxie;128.3464;29.5388;14.92;1.48;1.37;Cnc;
NGC2604B;NGC2604B;Galaxie;128.3986;29.4997;15.71;0.56;0.23;Cnc;
NGC2605;NGC2605;Galaxie;128.7221;52.8043;16.43;0.45;0.35;UMa;
NGC2606;NGC2606;Galaxie;128.8935;52.7889;14.9;0.87;0.45;UMa;
NGC2607;NGC2607;Galaxie;128.4861;26.9727;14.95;0.84;0.8;Cnc;
NGC2608;NGC2608;Galaxie;128.8222;28.4734;12.25;1.95;0.95;Cnc;
NGC2609;NGC2609;Amas ouvert;127.3735;-61.1102;;3.6;3.6;Car;
NGC2610;NGC2610;Nebuleuse;128.3475;-16.1494;12.7;0.63;0.63;Hya;
NGC2611;NGC2611;Galaxie;128.8715;25.0275;15.28;0.8;0.26;Cnc;
NGC2612;NGC2612;Galaxie;128.4588;-13.1745;12.91;2.6;0.8;Hya;
NGC2613;NGC2613;Galaxie;128.3452;-22.9737;10.38;7.62;1.79;Pyx;
NGC2614;NGC2614;Galaxie;130.6998;72.9765;13.89;2.04;1.67;UMa;
NGC2615;NGC2615;Galaxie;128.639;-2.5468;13.38;1.2;0.82;Hya;
NGC2616;NGC2616;Galaxie;128.892;-1.8501;12.57;1.43;0.98;Hya;
NGC2617;NGC2617;Galaxie;128.9116;-4.0882;14;1.4;1.1;Hya;
NGC2618;NGC2618;Galaxie;128.9731;0.7071;13.96;2.07;0.88;Hya;
NGC2619;NGC2619;Galaxie;129.3863;28.7052;12.72;1.93;1.17;Cnc;
NGC2620;NGC2620;Galaxie;129.3677;24.9469;14.61;2;0.5;Cnc;
NGC2621;NGC2621;Galaxie;129.4041;24.9998;15.42;0.73;0.47;Cnc;
NGC2622;NGC2622;Galaxie;129.5456;24.8953;14.12;0.94;0.6;Cnc;
NGC2623;NGC2623;Galaxie;129.6003;25.7546;13.55;2.39;0.7;Cnc;
NGC2624;NGC2624;Galaxie;129.5401;19.7257;14.57;0.77;0.47;Cnc;
NGC2625;NGC2625;Galaxie;129.5967;19.7167;15.17;0.53;0.44;Cnc;
NGC2626;NGC2626;Nebuleuse;128.8703;-40.6683;;5;5;Vel;
NGC2627;NGC2627;Amas ouvert;129.3123;-29.9504;8.4;5.4;5.4;Pyx;
NGC2628;NGC2628;Galaxie;130.0946;23.5397;14.04;1.04;0.93;Cnc;
NGC2629;NGC2629;Galaxie;131.8159;72.9856;12.26;1.97;1.42;UMa;
NGC2630;NGC2630;Autre;131.7804;73.0003;;;;UMa;
NGC2631;NGC2631;Autre;131.7804;73.0003;;;;UMa;
NGC2632;NGC2632;Amas ouvert;130.0925;19.6721;3.1;108.6;108.6;Cnc;Beehive
NGC2633;NGC2633;Galaxie;132.0191;74.0989;12.08;2.31;1.45;Cam;
NGC2634;NGC2634;Galaxie;132.1058;73.9672;11.97;1.72;1.66;Cam;
NGC2634A;NGC2634A;Galaxie;132.1589;73.9393;14.23;1.19;0.37;Cam;
NGC2635;NGC2635;Amas ouvert;129.6083;-34.7716;11.2;5.1;5.1;Pyx;
NGC2636;NGC2636;Galaxie;132.1018;73.6711;13.77;0.34;0.34;Cam;
NGC2637;NGC2637;Galaxie;130.3062;19.6914;15.57;0.51;0.43;Cnc;
NGC2638;NGC2638;Galaxie;130.6074;37.221;13.72;1.66;0.59;Lyn;
NGC2639;NGC2639;Galaxie;130.9087;50.2056;11.76;1.61;1.21;UMa;
NGC2640;NGC2640;Galaxie;129.3526;-55.1238;11.02;4.67;4;Car;
NGC2641;NGC2641;Galaxie;131.9895;72.8958;14.93;1.26;1.04;UMa;
NGC2642;NGC2642;Galaxie;130.1849;-4.1217;12.65;1.92;1.43;Hya;
NGC2643;NGC2643;Galaxie;130.4656;19.7025;15.45;0.68;0.37;Cnc;
NGC2644;NGC2644;Galaxie;130.3828;4.9803;13.49;1.64;0.65;Hya;
NGC2645;NGC2645;Amas ouvert;129.763;-46.2273;7.32;6.6;6.6;Vel;
NGC2646;NGC2646;Galaxie;132.5919;73.4631;13.15;1.47;1.05;Cam;
NGC2647;NGC2647;Galaxie;130.6796;19.6506;15.02;0.72;0.57;Cnc;
NGC2648;NGC2648;Galaxie;130.6658;14.2856;11.88;3.15;1.08;Cnc;
NGC2649;NGC2649;Galaxie;131.0345;34.7172;13.16;1.47;1.38;Lyn;
NGC2650;NGC2650;Galaxie;132.4931;70.2994;14.22;1.38;0.99;UMa;
NGC2651;NGC2651;Galaxie;130.9798;11.771;15.64;0.53;0.44;Cnc;
NGC2653;NGC2653;Autre;133.7315;78.3936;;;;Cam;
NGC2654;NGC2654;Galaxie;132.2995;60.2211;11.69;4.45;0.89;UMa;
NGC2655;NGC2655;Galaxie;133.9072;78.2231;10.39;3.93;2.06;Cam;
NGC2656;NGC2656;Galaxie;131.9711;53.8762;13.76;1.31;1.18;UMa;
NGC2657;NGC2657;Galaxie;131.3159;9.6455;13.93;1.28;1.09;Cnc;
NGC2658;NGC2658;Amas ouvert;130.8639;-32.6562;9.2;7.2;7.2;Pyx;
NGC2659;NGC2659;Amas ouvert;130.6376;-45.0005;8.6;5.1;5.1;Vel;
NGC2660;NGC2660;Amas ouvert;130.6583;-47.2007;8.8;3.6;3.6;Vel;
NGC2661;NGC2661;Galaxie;131.4981;12.6199;13.86;1.48;1.35;Cnc;
NGC2662;NGC2662;Galaxie;131.3835;-15.1212;15.05;1.23;1.15;Hya;
NGC2663;NGC2663;Galaxie;131.2844;-33.7948;10.59;3.9;2.75;Pyx;
NGC2664;NGC2664;Amas ouvert;131.7793;12.6058;;6.6;6.6;Cnc;
NGC2665;NGC2665;Galaxie;131.5041;-19.3029;11.63;2;1.72;Hya;
NGC2666;NGC2666;Amas ouvert;132.4459;44.7037;;;;Lyn;
NGC2667;NGC2667;Galaxie;132.1135;19.0195;14.76;1.03;0.37;Cnc;
NGC2667B;NGC2667B;Galaxie;132.1257;19.0439;15.49;0.85;0.28;Cnc;
NGC2668;NGC2668;Galaxie;132.344;36.7103;14.85;1.23;0.66;Lyn;
NGC2669;NGC2669;Amas ouvert;131.594;-52.9475;6.1;8.4;8.4;Vel;
NGC2670;NGC2670;Amas ouvert;131.3728;-48.7916;7.8;4.2;4.2;Vel;
NGC2671;NGC2671;Amas ouvert;131.5495;-41.8772;11.6;5.1;5.1;Vel;
NGC2672;NGC2672;Galaxie;132.3412;19.075;11.64;3.2;2.87;Cnc;
NGC2673;NGC2673;Galaxie;132.3506;19.0742;14.04;1.23;0.81;Cnc;
NGC2674;NGC2674;Galaxie;132.305;-14.2942;15.88;1.04;0.49;Hya;
NGC2675;NGC2675;Galaxie;133.0206;53.6173;13.26;1.51;1.05;UMa;
NGC2676;NGC2676;Galaxie;132.8985;47.5577;14.46;1.2;1.12;UMa;
NGC2677;NGC2677;Galaxie;132.5055;19.0098;15.18;0.7;0.41;Cnc;
NGC2678;NGC2678;Amas ouvert;132.5115;11.3381;;10;10;Cnc;
NGC2679;NGC2679;Galaxie;132.8872;30.8654;14.07;1.85;1.85;Cnc;
NGC2680;NGC2680;Autre;132.8895;30.8658;;0.16;0.11;Cnc;
NGC2681;NGC2681;Galaxie;133.3864;51.3137;10.86;3.97;3.97;UMa;
NGC2682;NGC2682;Amas ouvert;132.8339;11.8119;6.9;33;33;Cnc;
NGC2683;NGC2683;Galaxie;133.1722;33.4217;9.69;9.48;2.7;Lyn;
NGC2684;NGC2684;Galaxie;133.7252;49.1604;13.01;1.1;0.84;UMa;
NGC2685;NGC2685;Galaxie;133.8946;58.7344;11.35;4.33;2.31;UMa;Helix Galaxy
NGC2686;NGC2686;Galaxie;133.7492;49.1424;;1.6;1.6;UMa;
NGC2686A;NGC2686A;Galaxie;133.7455;49.1423;17.12;0.88;0.51;UMa;
NGC2686B;NGC2686B;Galaxie;133.7525;49.1424;16.66;0.48;0.35;UMa;
NGC2687;NGC2687;Galaxie;133.7729;49.1559;;1.3;1.3;UMa;
NGC2687A;NGC2687A;Galaxie;133.7709;49.1565;17;0.23;0.11;UMa;
NGC2687B;NGC2687B;Galaxie;133.7752;49.1561;15.6;0.69;0.39;UMa;
NGC2688;NGC2688;Galaxie;133.7983;49.1226;16.41;0.47;0.36;UMa;
NGC2689;NGC2689;Galaxie;133.8559;49.1155;16.82;0.41;0.3;UMa;
NGC2690;NGC2690;Galaxie;133.1585;-2.6032;13.94;1.7;0.39;Hya;
NGC2691;NGC2691;Galaxie;133.6931;39.5387;13.47;1.26;0.9;Lyn;
NGC2692;NGC2692;Galaxie;134.2417;52.0659;12.75;1.25;0.55;UMa;
NGC2693;NGC2693;Galaxie;134.247;51.3474;11.86;2;1.37;UMa;
NGC2694;NGC2694;Galaxie;134.2469;51.332;14.14;0.81;0.5;UMa;
NGC2695;NGC2695;Galaxie;133.6128;-3.067;12.02;1.63;1.45;Hya;
NGC2696;NGC2696;Galaxie;132.6752;-5.0098;15.88;1.03;0.95;Hya;
NGC2697;NGC2697;Galaxie;133.7475;-2.9876;13.47;1.63;0.96;Hya;
NGC2698;NGC2698;Galaxie;133.9021;-3.1839;11.86;1.47;0.53;Hya;
NGC2699;NGC2699;Galaxie;133.9533;-3.1276;13.47;1.41;0.76;Hya;
NGC2700;NGC2700;Autre;133.9607;-3.1164;;;;Hya;
NGC2701;NGC2701;Galaxie;134.7739;53.7717;12.36;1.94;1.3;UMa;
NGC2702;NGC2702;Autre;133.9777;-3.0653;;;;Hya;
NGC2703;NGC2703;Autre;133.9464;-3.3069;;;;Hya;
NGC2704;NGC2704;Galaxie;134.1987;39.3822;14.32;1.04;1.01;Lyn;
NGC2705;NGC2705;Autre;134.0002;-3.0149;;;;Hya;
NGC2706;NGC2706;Galaxie;134.0513;-2.5634;13.71;1.67;0.57;Hya;
NGC2707;NGC2707;Autre;134.0237;-3.0664;;;;Hya;
NGC2708;NGC2708;Galaxie;134.0335;-3.3601;11.96;2.93;1.06;Hya;
NGC2709;NGC2709;Galaxie;134.0536;-3.2432;15.02;0.79;0.65;Hya;
NGC2710;NGC2710;Galaxie;134.9515;55.7064;13.08;2.02;0.97;UMa;
NGC2711;NGC2711;Galaxie;134.3483;17.288;14.65;0.56;0.38;Cnc;
NGC2712;NGC2712;Galaxie;134.877;44.9139;12.19;2.93;1.59;Lyn;
NGC2713;NGC2713;Galaxie;134.3355;2.9213;11.82;3.37;1.15;Hya;
NGC2714;NGC2714;Galaxie;133.3742;-59.2171;14;1.37;1.18;Car;
NGC2715;NGC2715;Galaxie;137.0258;78.0852;11.49;4.2;1.41;Cam;
NGC2716;NGC2716;Galaxie;134.3995;3.0902;12.19;1.63;1.14;Hya;
NGC2717;NGC2717;Galaxie;134.2547;-24.6738;12.29;2.03;1.69;Pyx;
NGC2718;NGC2718;Galaxie;134.7103;6.293;14.24;1.72;1.09;Hya;
NGC2719;NGC2719;Galaxie;135.0644;35.7276;14;1.17;0.3;Lyn;
NGC2719A;NGC2719A;Galaxie;135.0664;35.7201;14.5;0.49;0.4;Lyn;
NGC2720;NGC2720;Galaxie;134.7836;11.1492;14.22;1.26;1.11;Cnc;
NGC2721;NGC2721;Galaxie;134.7355;-4.9019;13.22;1.85;1.33;Hya;
NGC2722;NGC2722;Galaxie;134.6924;-3.7101;13.46;1.83;0.95;Hya;
NGC2723;NGC2723;Galaxie;135.0598;3.1777;14.28;1.14;1.04;Hya;
NGC2724;NGC2724;Galaxie;135.2576;35.7621;14.74;1.2;0.68;Lyn;
NGC2725;NGC2725;Galaxie;135.2634;11.0984;14.29;0.67;0.58;Cnc;
NGC2726;NGC2726;Galaxie;136.2365;59.9329;13;1.53;0.46;UMa;
NGC2728;NGC2728;Galaxie;135.4205;11.083;15.24;0.98;0.63;Cnc;
NGC2729;NGC2729;Galaxie;135.3692;3.7206;14.14;1.06;0.64;Hya;
NGC2730;NGC2730;Galaxie;135.566;16.8383;13.78;1.45;0.95;Cnc;
NGC2731;NGC2731;Galaxie;135.535;8.3017;14.12;0.72;0.49;Cnc;
NGC2732;NGC2732;Galaxie;138.353;79.1873;11.89;1.81;0.71;Cam;
NGC2734;NGC2734;Galaxie;135.7567;16.8636;15.74;0.92;0.78;Cnc;
NGC2735;NGC2735;Galaxie;135.661;25.9345;13.76;1.42;0.53;Cnc;
NGC2735A;NGC2735A;Galaxie;135.6745;25.9384;15.16;0.3;0.27;Cnc;
NGC2736;NGC2736;Nebuleuse;135.0706;-45.9481;;30;7;Vel;Pencil Nebula
NGC2737;NGC2737;Galaxie;135.9988;21.9066;14.6;0.95;0.38;Cnc;
NGC2738;NGC2738;Galaxie;136.0019;21.9676;13.79;1.36;0.62;Cnc;
NGC2739;NGC2739;Galaxie;136.5118;51.7447;15.5;0.86;0.35;UMa;
NGC2740;NGC2740;Galaxie;136.5208;51.7353;15.02;0.73;0.61;UMa;
NGC2741;NGC2741;Galaxie;135.8187;18.2611;15.49;0.67;0.44;Cnc;
NGC2742;NGC2742;Galaxie;136.8897;60.4793;11.49;2.86;1.49;UMa;
NGC2742A;NGC2742A;Galaxie;137.492;62.2474;13.94;1.57;0.67;UMa;
NGC2743;NGC2743;Galaxie;136.2252;25.0039;14.19;1.1;0.75;Cnc;
NGC2744;NGC2744;Galaxie;136.1621;18.4603;;1.2;1.2;Cnc;
NGC2744 NED01;NGC2744 NED01;Galaxie;136.1612;18.4561;;0.27;0.17;Cnc;
NGC2744 NED02;NGC2744 NED02;Galaxie;136.1625;18.4644;13.4;1.66;0.81;Cnc;
NGC2745;NGC2745;Galaxie;136.1639;18.2574;15.68;0.6;0.5;Cnc;
NGC2746;NGC2746;Galaxie;136.4977;35.3774;14.18;1.57;1.31;Lyn;
NGC2747;NGC2747;Galaxie;136.3264;18.4422;15.69;0.56;0.35;Cnc;
NGC2748;NGC2748;Galaxie;138.4293;76.4753;11.68;2.6;1.11;Cam;
NGC2749;NGC2749;Galaxie;136.3388;18.3131;11.84;1.92;1.77;Cnc;
NGC2750;NGC2750;Galaxie;136.4496;25.4374;12.59;2.03;1.46;Cnc;
NGC2751;NGC2751;Galaxie;136.385;18.2623;14.97;0.87;0.48;Cnc;
NGC2752;NGC2752;Galaxie;136.4293;18.3397;14.74;1.74;0.33;Cnc;
NGC2753;NGC2753;Galaxie;136.7844;25.3425;14.72;0.55;0.34;Cnc;
NGC2754;NGC2754;Galaxie;136.2967;-19.0849;15.31;0.78;0.68;Hya;
NGC2755;NGC2755;Galaxie;136.993;41.7089;14.26;1.15;0.76;Lyn;
NGC2756;NGC2756;Galaxie;137.2539;53.8495;13.12;1.5;1;UMa;
NGC2757;NGC2757;Autre;136.3573;-19.0478;;;;Hya;
NGC2758;NGC2758;Galaxie;136.38;-19.0428;14.04;1.87;0.41;Hya;
NGC2759;NGC2759;Galaxie;137.1554;37.6216;13.04;1.27;0.9;Lyn;
NGC2760;NGC2760;Galaxie;141.0543;76.5313;14.9;1.21;0.27;Dra;
NGC2761;NGC2761;Galaxie;136.8785;18.4348;14.93;0.76;0.43;Cnc;
NGC2762;NGC2762;Galaxie;137.4772;50.4183;15.86;0.51;0.36;UMa;
NGC2763;NGC2763;Galaxie;136.7044;-15.4998;12.07;2.43;1.88;Hya;
NGC2764;NGC2764;Galaxie;137.0728;21.4433;12.9;1.15;0.67;Cnc;
NGC2765;NGC2765;Galaxie;136.9027;3.3929;13.18;2.74;0.93;Hya;
NGC2766;NGC2766;Galaxie;137.1981;29.8648;14.49;1.2;0.53;Cnc;
NGC2767;NGC2767;Galaxie;137.5495;50.4013;14.51;0.72;0.63;UMa;
NGC2768;NGC2768;Galaxie;137.9062;60.0372;9.87;5.64;2.24;UMa;
NGC2769;NGC2769;Galaxie;137.634;50.4333;13.89;1.61;0.37;UMa;
NGC2770;NGC2770;Galaxie;137.3905;33.1235;12.21;3.45;0.81;Lyn;
NGC2771;NGC2771;Galaxie;137.6652;50.3799;13.9;1.73;1.49;UMa;
NGC2772;NGC2772;Galaxie;136.9245;-23.6214;14.21;1.71;1.07;Pyx;
NGC2773;NGC2773;Galaxie;137.4341;7.1737;14.71;0.65;0.29;Cnc;
NGC2774;NGC2774;Galaxie;137.6663;18.6966;14.67;1.19;1.17;Cnc;
NGC2775;NGC2775;Galaxie;137.5838;7.0379;10.24;4.25;3.36;Cnc;
NGC2776;NGC2776;Galaxie;138.0605;44.9548;11.68;2.14;0.91;Lyn;
NGC2777;NGC2777;Galaxie;137.6743;7.2067;14.21;0.76;0.59;Cnc;
NGC2778;NGC2778;Galaxie;138.1015;35.0275;12.41;1.3;0.98;Lyn;
NGC2779;NGC2779;Galaxie;138.1179;35.0537;15.39;0.72;0.61;Lyn;
NGC2780;NGC2780;Galaxie;138.1849;34.9256;14.21;1.06;0.77;Lyn;
NGC2781;NGC2781;Galaxie;137.8647;-14.8168;11.57;2.52;1.26;Hya;
NGC2782;NGC2782;Galaxie;138.5213;40.1137;12.36;3.25;2.41;Lyn;
NGC2783;NGC2783;Galaxie;138.4144;29.993;13.55;1.98;1.1;Cnc;
NGC2783B;NGC2783B;Galaxie;138.3881;30.0001;15.12;1.45;0.28;Cnc;
NGC2784;NGC2784;Galaxie;138.0812;-24.1726;10.1;4.82;1.85;Hya;
NGC2785;NGC2785;Galaxie;138.8141;40.9175;13.38;1.44;0.58;Lyn;
NGC2786;NGC2786;Galaxie;138.3983;12.4408;13.86;0.83;0.59;Cnc;
NGC2787;NGC2787;Galaxie;139.8275;69.2032;11.25;3.24;1.81;UMa;
NGC2788;NGC2788;Galaxie;137.2627;-67.9325;13.27;1.67;0.39;Car;
NGC2788A;NGC2788A;Galaxie;135.6643;-68.2268;13.99;2.51;0.49;Vol;
NGC2788B;NGC2788B;Galaxie;135.8988;-67.9698;14.52;1.55;0.56;Vol;
NGC2789;NGC2789;Galaxie;138.7486;29.7303;13.06;1.15;0.96;Cnc;
NGC2790;NGC2790;Galaxie;138.7616;19.6971;14.71;0.6;0.55;Cnc;
NGC2791;NGC2791;Galaxie;138.7583;17.5922;15.77;0.89;0.32;Cnc;
NGC2792;NGC2792;Nebuleuse;138.1107;-42.4275;11.6;0.22;0.22;Vel;
NGC2793;NGC2793;Galaxie;139.1971;34.4298;13.39;1.12;0.93;Lyn;
NGC2794;NGC2794;Galaxie;139.0075;17.5898;13.15;1.22;0.93;Cnc;
NGC2795;NGC2795;Galaxie;139.0163;17.6284;14.01;1.19;1.02;Cnc;
NGC2796;NGC2796;Galaxie;139.1744;30.9154;14.54;1.21;0.85;Cnc;
NGC2797;NGC2797;Galaxie;139.0904;17.7272;14.45;0.66;0.58;Cnc;
NGC2798;NGC2798;Galaxie;139.345;41.9997;12.39;2.43;0.83;Lyn;
NGC2799;NGC2799;Galaxie;139.3793;41.9941;13.71;1.76;0.47;Lyn;
NGC2800;NGC2800;Galaxie;139.6467;52.5145;13.92;1.42;0.87;UMa;
NGC2801;NGC2801;Galaxie;139.1841;19.9357;15.3;0.96;0.78;Cnc;
NGC2802;NGC2802;Galaxie;139.1726;18.9635;14.87;1.1;0.56;Cnc;
NGC2803;NGC2803;Galaxie;139.1828;18.9546;15.16;0.98;0.72;Cnc;
NGC2804;NGC2804;Galaxie;139.2084;20.1985;12.9;1.39;1.24;Cnc;
NGC2805;NGC2805;Galaxie;140.085;64.1028;11.56;3.39;2.76;UMa;
NGC2806;NGC2806;Autre;139.2366;20.0706;;;;Cnc;
NGC2807;NGC2807;Galaxie;139.2458;20.0322;;1.5;1.5;Cnc;
NGC2807A;NGC2807A;Galaxie;139.2403;20.0291;15.59;0.56;0.36;Cnc;
NGC2807B;NGC2807B;Galaxie;139.2528;20.0365;15.05;0.82;0.6;Cnc;
NGC2808;NGC2808;Amas globulaire;138.0106;-64.8628;5.69;9;9;Car;
NGC2809;NGC2809;Galaxie;139.2788;20.0697;13.02;1.24;1.08;Cnc;
NGC2810;NGC2810;Galaxie;140.5188;71.844;12.23;1.69;1.69;UMa;
NGC2811;NGC2811;Galaxie;139.0463;-16.3127;11.45;3.05;1.03;Hya;
NGC2812;NGC2812;Galaxie;139.42;19.9189;15.89;0.75;0.23;Cnc;
NGC2813;NGC2813;Galaxie;139.4394;19.9066;15.05;1.02;0.82;Cnc;
NGC2814;NGC2814;Galaxie;140.2978;64.2532;13.77;1.05;0.23;UMa;
NGC2815;NGC2815;Galaxie;139.0823;-23.6333;11.86;3.51;1.41;Hya;
NGC2817;NGC2817;Galaxie;139.2939;-4.7521;13.68;1.37;1.27;Hya;
NGC2818;NGC2818;Nebuleuse;139.0062;-36.6269;11.6;0.83;0.83;Pyx;
NGC2818A;NGC2818A;Amas ouvert;139.0255;-36.6269;12.5;6.9;6.9;Pyx;
NGC2819;NGC2819;Galaxie;139.5387;16.1981;14.22;1.44;1.08;Cnc;
NGC2820;NGC2820;Galaxie;140.4399;64.2579;12.78;3.75;0.35;UMa;
NGC2820A;NGC2820A;Galaxie;140.3753;64.2387;15.04;0.47;0.16;UMa;
NGC2821;NGC2821;Galaxie;139.1999;-26.8163;13.89;2.1;0.44;Pyx;
NGC2822;NGC2822;Galaxie;138.4572;-69.6448;11.4;3.96;2.72;Car;
NGC2823;NGC2823;Galaxie;139.8227;34.0082;15.46;1.03;0.62;Lyn;
NGC2824;NGC2824;Galaxie;139.7593;26.27;12.67;0.97;0.57;Cnc;
NGC2825;NGC2825;Galaxie;139.8435;33.7428;15.03;1.1;0.55;Lyn;
NGC2826;NGC2826;Galaxie;139.8507;33.624;14.43;1.47;0.22;Lyn;
NGC2827;NGC2827;Galaxie;139.8292;33.8808;15.44;1.02;0.38;Lyn;
NGC2828;NGC2828;Galaxie;139.8951;33.8881;15.61;0.72;0.44;Lyn;
NGC2829;NGC2829;Galaxie;139.8779;33.6483;;0.6;0.6;Lyn;
NGC2829 NED01;NGC2829 NED01;Galaxie;139.8763;33.6485;16.67;0.48;0.38;Lyn;
NGC2829 NED02;NGC2829 NED02;Galaxie;139.8798;33.6478;16.92;0.4;0.3;Lyn;
NGC2830;NGC2830;Galaxie;139.9225;33.7381;14.11;1.24;0.24;Lyn;
NGC2831;NGC2831;Galaxie;139.9395;33.745;13.38;0.89;0.66;Lyn;
NGC2832;NGC2832;Galaxie;139.9453;33.7497;11.79;3.2;2.07;Lyn;
NGC2833;NGC2833;Galaxie;139.9911;33.9274;15.27;1.14;0.54;Lyn;
NGC2834;NGC2834;Galaxie;140.0105;33.7105;15.38;0.83;0.66;Lyn;
NGC2835;NGC2835;Galaxie;139.4705;-22.3547;10.64;6.43;3.72;Hya;
NGC2836;NGC2836;Galaxie;138.4358;-69.3347;12.65;1.66;0.59;Car;
NGC2837;NGC2837;Autre;139.5974;-16.4817;;;;Hya;
NGC2838;NGC2838;Galaxie;140.1793;39.3157;14.45;1.28;1.08;Lyn;
NGC2839;NGC2839;Galaxie;140.1514;33.6507;14.75;1.23;1.17;Lyn;
NGC2840;NGC2840;Galaxie;140.2197;35.3683;14.61;1.05;0.89;Lyn;
NGC2841;NGC2841;Galaxie;140.511;50.9765;10.18;6.9;3.31;UMa;
NGC2842;NGC2842;Galaxie;138.9018;-63.0696;12.49;2.25;1.63;Car;
NGC2843;NGC2843;Galaxie;140.1199;18.9262;16.54;0.47;0.26;Cnc;
NGC2844;NGC2844;Galaxie;140.45;40.1512;12.89;1.77;0.82;Lyn;
NGC2845;NGC2845;Galaxie;139.653;-38.0101;11.97;1.87;1.3;Vel;
NGC2846;NGC2846;Autre;139.9186;-14.6763;;;;Hya;
NGC2847;NGC2847;Nebuleuse;140.0355;-16.5183;;;;Hya;
NGC2848;NGC2848;Galaxie;140.041;-16.5261;12.11;2.69;2.02;Hya;
NGC2849;NGC2849;Amas ouvert;139.8453;-40.5204;12.5;2.4;2.4;Vel;
NGC2850;NGC2850;Galaxie;140.2375;-4.9401;15;0.9;0.64;Hya;
NGC2851;NGC2851;Galaxie;140.126;-16.4953;14.33;1.43;0.53;Hya;
NGC2852;NGC2852;Galaxie;140.8108;40.1638;14.13;0.94;0.89;Lyn;
NGC2853;NGC2853;Galaxie;140.8222;40.2001;14.44;1.67;0.96;Lyn;
NGC2854;NGC2854;Galaxie;141.013;49.2041;13.76;1.28;0.56;UMa;
NGC2855;NGC2855;Galaxie;140.3645;-11.9095;11.05;3.45;1.85;Hya;
NGC2856;NGC2856;Galaxie;141.0667;49.2492;13.26;1.22;0.58;UMa;
NGC2857;NGC2857;Galaxie;141.1572;49.3571;12.32;1.89;1.51;UMa;
NGC2858;NGC2858;Galaxie;140.7292;3.1569;13.94;1.76;0.84;Hya;
NGC2859;NGC2859;Galaxie;141.0772;34.5135;10.94;3.19;2.78;LMi;
NGC2860;NGC2860;Galaxie;141.2217;41.0602;14.63;1.31;0.57;Lyn;
NGC2861;NGC2861;Galaxie;140.9021;2.1365;13.06;1.28;1.17;Hya;
NGC2862;NGC2862;Galaxie;141.2296;26.7747;13.68;2.64;0.5;Leo;
NGC2863;NGC2863;Galaxie;140.9023;-10.4332;13.4;1.37;1.18;Hya;
NGC2864;NGC2864;Galaxie;141.0641;5.9412;14.94;0.71;0.47;Hya;
NGC2865;NGC2865;Galaxie;140.8759;-23.1614;11.48;2.44;2.03;Hya;
NGC2866;NGC2866;Amas ouvert;140.521;-51.1026;;2.7;2.7;Vel;
NGC2867;NGC2867;Nebuleuse;140.354;-58.3117;9.7;0.23;0.23;Car;
NGC2868;NGC2868;Galaxie;140.8634;-10.4295;15.24;1.14;0.57;Hya;
NGC2870;NGC2870;Galaxie;141.9739;57.3755;13.87;2.44;0.66;UMa;
NGC2871;NGC2871;Autre;141.4147;11.4443;;;;Leo;
NGC2872;NGC2872;Galaxie;141.4272;11.4321;11.86;1.75;1.55;Leo;
NGC2873;NGC2873;Galaxie;141.4521;11.4542;16.11;0.73;0.41;Leo;
NGC2874;NGC2874;Galaxie;141.4472;11.4246;12.48;2.04;0.68;Leo;
NGC2875;NGC2875;Autre;141.4534;11.4316;;;;Leo;
NGC2876;NGC2876;Galaxie;141.3074;-6.7166;14.17;1.73;0.98;Hya;
NGC2877;NGC2877;Galaxie;141.4457;2.2291;14.65;0.67;0.64;Hya;
NGC2878;NGC2878;Galaxie;141.4478;2.0896;15.05;1.04;0.37;Hya;
NGC2879;NGC2879;Autre;141.3438;-11.6515;;;;Hya;
NGC2880;NGC2880;Galaxie;142.394;62.4906;11.61;2.33;1.4;UMa;
NGC2881;NGC2881;Galaxie;141.4758;-11.9939;;1.2;1.2;Hya;
NGC2881 NED01;NGC2881 NED01;Galaxie;141.474;-11.9921;;0.67;0.32;Hya;
NGC2881 NED02;NGC2881 NED02;Galaxie;141.4779;-11.9955;15.93;1.17;0.63;Hya;
NGC2882;NGC2882;Galaxie;141.6506;7.9545;13.5;1.49;0.75;Leo;
NGC2883;NGC2883;Galaxie;141.3267;-34.1033;13.65;2.02;0.8;Pyx;
NGC2884;NGC2884;Galaxie;141.6019;-11.5556;13.61;2.16;0.76;Hya;
NGC2885;NGC2885;Galaxie;141.8271;23.0201;16;1.26;0.82;Leo;
NGC2886;NGC2886;Autre;141.6612;-21.7378;;;;Hya;
NGC2887;NGC2887;Galaxie;140.8502;-63.8126;11.66;2.55;1.63;Car;
NGC2888;NGC2888;Galaxie;141.582;-28.0351;12.57;1.96;1.49;Pyx;
NGC2889;NGC2889;Galaxie;141.8025;-11.6434;11.78;1.95;1.75;Hya;
NGC2890;NGC2890;Galaxie;141.6243;-14.5287;15.23;0.87;0.25;Hya;
NGC2891;NGC2891;Galaxie;141.736;-24.783;12.6;1.6;1.52;Pyx;
NGC2892;NGC2892;Galaxie;143.2205;67.6174;14.36;1.4;1.4;UMa;
NGC2893;NGC2893;Galaxie;142.5707;29.54;13.19;1.02;0.82;Leo;
NGC2894;NGC2894;Galaxie;142.376;7.7188;13.3;1.9;0.96;Leo;
NGC2895;NGC2895;Galaxie;143.1044;57.4829;14.62;0.91;0.8;UMa;
NGC2896;NGC2896;Galaxie;142.5707;23.6631;14.75;1.2;1.2;Leo;
NGC2897;NGC2897;Galaxie;142.4405;2.2068;15.6;0.84;0.62;Hya;
NGC2898;NGC2898;Galaxie;142.4431;2.0644;14.83;1.04;0.67;Hya;
NGC2899;NGC2899;Nebuleuse;141.7623;-56.106;11.8;1.5;1.5;Vel;
NGC2900;NGC2900;Galaxie;142.5633;4.1442;14.55;0.99;0.78;Hya;
NGC2901;NGC2901;Autre;143.1427;31.1117;;;;Leo;
NGC2902;NGC2902;Galaxie;142.7204;-14.7358;13.23;1.72;1.41;Hya;
NGC2903;NGC2903;Galaxie;143.0421;21.5008;8.91;11.94;5.28;Leo;
NGC2904;NGC2904;Galaxie;142.5708;-30.385;12.46;1.47;1.09;Ant;
NGC2906;NGC2906;Galaxie;143.0259;8.4418;13.17;1.36;0.81;Leo;
NGC2907;NGC2907;Galaxie;142.903;-16.7347;11.63;2.82;2.06;Hya;
NGC2908;NGC2908;Galaxie;145.881;79.7013;14.17;0.74;0.52;Dra;
NGC2909;NGC2909;Autre;144.2496;65.9406;;;;UMa;
NGC2910;NGC2910;Amas ouvert;142.6209;-52.914;7.2;4.8;4.8;Vel;
NGC2911;NGC2911;Galaxie;143.4421;10.1524;13.18;3.46;2.13;Leo;
NGC2912;NGC2912;Autre;143.487;10.1922;;;;Leo;
NGC2913;NGC2913;Galaxie;143.5113;9.4792;14.14;1.12;0.69;Leo;
NGC2914;NGC2914;Galaxie;143.5116;10.1086;13.12;0.95;0.58;Leo;
NGC2915;NGC2915;Galaxie;141.548;-76.6263;12.61;1.82;0.98;Cha;
NGC2916;NGC2916;Galaxie;143.74;21.7053;12.08;2.4;1.59;Leo;
NGC2917;NGC2917;Galaxie;143.6121;-2.5042;14.36;1.34;0.37;Hya;
NGC2918;NGC2918;Galaxie;143.9335;31.7055;13.52;1.56;1.06;Leo;
NGC2919;NGC2919;Galaxie;143.698;10.2837;13.6;1.52;0.53;Leo;
NGC2920;NGC2920;Galaxie;143.551;-20.8591;13.94;0.86;0.61;Hya;
NGC2921;NGC2921;Galaxie;143.6317;-20.9204;12.96;2.86;0.92;Hya;
NGC2922;NGC2922;Galaxie;144.2186;37.6949;13.64;1.07;0.45;LMi;
NGC2923;NGC2923;Galaxie;144.016;16.7604;15.64;0.53;0.31;Leo;
NGC2924;NGC2924;Galaxie;143.795;-16.3984;13.36;2.04;1.62;Hya;
NGC2925;NGC2925;Amas ouvert;143.2955;-53.396;8.3;7.5;7.5;Vel;
NGC2926;NGC2926;Galaxie;144.3792;32.8414;14.44;0.83;0.74;Leo;
NGC2927;NGC2927;Galaxie;144.3133;23.5906;13.96;1.31;0.78;Leo;
NGC2928;NGC2928;Galaxie;144.292;16.9772;14.88;1.21;0.7;Leo;
NGC2929;NGC2929;Galaxie;144.3742;23.1617;14.48;1.1;0.38;Leo;
NGC2930;NGC2930;Galaxie;144.3858;23.2025;14.92;0.5;0.22;Leo;
NGC2931;NGC2931;Galaxie;144.4069;23.2408;14.84;0.75;0.54;Leo;
NGC2932;NGC2932;Amas ouvert;143.9651;-46.9245;;4.8;4.8;Vel;
NGC2933;NGC2933;Galaxie;144.4792;17.0147;15.02;0.97;0.31;Leo;
NGC2934;NGC2934;Galaxie;144.4798;17.0545;17.08;0.44;0.31;Leo;
NGC2935;NGC2935;Galaxie;144.1869;-21.1281;11.19;4.21;3.16;Hya;
NGC2936;NGC2936;Galaxie;144.434;2.7608;13.08;0.94;0.52;Hya;
NGC2937;NGC2937;Galaxie;144.4376;2.7474;13.66;0.75;0.54;Hya;
NGC2938;NGC2938;Galaxie;144.5991;76.3196;14.33;1.24;0.85;Dra;
NGC2939;NGC2939;Galaxie;144.5336;9.5215;13.56;2.12;0.74;Leo;
NGC2940;NGC2940;Galaxie;144.5216;9.6167;14.77;0.97;0.77;Leo;
NGC2941;NGC2941;Galaxie;144.6009;17.0444;15.08;0.7;0.57;Leo;
NGC2942;NGC2942;Galaxie;144.7832;34.0063;12.89;1.67;1.32;LMi;
NGC2943;NGC2943;Galaxie;144.637;17.0313;13.75;2.16;1.08;Leo;
NGC2944;NGC2944;Galaxie;144.8258;32.3083;;1;1;Leo;
NGC2944 NED01;NGC2944 NED01;Galaxie;144.8255;32.3104;14.88;0.91;0.29;Leo;
NGC2944 NED02;NGC2944 NED02;Galaxie;144.8317;32.306;17.64;0.32;0.19;Leo;
NGC2945;NGC2945;Galaxie;144.4214;-22.0351;13.34;1.66;1.31;Hya;
NGC2946;NGC2946;Galaxie;144.7566;17.0253;14.79;1.1;0.34;Leo;
NGC2947;NGC2947;Galaxie;144.0241;-12.4367;12.76;1.63;1.2;Hya;
NGC2948;NGC2948;Galaxie;144.7466;6.9554;13.75;1.43;0.78;Leo;
NGC2949;NGC2949;Galaxie;144.9844;16.7874;15.5;0.42;0.31;Leo;
NGC2950;NGC2950;Galaxie;145.6465;58.8513;11.03;2.62;1.65;UMa;
NGC2951;NGC2951;Galaxie;144.9183;-0.2353;15.1;1.34;0.51;Hya;
NGC2952;NGC2952;Galaxie;144.4041;-10.1834;15.11;0.8;0.55;Hya;
NGC2953;NGC2953;Autre;145.0793;14.8327;;;;Leo;
NGC2954;NGC2954;Galaxie;145.1003;14.9226;12.39;1.43;0.99;Leo;
NGC2955;NGC2955;Galaxie;145.3193;35.8823;12.89;1.59;0.87;LMi;
NGC2956;NGC2956;Galaxie;144.821;-19.1011;15.3;0.86;0.38;Hya;
NGC2957;NGC2957;Galaxie;146.8204;72.985;;1;1;Dra;
NGC2957 NED01;NGC2957 NED01;Galaxie;146.8157;72.9861;16;0.91;0.33;Dra;
NGC2957A;NGC2957A;Galaxie;146.825;72.9841;15.35;0.77;0.34;Dra;
NGC2958;NGC2958;Galaxie;145.1734;11.8884;13.96;0.98;0.72;Leo;
NGC2959;NGC2959;Galaxie;146.2874;68.5946;12.69;1.38;1.17;UMa;
NGC2960;NGC2960;Galaxie;145.1516;3.577;15;1.11;0.86;Hya;
NGC2961;NGC2961;Galaxie;146.3436;68.6083;14.7;0.86;0.32;UMa;
NGC2962;NGC2962;Galaxie;145.2247;5.1658;11.88;2.31;1.16;Hya;
NGC2963;NGC2963;Galaxie;146.9601;72.9644;14.24;1.18;0.64;Dra;
NGC2964;NGC2964;Galaxie;145.726;31.8474;11.37;2.92;2.18;Leo;
NGC2965;NGC2965;Galaxie;145.8298;36.2478;14.7;1.3;0.92;LMi;
NGC2966;NGC2966;Galaxie;145.5478;4.6731;14.23;2.12;0.68;Sex;
NGC2967;NGC2967;Galaxie;145.5137;0.3364;11.61;2.14;2.01;Sex;
NGC2968;NGC2968;Galaxie;145.8;31.9287;11.73;2.48;1.63;Leo;
NGC2969;NGC2969;Galaxie;145.4771;-8.603;13.73;1.32;0.6;Sex;
NGC2970;NGC2970;Galaxie;145.8795;31.977;13.64;0.85;0.75;Leo;
NGC2971;NGC2971;Galaxie;145.9422;36.1794;14.83;1.13;0.78;LMi;
NGC2972;NGC2972;Amas ouvert;145.048;-50.3209;9.9;3.6;3.6;Vel;
NGC2973;NGC2973;Autre;145.3948;-30.0484;;;;Ant;
NGC2974;NGC2974;Galaxie;145.6387;-3.6991;10.89;3.48;2.13;Sex;
NGC2975;NGC2975;Galaxie;145.317;-16.6744;15.79;0.84;0.63;Hya;
NGC2976;NGC2976;Galaxie;146.8144;67.9164;10.16;5.77;3.01;UMa;
NGC2977;NGC2977;Galaxie;145.9429;74.8602;13.27;2.08;1.05;Dra;
NGC2978;NGC2978;Galaxie;145.82;-9.7459;13.97;1.07;0.87;Sex;
NGC2979;NGC2979;Galaxie;145.786;-10.3833;14;2.06;1.25;Sex;
NGC2980;NGC2980;Galaxie;145.7999;-9.6124;12.99;1.79;0.86;Sex;
NGC2981;NGC2981;Galaxie;146.2357;31.0978;14.82;1.06;0.7;Leo;
NGC2982;NGC2982;Amas ouvert;145.5003;-44.0271;;;;Vel;
NGC2983;NGC2983;Galaxie;145.9213;-20.4772;11.87;2.37;1.16;Hya;
NGC2984;NGC2984;Galaxie;145.9183;11.0609;14.3;0.85;0.83;Leo;
NGC2985;NGC2985;Galaxie;147.5926;72.2786;10.51;3.61;2.92;UMa;
NGC2986;NGC2986;Galaxie;146.0668;-21.278;10.64;4.81;3.85;Hya;
NGC2987;NGC2987;Galaxie;146.4228;4.9418;13.93;1.31;0.6;Sex;
NGC2988;NGC2988;Galaxie;146.6999;22.0121;15.28;0.91;0.33;Leo;
NGC2989;NGC2989;Galaxie;146.3551;-18.3739;13.37;1.69;1.16;Hya;
NGC2990;NGC2990;Galaxie;146.5715;5.7088;12.76;0.93;0.44;Sex;
NGC2991;NGC2991;Galaxie;146.7088;22.0139;12.64;0.99;0.8;Leo;
NGC2992;NGC2992;Galaxie;146.4252;-14.3264;13.1;2.92;0.69;Hya;
NGC2993;NGC2993;Galaxie;146.4514;-14.3683;12.64;1.36;1.13;Hya;
NGC2994;NGC2994;Galaxie;146.8171;22.0895;13.08;0.95;0.52;Leo;
NGC2995;NGC2995;Amas ouvert;145.9962;-54.5969;;;;Vel;
NGC2996;NGC2996;Galaxie;146.6258;-21.5716;13.66;1.36;1.36;Hya;
NGC2997;NGC2997;Galaxie;146.4116;-31.1911;9.41;10.26;6.21;Ant;
NGC2998;NGC2998;Galaxie;147.1818;44.0814;12.54;2.44;1.23;UMa;
NGC3000;NGC3000;Autre;147.2137;44.1303;;;;UMa;
NGC3001;NGC3001;Galaxie;146.5778;-30.4375;11.57;3.02;2.26;Ant;
NGC3002;NGC3002;Autre;147.2393;44.0572;;;;UMa;
NGC3003;NGC3003;Galaxie;147.1502;33.4215;11.78;4.74;1.06;LMi;
NGC3004;NGC3004;Autre;147.2602;44.111;;;;UMa;
NGC3005;NGC3005;Galaxie;147.312;44.1313;14.94;1.14;0.3;UMa;
NGC3006;NGC3006;Galaxie;147.3222;44.0258;15.57;0.82;0.29;UMa;
NGC3007;NGC3007;Galaxie;146.9401;-6.4382;14.41;1.61;0.78;Sex;
NGC3008;NGC3008;Galaxie;147.3927;44.1027;15.23;0.75;0.47;UMa;
NGC3009;NGC3009;Galaxie;147.5464;44.2951;14.31;0.77;0.74;UMa;
NGC3010;NGC3010;Galaxie;147.6381;44.3144;16.23;0.98;0.58;UMa;
NGC3010A;NGC3010A;Galaxie;147.644;44.3234;14.87;0.39;0.2;UMa;
NGC3010C;NGC3010C;Galaxie;147.6641;44.331;15.59;0.68;0.51;UMa;
NGC3011;NGC3011;Galaxie;147.4217;32.2211;14.35;0.82;0.69;Leo;
NGC3012;NGC3012;Galaxie;147.4671;34.7141;14.7;1.24;1.18;LMi;
NGC3013;NGC3013;Galaxie;147.539;33.5693;15.57;0.81;0.56;LMi;
NGC3014;NGC3014;Galaxie;147.2819;-4.7429;14.76;0.93;0.49;Sex;
NGC3015;NGC3015;Galaxie;147.3455;1.1454;14.27;0.53;0.4;Sex;
NGC3016;NGC3016;Galaxie;147.4611;12.6952;13.7;1.12;0.95;Leo;
NGC3017;NGC3017;Galaxie;147.2627;-2.8218;14.41;1.02;0.88;Sex;
NGC3018;NGC3018;Galaxie;147.4227;0.6213;13.88;1.17;0.54;Sex;
NGC3019;NGC3019;Galaxie;147.53;12.7461;15.11;0.76;0.49;Leo;
NGC3020;NGC3020;Galaxie;147.5275;12.8136;13.28;2.34;1.28;Leo;
NGC3021;NGC3021;Galaxie;147.7381;33.5536;12.42;1.36;0.81;LMi;
NGC3022;NGC3022;Galaxie;147.4135;-5.1666;14.46;1.7;1.56;Sex;
NGC3023;NGC3023;Galaxie;147.4691;0.6182;12.7;1.82;0.94;Sex;
NGC3024;NGC3024;Galaxie;147.6141;12.7655;13.8;1.71;0.5;Leo;
NGC3025;NGC3025;Galaxie;147.3711;-21.7423;13.95;1.59;1.05;Hya;
NGC3026;NGC3026;Galaxie;147.7307;28.5511;13.78;2.22;0.6;Leo;
NGC3027;NGC3027;Galaxie;148.9192;72.2036;11.76;3.35;1.27;UMa;
NGC3028;NGC3028;Galaxie;147.476;-19.1842;13.56;1.08;0.84;Hya;
NGC3029;NGC3029;Galaxie;147.2251;-8.0509;14.01;1.35;0.87;Sex;
NGC3030;NGC3030;Galaxie;147.5438;-12.2264;14.41;1.24;0.92;Hya;
NGC3031;NGC3031;Galaxie;148.8882;69.0653;6.92;21.63;11.25;UMa;Bode's Galaxy
NGC3032;NGC3032;Galaxie;148.034;29.2362;13.09;1.43;1.31;Leo;
NGC3033;NGC3033;Amas ouvert;147.146;-56.4301;8.8;4.8;4.8;Vel;
NGC3034;NGC3034;Galaxie;148.9697;69.6794;8.3;10.99;5.11;UMa;Cigar Galaxy
NGC3035;NGC3035;Galaxie;147.9793;-6.8229;13.5;1.47;1.19;Sex;
NGC3036;NGC3036;Amas ouvert;147.3162;-62.6756;;4.8;4.8;Car;
NGC3037;NGC3037;Galaxie;147.8501;-27.0111;13.72;1.29;1.13;Hya;
NGC3038;NGC3038;Galaxie;147.8144;-32.7526;11.69;2.8;1.69;Ant;
NGC3039;NGC3039;Galaxie;148.1236;2.1544;14.25;1.32;0.69;Sex;
NGC3040;NGC3040;Galaxie;148.2679;19.4372;;1.8;1.8;Leo;
NGC3040 NED01;NGC3040 NED01;Galaxie;148.2644;19.4426;15.64;0.87;0.39;Leo;
NGC3040 NED02;NGC3040 NED02;Galaxie;148.2713;19.4322;14.36;1.51;0.91;Leo;
NGC3041;NGC3041;Galaxie;148.2798;16.6777;11.55;3.22;2.07;Leo;
NGC3042;NGC3042;Galaxie;148.3342;0.6977;13.97;1.02;0.74;Sex;
NGC3043;NGC3043;Galaxie;149.0619;59.3071;13.38;1.66;0.61;UMa;
NGC3044;NGC3044;Galaxie;148.4203;1.5796;11.94;4.2;0.7;Sex;
NGC3045;NGC3045;Galaxie;148.3236;-18.6451;13.77;1.43;0.64;Hya;
NGC3047;NGC3047;Galaxie;148.6279;-1.2897;;1.2;1.2;Sex;
NGC3047A;NGC3047A;Galaxie;148.6336;-1.2909;14.54;0.6;0.6;Sex;
NGC3047B;NGC3047B;Galaxie;148.6229;-1.2881;14.89;0.59;0.45;Sex;
NGC3048;NGC3048;Galaxie;148.7383;16.4578;;1;1;Leo;
NGC3048 NED01;NGC3048 NED01;Galaxie;148.7352;16.4563;15.45;0.71;0.4;Leo;
NGC3048 NED02;NGC3048 NED02;Galaxie;148.7418;16.4596;16.73;0.41;0.28;Leo;
NGC3049;NGC3049;Galaxie;148.7065;9.2711;13.53;2.11;1.22;Leo;
NGC3051;NGC3051;Galaxie;148.4943;-27.2863;15;2.2;1.39;Ant;
NGC3052;NGC3052;Galaxie;148.6164;-18.6389;12.36;2.15;1.42;Hya;
NGC3053;NGC3053;Galaxie;148.89;16.4329;13.64;1.59;0.7;Leo;
NGC3054;NGC3054;Galaxie;148.6192;-25.7034;11.48;3.56;2.18;Hya;
NGC3055;NGC3055;Galaxie;148.8252;4.27;12.06;1.96;1.11;Sex;
NGC3056;NGC3056;Galaxie;148.637;-28.2982;11.7;2.26;1.39;Ant;
NGC3057;NGC3057;Galaxie;151.414;80.2857;13.09;1.45;0.92;Dra;
NGC3058;NGC3058;Galaxie;148.399;-12.4816;;1.4;1.4;Hya;
NGC3058 NED01;NGC3058 NED01;Galaxie;148.3965;-12.4791;;0.62;0.35;Hya;
NGC3058 NED02;NGC3058 NED02;Galaxie;148.4007;-12.4821;14.55;1.26;0.48;Hya;
NGC3059;NGC3059;Galaxie;147.534;-73.9222;11.3;3.8;3.56;Car;
NGC3060;NGC3060;Galaxie;149.08;16.8312;13.75;2.02;0.42;Leo;
NGC3061;NGC3061;Galaxie;149.05;75.8665;13.48;1.58;1.23;Dra;
NGC3062;NGC3062;Galaxie;149.1491;1.4286;15.17;0.83;0.4;Sex;
NGC3063;NGC3063;Autre;150.424;72.1178;;;;UMa;
NGC3064;NGC3064;Galaxie;148.9227;-6.3639;14.98;1.15;0.33;Sex;
NGC3065;NGC3065;Galaxie;150.4801;72.1703;13.12;1.87;1.78;UMa;
NGC3066;NGC3066;Galaxie;150.5461;72.1254;12.89;1.12;1.06;UMa;
NGC3067;NGC3067;Galaxie;149.5878;32.3699;12.13;2.06;0.66;Leo;
NGC3068;NGC3068;Galaxie;149.6671;28.8776;14.05;0.87;0.7;Leo;
NGC3069;NGC3069;Galaxie;149.4862;10.4324;15.02;0.86;0.37;Leo;
NGC3070;NGC3070;Galaxie;149.529;10.3598;12.29;1.55;1.28;Leo;
NGC3071;NGC3071;Galaxie;149.7208;31.6203;15.35;0.66;0.46;Leo;
NGC3072;NGC3072;Galaxie;149.3495;-19.355;13.83;1.82;0.62;Hya;
NGC3073;NGC3073;Galaxie;150.217;55.6188;13.43;1.2;1.07;UMa;
NGC3074;NGC3074;Galaxie;149.9217;35.3928;12.83;1.96;1.69;LMi;
NGC3075;NGC3075;Galaxie;149.7342;14.4205;14.42;1.5;0.64;Leo;
NGC3076;NGC3076;Galaxie;149.4067;-18.1787;14.11;0.87;0.84;Hya;
NGC3077;NGC3077;Galaxie;150.8295;68.7339;9.88;5.21;4.32;UMa;
NGC3078;NGC3078;Galaxie;149.6025;-26.9267;11.16;3.04;2.48;Hya;
NGC3079;NGC3079;Galaxie;150.4908;55.6798;10.71;8.18;1.29;UMa;
NGC3080;NGC3080;Galaxie;149.9827;13.0438;15.01;0.8;0.77;Leo;
NGC3081;NGC3081;Galaxie;149.8731;-22.8263;12.9;2.67;1.59;Hya;
NGC3082;NGC3082;Galaxie;149.7211;-30.3577;13.59;2.14;0.77;Ant;
NGC3083;NGC3083;Galaxie;149.957;-2.8775;14.34;0.99;0.34;Sex;
NGC3084;NGC3084;Galaxie;149.7767;-27.1288;13.2;1.66;1.23;Ant;
NGC3085;NGC3085;Galaxie;149.8716;-19.4923;12.92;1.24;0.41;Hya;
NGC3086;NGC3086;Galaxie;150.0458;-2.9762;14.66;1.16;0.4;Sex;
NGC3087;NGC3087;Galaxie;149.7861;-34.2252;11.43;2.28;2.02;Ant;
NGC3088;NGC3088;Galaxie;150.2879;22.4036;;2;2;Leo;
NGC3088A;NGC3088A;Galaxie;150.28;22.4032;14.4;1.35;0.83;Leo;
NGC3088B;NGC3088B;Galaxie;150.2904;22.4023;15.95;0.93;0.26;Leo;
NGC3089;NGC3089;Galaxie;149.9028;-28.3314;13.23;1.95;1.13;Ant;
NGC3090;NGC3090;Galaxie;150.126;-2.969;12.58;1.63;1.3;Sex;
NGC3091;NGC3091;Galaxie;150.0595;-19.637;11;3.69;2.18;Hya;
NGC3092;NGC3092;Galaxie;150.1976;-3.0124;14.7;1.3;0.5;Sex;
NGC3093;NGC3093;Galaxie;150.2233;-2.972;15.35;0.77;0.36;Sex;
NGC3094;NGC3094;Galaxie;150.3581;15.7701;13.43;1.34;0.98;Leo;
NGC3095;NGC3095;Galaxie;150.0243;-31.5529;11.63;3.61;1.81;Ant;
NGC3096;NGC3096;Galaxie;150.138;-19.662;13.09;1.17;1.03;Hya;
NGC3097;NGC3097;Autre;151.067;60.1258;;;;UMa;
NGC3098;NGC3098;Galaxie;150.5695;24.7111;11.96;2.33;0.5;Leo;
NGC3099;NGC3099;Galaxie;150.6523;32.7067;15.22;1.15;0.62;LMi;
NGC3100;NGC3100;Galaxie;150.1702;-31.6645;11.37;3.56;2.48;Ant;
NGC3101;NGC3101;Galaxie;150.3976;-2.9944;15.37;1.22;0.21;Sex;
NGC3102;NGC3102;Galaxie;151.1323;60.108;14.23;0.98;0.98;UMa;
NGC3104;NGC3104;Galaxie;150.989;40.7569;12.78;2.99;2.03;LMi;
NGC3105;NGC3105;Amas ouvert;150.1647;-54.7877;9.7;4.08;4.08;Vel;
NGC3106;NGC3106;Galaxie;151.0219;31.1855;12.42;0.89;0.25;LMi;
NGC3107;NGC3107;Galaxie;151.0936;13.6213;13.57;0.77;0.63;Leo;
NGC3108;NGC3108;Galaxie;150.621;-31.6774;11.47;2.54;2.22;Ant;
NGC3109;NGC3109;Galaxie;150.7787;-26.1596;10.54;16;2.74;Hya;
NGC3110;NGC3110;Galaxie;151.0088;-6.4748;13;1.87;0.9;Sex;
NGC3111;NGC3111;Galaxie;151.531;47.2626;14.12;1.42;1.34;UMa;
NGC3112;NGC3112;Galaxie;150.9966;-20.7818;15.99;1.1;0.3;Hya;
NGC3113;NGC3113;Galaxie;151.1088;-28.444;13.34;3.43;1.05;Ant;
NGC3114;NGC3114;Amas ouvert;150.6232;-60.1305;4.2;12.3;12.3;Car;
NGC3115;NGC3115;Galaxie;151.3082;-7.7186;9.09;7.1;3.01;Sex;Spindle Galaxy
NGC3116;NGC3116;Galaxie;151.6877;31.0977;15.23;0.7;0.64;LMi;
NGC3117;NGC3117;Galaxie;151.5437;2.9129;14.52;0.96;0.91;Sex;
NGC3118;NGC3118;Galaxie;151.7981;33.0274;14.31;2.08;0.44;LMi;
NGC3119;NGC3119;Galaxie;151.7161;14.3735;14.14;1.05;0.81;Leo;
NGC3120;NGC3120;Galaxie;151.346;-34.2199;12.77;1.68;1.17;Ant;
NGC3123;NGC3123;Autre;151.7577;0.0671;;;;Sex;
NGC3124;NGC3124;Galaxie;151.6662;-19.2216;12.15;2.7;2.1;Hya;
NGC3125;NGC3125;Galaxie;151.639;-29.9349;12.87;1.21;0.97;Ant;
NGC3126;NGC3126;Galaxie;152.0861;31.8627;13.53;3.1;0.66;LMi;
NGC3127;NGC3127;Galaxie;151.6035;-16.1261;14.81;1.62;0.28;Hya;
NGC3128;NGC3128;Galaxie;151.5057;-16.122;14.11;1.54;0.63;Hya;
NGC3129;NGC3129;Autre;152.0802;18.4306;;;;Leo;
NGC3130;NGC3130;Galaxie;152.0514;9.977;14.28;1.07;0.61;Leo;
NGC3131;NGC3131;Galaxie;152.1517;18.2312;13.88;2.16;0.67;Leo;
NGC3132;NGC3132;Nebuleuse;151.7572;-40.4366;9.2;0.5;0.5;Vel;Eight-Burst Nebula
NGC3133;NGC3133;Galaxie;151.8034;-11.9653;15.73;0.68;0.29;Hya;
NGC3134;NGC3134;Galaxie;153.122;12.3773;14.74;1.49;0.4;Leo;
NGC3135;NGC3135;Galaxie;152.7266;45.9504;14.33;1;0.6;UMa;
NGC3136;NGC3136;Galaxie;151.4507;-67.378;10.67;4.2;2.94;Car;
NGC3136A;NGC3136A;Galaxie;150.8858;-67.4485;15.53;1.6;0.33;Car;
NGC3136B;NGC3136B;Galaxie;152.5539;-67.0051;11.79;1.75;1.35;Car;
NGC3137;NGC3137;Galaxie;152.2812;-29.0643;11.57;5.57;3.85;Ant;
NGC3138;NGC3138;Galaxie;152.3195;-11.9567;15.58;1.1;0.21;Hya;
NGC3139;NGC3139;Galaxie;152.5216;-11.7783;14.62;1.21;0.97;Hya;
NGC3140;NGC3140;Galaxie;152.3659;-16.6282;14.07;0.96;0.68;Hya;
NGC3141;NGC3141;Galaxie;152.3329;-16.6534;16.14;0.76;0.47;Hya;
NGC3142;NGC3142;Galaxie;152.5265;-8.4797;14.48;0.86;0.3;Sex;
NGC3143;NGC3143;Galaxie;152.5166;-12.5814;14.28;0.82;0.67;Hya;
NGC3144;NGC3144;Galaxie;153.8841;74.2203;14.24;1.12;0.74;Dra;
NGC3145;NGC3145;Galaxie;152.5411;-12.4338;12;2.87;1.37;Hya;
NGC3146;NGC3146;Galaxie;152.7911;-20.8707;14.03;1.01;0.79;Hya;
NGC3147;NGC3147;Galaxie;154.2235;73.4008;11.94;4.11;3.55;Dra;
NGC3148;NGC3148;Autre;153.4326;50.4965;6.63;;;UMa;
NGC3149;NGC3149;Galaxie;150.9337;-80.4217;13.49;1.15;0.94;Cha;
NGC3150;NGC3150;Galaxie;153.3597;38.6577;15.27;1.04;0.77;LMi;
NGC3151;NGC3151;Galaxie;153.3712;38.6198;14.96;0.93;0.42;LMi;
NGC3152;NGC3152;Galaxie;153.3922;38.8432;15.32;0.74;0.65;LMi;
NGC3153;NGC3153;Galaxie;153.2104;12.6667;12.84;1.73;0.89;Leo;
NGC3154;NGC3154;Galaxie;153.2553;17.0342;14.26;0.83;0.39;Leo;
NGC3155;NGC3155;Galaxie;154.416;74.3474;13.83;1.21;0.64;Dra;
NGC3156;NGC3156;Galaxie;153.1719;3.1294;12.3;1.91;1.02;Sex;
NGC3157;NGC3157;Galaxie;152.9268;-31.6429;13.91;1.7;0.44;Ant;
NGC3158;NGC3158;Galaxie;153.4605;38.7649;11.88;2.32;1.94;LMi;
NGC3159;NGC3159;Galaxie;153.4701;38.6545;13.59;0.96;0.76;LMi;
NGC3160;NGC3160;Galaxie;153.4795;38.8428;15.02;1.25;0.25;LMi;
NGC3161;NGC3161;Galaxie;153.4967;38.6571;15.26;0.46;0.28;LMi;
NGC3162;NGC3162;Galaxie;153.3816;22.7376;11.72;2.09;1.69;Leo;
NGC3163;NGC3163;Galaxie;153.5296;38.6526;13.34;1.14;0.97;LMi;
NGC3164;NGC3164;Galaxie;153.7976;56.6721;14.52;0.8;0.57;UMa;
NGC3165;NGC3165;Galaxie;153.3804;3.375;13.87;1.17;0.54;Sex;
NGC3166;NGC3166;Galaxie;153.44;3.4247;10.62;4.5;2.84;Sex;
NGC3167;NGC3167;Autre;153.6495;29.5963;;;;LMi;
NGC3168;NGC3168;Galaxie;154.0959;60.2349;14.46;0.91;0.79;UMa;
NGC3169;NGC3169;Galaxie;153.5627;3.4661;10.89;4.34;2.65;Sex;
NGC3170;NGC3170;Autre;154.0605;46.6124;;;;UMa;
NGC3171;NGC3171;Galaxie;153.9034;-20.6474;14.05;1.87;1.25;Hya;
NGC3172;NGC3172;Galaxie;176.8083;89.0931;15;1.14;1;UMi;Polarissima Borealis
NGC3173;NGC3173;Galaxie;153.6453;-27.6928;13.68;1.9;1.71;Ant;
NGC3175;NGC3175;Galaxie;153.6755;-28.8721;11.26;5.25;1.95;Ant;
NGC3176;NGC3176;Autre;153.8231;-19.0326;;;;Hya;
NGC3177;NGC3177;Galaxie;154.1423;21.1231;12.37;1.44;1.1;Leo;
NGC3178;NGC3178;Galaxie;154.0382;-15.7913;13.68;1.47;0.93;Hya;
NGC3179;NGC3179;Galaxie;154.4884;41.1143;14.08;1.86;0.41;UMa;
NGC3180;NGC3180;Nebuleuse;154.5403;41.445;;;;UMa;
NGC3181;NGC3181;Nebuleuse;154.548;41.4127;15.79;2.84;0.83;UMa;
NGC3182;NGC3182;Galaxie;154.8876;58.2057;12.95;1.92;1.59;UMa;
NGC3183;NGC3183;Galaxie;155.4542;74.1769;12.67;2.22;1.38;Dra;
NGC3184;NGC3184;Galaxie;154.5702;41.4241;9.84;7.4;7.18;UMa;
NGC3185;NGC3185;Galaxie;154.4107;21.6883;12.2;2.15;1.23;Leo;
NGC3186;NGC3186;Galaxie;153.9725;6.9638;15.04;1.08;1.08;Leo;
NGC3187;NGC3187;Galaxie;154.4494;21.8733;13.28;2.24;0.74;Leo;
NGC3188;NGC3188;Galaxie;154.9284;57.4235;15;0.84;0.63;UMa;
NGC3188A;NGC3188A;Galaxie;154.9095;57.4186;16.86;0.44;0.21;UMa;
NGC3189;NGC3189;Galaxie;154.5235;21.8323;11.05;3.64;1.22;Leo;
NGC3191;NGC3191;Galaxie;154.7714;46.4541;14.01;0.71;0.52;UMa;
NGC3193;NGC3193;Galaxie;154.6038;21.894;11.02;2.36;2.16;Leo;
NGC3195;NGC3195;Nebuleuse;152.3374;-80.8586;11.6;0.7;0.7;Cha;
NGC3196;NGC3196;Galaxie;154.7043;27.6689;16.08;0.46;0.26;Leo;
NGC3197;NGC3197;Galaxie;153.6153;77.8203;14.44;1.11;0.8;Dra;
NGC3198;NGC3198;Galaxie;154.979;45.5496;10.38;6.46;1.84;UMa;
NGC3199;NGC3199;Nebuleuse;154.3518;-57.9222;;20;15;Car;
NGC3200;NGC3200;Galaxie;154.6523;-17.9825;12.1;4.07;1.14;Hya;
NGC3201;NGC3201;Amas globulaire;154.4032;-46.4112;8.24;9.6;9.6;Vel;
NGC3202;NGC3202;Galaxie;155.1322;43.0216;14.09;1.27;0.81;UMa;
NGC3203;NGC3203;Galaxie;154.891;-26.6989;12.13;3.16;0.64;Hya;
NGC3204;NGC3204;Galaxie;155.0462;27.8171;14.63;1.25;0.88;Leo;
NGC3205;NGC3205;Galaxie;155.2082;42.9721;14.31;1.31;1.11;UMa;
NGC3206;NGC3206;Galaxie;155.4483;56.9304;13.29;2.3;1.17;UMa;
NGC3207;NGC3207;Galaxie;155.2523;42.9853;14.33;1.24;0.83;UMa;
NGC3208;NGC3208;Galaxie;154.922;-25.8148;12.89;1.78;1.55;Hya;
NGC3209;NGC3209;Galaxie;155.1601;25.505;13.85;1.57;1.21;Leo;
NGC3210;NGC3210;Autre;156.9967;79.8325;;;;Dra;
NGC3211;NGC3211;Nebuleuse;154.4605;-62.6701;10.7;0.27;0.27;Car;
NGC3212;NGC3212;Galaxie;157.0686;79.8234;14.32;0.83;0.75;Dra;
NGC3213;NGC3213;Galaxie;155.3223;19.6518;14.21;1.05;0.83;Leo;
NGC3214;NGC3214;Galaxie;155.7866;57.0391;15.01;1.08;0.45;UMa;
NGC3215;NGC3215;Galaxie;157.1691;79.8131;13.95;0.95;0.52;Dra;
NGC3216;NGC3216;Galaxie;155.4218;23.9231;14.46;1.71;1.07;Leo;
NGC3217;NGC3217;Galaxie;155.8859;10.9597;15.21;0.53;0.4;Leo;
NGC3219;NGC3219;Galaxie;155.656;38.5792;14.21;1.08;0.63;LMi;
NGC3220;NGC3220;Galaxie;155.9361;57.0269;13.95;1.18;0.48;UMa;
NGC3221;NGC3221;Galaxie;155.5832;21.5696;14.05;1.7;0.76;Leo;
NGC3222;NGC3222;Galaxie;155.6438;19.887;12.79;1.12;1.01;Leo;
NGC3223;NGC3223;Galaxie;155.3962;-34.2668;10.96;4.28;2.79;Ant;
NGC3224;NGC3224;Galaxie;155.4216;-34.6968;12.21;1.72;1.41;Ant;
NGC3225;NGC3225;Galaxie;156.2912;58.15;13.66;1.65;0.75;UMa;
NGC3226;NGC3226;Galaxie;155.8625;19.8985;12.95;3.13;2.26;Leo;
NGC3227;NGC3227;Galaxie;155.8774;19.8651;11.72;3.98;1.86;Leo;
NGC3228;NGC3228;Amas ouvert;155.3427;-51.7226;6;6.6;6.6;Vel;
NGC3229;NGC3229;Autre;155.8515;0.0648;;;;Sex;
NGC3230;NGC3230;Galaxie;155.9332;12.5678;14.79;2.02;0.64;Leo;
NGC3231;NGC3231;Amas ouvert;156.741;66.8152;;;;UMa;
NGC3232;NGC3232;Galaxie;156.101;28.0261;15.5;0.85;0.69;LMi;
NGC3233;NGC3233;Galaxie;155.4894;-22.2677;13.54;1.52;0.64;Hya;
NGC3234;NGC3234;Galaxie;156.2471;28.0239;14.46;1.34;0.96;LMi;
NGC3236;NGC3236;Galaxie;156.7021;61.2729;15.12;0.95;0.67;UMa;
NGC3237;NGC3237;Galaxie;156.4304;39.6464;14.08;1.07;1.04;UMa;
NGC3238;NGC3238;Galaxie;156.6791;57.2263;13.96;1.11;0.91;UMa;
NGC3239;NGC3239;Galaxie;156.2704;17.1636;11.4;3.61;2.71;Leo;
NGC3240;NGC3240;Galaxie;156.1276;-21.791;13.91;1.19;1.03;Hya;
NGC3241;NGC3241;Galaxie;156.0707;-32.4826;12.99;2.29;1.55;Ant;
NGC3242;NGC3242;Nebuleuse;156.192;-18.6422;7.7;0.42;0.42;Hya;Jupiter's Ghost Nebula
NGC3243;NGC3243;Galaxie;156.5895;-2.6222;14.47;1.73;1.19;Sex;
NGC3244;NGC3244;Galaxie;156.3702;-39.8276;12.32;2.18;1.46;Ant;
NGC3245;NGC3245;Galaxie;156.8266;28.5074;10.75;3.61;2.3;LMi;
NGC3245A;NGC3245A;Galaxie;156.7547;28.6393;15.23;2.32;0.3;LMi;
NGC3246;NGC3246;Galaxie;156.6742;3.8619;13.73;1.94;0.95;Sex;
NGC3247;NGC3247;Nebuleuse;156.0583;-57.7633;7.6;5;5;Car;
NGC3248;NGC3248;Galaxie;156.9393;22.8472;13.81;1.7;0.94;Leo;
NGC3249;NGC3249;Galaxie;156.5925;-34.9637;13.86;1.57;1.4;Ant;
NGC3250;NGC3250;Galaxie;156.6345;-39.9439;11.02;2.96;2.2;Ant;
NGC3250A;NGC3250A;Galaxie;156.9739;-40.0813;15.66;1.62;0.32;Ant;
NGC3250B;NGC3250B;Galaxie;156.9365;-40.435;12.63;2.77;0.8;Vel;
NGC3250C;NGC3250C;Galaxie;156.927;-40.0026;14.23;1.91;0.7;Ant;
NGC3250D;NGC3250D;Galaxie;156.9914;-39.8148;14.37;1.89;0.33;Ant;
NGC3250E;NGC3250E;Galaxie;157.2529;-40.0828;13.26;1.82;1.45;Ant;
NGC3251;NGC3251;Galaxie;157.3202;26.0992;14.07;2.06;0.5;Leo;
NGC3252;NGC3252;Galaxie;158.5964;73.765;14.1;1.87;0.66;Dra;
NGC3253;NGC3253;Galaxie;157.1138;12.7041;13.59;1.15;1.07;Leo;
NGC3254;NGC3254;Galaxie;157.3331;29.4918;11.66;2.34;1.12;LMi;
NGC3255;NGC3255;Amas ouvert;156.6307;-60.6752;11;4.8;4.8;Car;
NGC3256;NGC3256;Galaxie;156.9636;-43.9037;11.58;3.29;2.26;Vel;
NGC3256A;NGC3256A;Galaxie;156.4627;-43.7481;15.06;1.33;0.65;Vel;
NGC3256B;NGC3256B;Galaxie;157.2545;-44.4029;13.79;2.1;0.61;Vel;
NGC3256C;NGC3256C;Galaxie;157.2739;-43.8493;13.32;1.91;1.3;Vel;
NGC3257;NGC3257;Galaxie;157.1963;-35.6581;13.12;1.08;0.87;Ant;
NGC3258;NGC3258;Galaxie;157.2232;-35.6055;11.41;2.94;2.34;Ant;
NGC3258A;NGC3258A;Galaxie;157.0798;-35.4545;13.24;1.22;0.44;Ant;
NGC3258B;NGC3258B;Galaxie;157.6054;-35.5636;15.54;1.06;0.35;Ant;
NGC3258C;NGC3258C;Galaxie;157.8506;-35.2205;14.6;1.11;0.74;Ant;
NGC3258D;NGC3258D;Galaxie;157.9822;-35.4098;13.98;1.98;0.84;Ant;
NGC3258E;NGC3258E;Galaxie;158.1038;-34.9984;15.41;1.57;0.37;Ant;
NGC3259;NGC3259;Galaxie;158.1452;65.0411;12.72;1.72;0.9;UMa;
NGC3260;NGC3260;Galaxie;157.2766;-35.5952;12.67;1.41;1.22;Ant;
NGC3261;NGC3261;Galaxie;157.2561;-44.6568;11.41;3.65;2.84;Vel;
NGC3262;NGC3262;Galaxie;157.276;-44.1597;13.13;1.17;0.91;Vel;
NGC3263;NGC3263;Galaxie;157.3057;-44.1229;12.15;7.83;1.84;Vel;
NGC3264;NGC3264;Galaxie;158.0821;56.0853;13.16;2.09;0.62;UMa;
NGC3265;NGC3265;Galaxie;157.7782;28.7967;13.54;0.97;0.71;LMi;
NGC3266;NGC3266;Galaxie;158.3234;64.7494;13.46;1.39;1.21;UMa;
NGC3267;NGC3267;Galaxie;157.4525;-35.3224;13.35;1.55;0.73;Ant;
NGC3268;NGC3268;Galaxie;157.5028;-35.3255;11.41;3.5;2.62;Ant;
NGC3269;NGC3269;Galaxie;157.4878;-35.2244;12.26;2.51;1.02;Ant;
NGC3270;NGC3270;Galaxie;157.8749;24.8694;13.05;2.34;0.62;Leo;
NGC3271;NGC3271;Galaxie;157.6104;-35.3595;11.73;3.01;1.67;Ant;
NGC3272;NGC3272;Autre;157.9506;28.4688;;;;LMi;
NGC3273;NGC3273;Galaxie;157.6215;-35.6106;12.48;1.91;0.88;Ant;
NGC3274;NGC3274;Galaxie;158.072;27.6688;12.84;1.63;0.81;Leo;
NGC3275;NGC3275;Galaxie;157.7158;-36.737;11.65;2.81;2.05;Ant;
NGC3276;NGC3276;Galaxie;157.7883;-39.9447;14.46;1.26;0.74;Ant;
NGC3277;NGC3277;Galaxie;158.231;28.5117;11.65;2.11;1.59;LMi;
NGC3278;NGC3278;Galaxie;157.8975;-39.9546;13.09;1.35;1.04;Ant;
NGC3279;NGC3279;Galaxie;158.6783;11.1973;13.87;2.48;0.41;Leo;
NGC3280;NGC3280;Galaxie;158.1886;-12.6362;;1.4;1.4;Hya;
NGC3280A;NGC3280A;Galaxie;158.1932;-12.6346;15.95;0.65;0.57;Hya;
NGC3280B;NGC3280B;Galaxie;158.1825;-12.6373;15.13;1.02;0.58;Hya;
NGC3280C;NGC3280C;Galaxie;158.1898;-12.6372;16.02;1.23;0.54;Hya;
NGC3281;NGC3281;Galaxie;157.967;-34.8537;11.95;3.1;1.27;Ant;
NGC3281A;NGC3281A;Galaxie;157.9928;-35.1985;14.44;1.25;0.89;Ant;
NGC3281B;NGC3281B;Galaxie;157.9673;-35.2049;15.14;1.31;0.64;Ant;
NGC3281C;NGC3281C;Galaxie;158.2481;-34.8862;14.38;1.13;0.41;Ant;
NGC3281D;NGC3281D;Galaxie;158.5793;-34.4034;14.66;2.06;0.39;Ant;
NGC3282;NGC3282;Galaxie;158.0913;-22.3023;14.06;1.77;0.65;Hya;
NGC3283;NGC3283;Galaxie;157.7983;-46.2513;11.74;2.86;2.07;Vel;
NGC3284;NGC3284;Galaxie;159.0885;58.6202;13.67;1.36;0.83;UMa;
NGC3285;NGC3285;Galaxie;158.3993;-27.4544;11.98;2.97;1.52;Hya;
NGC3285A;NGC3285A;Galaxie;158.2032;-27.5224;13.84;1.21;0.87;Hya;
NGC3285B;NGC3285B;Galaxie;158.6537;-27.6529;13.2;1.64;1.04;Hya;
NGC3287;NGC3287;Galaxie;158.6971;21.6483;12.83;1.78;0.85;Leo;
NGC3288;NGC3288;Galaxie;159.107;58.5562;13.99;0.89;0.7;UMa;
NGC3289;NGC3289;Galaxie;158.531;-35.3234;12.55;1.99;0.47;Ant;
NGC3290;NGC3290;Galaxie;158.8226;-17.2768;14.44;1.05;0.6;Hya;
NGC3291;NGC3291;Autre;159.027;37.2744;;;;LMi;
NGC3292;NGC3292;Galaxie;158.8935;-6.1796;14.79;1.11;0.85;Sex;
NGC3293;NGC3293;Amas ouvert;158.9532;-58.2245;4.7;5.1;5.1;Car;
NGC3294;NGC3294;Galaxie;159.0677;37.3247;11.68;3.08;1.6;LMi;
NGC3296;NGC3296;Galaxie;158.1892;-12.7174;14.89;1.11;0.99;Hya;
NGC3297;NGC3297;Galaxie;158.2992;-12.6718;15.56;0.87;0.51;Hya;
NGC3298;NGC3298;Galaxie;159.3012;50.1206;14.8;1.1;0.7;UMa;
NGC3299;NGC3299;Galaxie;159.0992;12.7074;14;1.79;1.32;Leo;
NGC3300;NGC3300;Galaxie;159.1602;14.1711;13.32;1.53;0.78;Leo;
NGC3301;NGC3301;Galaxie;159.2335;21.8821;11.41;3.63;1.06;Leo;
NGC3302;NGC3302;Galaxie;158.9476;-32.3585;13.59;1.93;1.28;Ant;
NGC3303;NGC3303;Galaxie;159.2492;18.1367;;1.2;1.2;Leo;
NGC3303 NED01;NGC3303 NED01;Galaxie;159.2477;18.1377;15.61;0.59;0.35;Leo;
NGC3303 NED02;NGC3303 NED02;Galaxie;159.25;18.1359;14.5;1.1;0.74;Leo;
NGC3304;NGC3304;Galaxie;159.408;37.4556;14.34;1.55;0.53;LMi;
NGC3305;NGC3305;Galaxie;159.049;-27.1622;12.74;1.17;1.11;Hya;
NGC3306;NGC3306;Galaxie;159.2926;12.6525;13.84;1.04;0.45;Leo;
NGC3307;NGC3307;Galaxie;159.0715;-27.5297;14.4;0.95;0.32;Hya;
NGC3308;NGC3308;Galaxie;159.0933;-27.4381;12.3;1.21;0.72;Hya;
NGC3309;NGC3309;Galaxie;159.1488;-27.5184;11.74;1.82;1.57;Hya;
NGC3310;NGC3310;Galaxie;159.6911;53.5034;11.61;1.8;1.73;UMa;
NGC3311;NGC3311;Galaxie;159.1784;-27.5283;11.32;2.63;2.33;Hya;
NGC3312;NGC3312;Galaxie;159.2605;-27.5651;12.89;3.31;1.07;Hya;
NGC3313;NGC3313;Galaxie;159.356;-25.3194;11.73;2.96;2.02;Hya;
NGC3314;NGC3314;Galaxie;159.305;-27.6844;;1.2;1.2;Hya;
NGC3314A;NGC3314A;Galaxie;159.3035;-27.6839;13.11;1.17;0.64;Hya;
NGC3314B;NGC3314B;Galaxie;159.3052;-27.685;13.51;0.64;0.46;Hya;
NGC3315;NGC3315;Galaxie;159.3301;-27.1923;13.05;1.2;1.04;Hya;
NGC3316;NGC3316;Galaxie;159.4055;-27.5943;12.59;0.96;0.78;Hya;
NGC3317;NGC3317;Autre;159.4296;-27.5196;;;;Hya;
NGC3318;NGC3318;Galaxie;159.3146;-41.6276;11.5;2.52;1.36;Vel;
NGC3318A;NGC3318A;Galaxie;158.8837;-41.7409;15.84;1.29;0.58;Vel;
NGC3318B;NGC3318B;Galaxie;159.391;-41.4654;13.91;1.54;1.12;Vel;
NGC3319;NGC3319;Galaxie;159.7894;41.6867;11.37;3.63;1.77;UMa;
NGC3320;NGC3320;Galaxie;159.9022;47.3979;12.96;1.95;0.87;UMa;
NGC3321;NGC3321;Galaxie;159.7107;-11.6489;13.67;2.3;1.11;Sex;
NGC3323;NGC3323;Galaxie;159.9127;25.3227;14.34;0.95;0.52;LMi;
NGC3324;NGC3324;Amas ouvert;159.3175;-58.6196;6.7;4.8;4.8;Car;
NGC3325;NGC3325;Galaxie;159.8352;-0.2003;13;1.26;1.07;Sex;
NGC3326;NGC3326;Galaxie;159.8828;5.1076;14.22;0.97;0.87;Sex;
NGC3327;NGC3327;Galaxie;159.9914;24.0912;14.03;1.26;0.86;LMi;
NGC3328;NGC3328;Autre;159.976;9.3001;;;;Leo;
NGC3329;NGC3329;Galaxie;161.164;76.8094;12.82;1.91;1.14;Dra;
NGC3330;NGC3330;Amas ouvert;159.6893;-54.1307;7.4;5.1;5.1;Vel;
NGC3331;NGC3331;Galaxie;160.0373;-23.8204;13.97;1.19;0.95;Hya;
NGC3332;NGC3332;Galaxie;160.1182;9.1826;13.59;1.37;1.14;Leo;
NGC3333;NGC3333;Galaxie;159.9576;-36.0362;13.12;1.44;0.41;Ant;
NGC3334;NGC3334;Galaxie;160.38;37.3129;12.84;1.21;1.13;LMi;
NGC3335;NGC3335;Galaxie;159.8919;-23.9227;14.07;1.1;0.91;Hya;
NGC3336;NGC3336;Galaxie;160.0709;-27.7771;12.31;1.97;1.74;Hya;
NGC3337;NGC3337;Galaxie;160.4483;4.9884;15.07;1.16;0.57;Sex;
NGC3338;NGC3338;Galaxie;160.5314;13.747;10.88;1.23;0.71;Leo;
NGC3339;NGC3339;Autre;160.5419;-0.3692;15.4;;;Sex;
NGC3340;NGC3340;Galaxie;160.575;-0.3769;13.24;1.29;0.94;Sex;
NGC3341;NGC3341;Galaxie;160.6311;5.0438;14.84;1.07;0.31;Sex;
NGC3343;NGC3343;Galaxie;161.5435;73.3531;14.63;1.34;0.93;Dra;
NGC3344;NGC3344;Galaxie;160.8798;24.9222;9.98;6.7;6.37;LMi;
NGC3345;NGC3345;Autre;160.8834;11.9853;;;;Leo;
NGC3346;NGC3346;Galaxie;160.9121;14.8719;12.57;2.64;2.2;Leo;
NGC3347;NGC3347;Galaxie;160.694;-36.3527;11.51;4.05;1.14;Ant;
NGC3347A;NGC3347A;Galaxie;160.0859;-36.4111;13.46;2.21;0.84;Ant;
NGC3347B;NGC3347B;Galaxie;160.4992;-36.9353;13.72;2.99;0.57;Ant;
NGC3347C;NGC3347C;Galaxie;160.2237;-36.2879;14.86;1.35;0.94;Ant;
NGC3348;NGC3348;Galaxie;161.7917;72.8397;10.92;2.13;2.13;UMa;
NGC3349;NGC3349;Galaxie;160.9607;6.763;15.09;0.7;0.64;Leo;
NGC3350;NGC3350;Galaxie;161.0957;30.7249;15.29;0.65;0.6;LMi;
NGC3351;NGC3351;Galaxie;160.9904;11.7038;9.77;7.23;4.45;Leo;
NGC3352;NGC3352;Galaxie;161.0622;22.3712;12.56;1.43;0.95;Leo;
NGC3353;NGC3353;Galaxie;161.3434;55.9604;12.7;1.36;0.98;UMa;
NGC3354;NGC3354;Galaxie;160.7622;-36.3624;13.23;1.02;0.82;Ant;
NGC3355;NGC3355;Galaxie;160.3583;-23.3842;13.73;1.25;0.93;Hya;
NGC3356;NGC3356;Galaxie;161.051;6.7588;13.28;1.69;0.82;Leo;
NGC3357;NGC3357;Galaxie;161.0864;14.0845;14.1;1.03;0.83;Leo;
NGC3358;NGC3358;Galaxie;160.8876;-36.4107;11.61;3.62;1.82;Ant;
NGC3359;NGC3359;Galaxie;161.6536;63.2242;10.55;4.07;2.83;UMa;
NGC3360;NGC3360;Galaxie;161.0674;-11.2426;13.73;1.03;0.81;Sex;
NGC3361;NGC3361;Galaxie;161.1215;-11.2079;12.84;2.23;0.77;Sex;
NGC3362;NGC3362;Galaxie;161.2155;6.5967;15;1.32;1.08;Leo;
NGC3363;NGC3363;Galaxie;161.2894;22.0785;14.47;0.86;0.63;Leo;
NGC3364;NGC3364;Galaxie;162.1243;72.425;13.47;1.39;1.22;UMa;
NGC3365;NGC3365;Galaxie;161.5525;1.8133;12.57;4.04;0.69;Sex;
NGC3366;NGC3366;Galaxie;158.7845;-43.6918;11.71;2.72;1.31;Vel;
NGC3367;NGC3367;Galaxie;161.6456;13.7509;11.73;2.88;2.83;Leo;
NGC3368;NGC3368;Galaxie;161.6906;11.8199;9.21;8.26;5.51;Leo;
NGC3369;NGC3369;Galaxie;161.686;-25.2444;13.58;0.72;0.54;Hya;
NGC3370;NGC3370;Galaxie;161.7669;17.2736;12.16;2.44;1.42;Leo;
NGC3372;NGC3372;Nebuleuse;161.2855;-59.8667;3;120;120;Car;Carina Nebula
NGC3374;NGC3374;Galaxie;162.0044;43.1866;14.51;1.22;0.88;UMa;
NGC3375;NGC3375;Galaxie;161.7533;-9.9413;12.61;1.49;1.26;Sex;
NGC3376;NGC3376;Galaxie;161.8607;6.0481;14.16;1.13;0.53;Sex;
NGC3377;NGC3377;Galaxie;161.9264;13.9859;10.27;3.87;1.87;Leo;
NGC3377A;NGC3377A;Galaxie;161.8429;14.0694;13.71;1.43;1.37;Leo;
NGC3378;NGC3378;Galaxie;161.6803;-40.016;13.46;1.5;1.35;Ant;
NGC3379;NGC3379;Galaxie;161.9566;12.5816;9.27;4.89;4.25;Leo;
NGC3380;NGC3380;Galaxie;162.0508;28.6018;13.45;1.56;1.4;LMi;
NGC3381;NGC3381;Galaxie;162.1034;34.7114;12.89;2.02;1.82;LMi;
NGC3382;NGC3382;Autre;162.1043;36.7254;;;;LMi;
NGC3383;NGC3383;Galaxie;161.83;-24.4382;13.55;1.45;1.11;Hya;
NGC3384;NGC3384;Galaxie;162.0704;12.6293;9.96;5.24;2.37;Leo;
NGC3385;NGC3385;Galaxie;162.0485;4.9278;13.57;1.61;0.88;Sex;
NGC3386;NGC3386;Galaxie;162.0496;4.9986;14.57;1.06;1;Sex;
NGC3387;NGC3387;Autre;162.0697;4.9666;;;;Sex;
NGC3389;NGC3389;Galaxie;162.1163;12.5332;12.04;2.68;1.18;Leo;
NGC3390;NGC3390;Galaxie;162.0182;-31.5334;12.23;3.11;0.69;Hya;
NGC3391;NGC3391;Galaxie;162.2348;14.2198;13.3;0.87;0.56;Leo;
NGC3392;NGC3392;Galaxie;162.7625;65.7816;16.11;0.9;0.67;UMa;
NGC3393;NGC3393;Galaxie;162.0978;-25.1621;13.09;1.95;1.7;Hya;
NGC3394;NGC3394;Galaxie;162.666;65.7272;13.15;1.77;1.36;UMa;
NGC3395;NGC3395;Galaxie;162.4588;32.9829;12.06;1.6;0.89;LMi;
NGC3396;NGC3396;Galaxie;162.4795;32.9908;12.5;3.1;1.27;LMi;
NGC3398;NGC3398;Galaxie;162.881;55.391;14.42;0.86;0.32;UMa;
NGC3399;NGC3399;Galaxie;162.365;16.2186;14.48;1.52;1.38;Leo;
NGC3400;NGC3400;Galaxie;162.6895;28.4691;14.07;1.53;0.91;LMi;
NGC3401;NGC3401;Autre;162.5828;5.8115;;;;Sex;
NGC3402;NGC3402;Galaxie;162.6103;-12.8446;11.89;1.85;1.78;Hya;
NGC3403;NGC3403;Galaxie;163.4786;73.6904;13.02;2.78;1.04;Dra;
NGC3404;NGC3404;Galaxie;162.5749;-12.1087;14.06;2.06;0.6;Hya;
NGC3405;NGC3405;Galaxie;162.4325;16.2403;;1.2;1.2;Leo;
NGC3405 NED01;NGC3405 NED01;Galaxie;162.4305;16.2388;14.71;1.29;0.98;Leo;
NGC3405 NED02;NGC3405 NED02;Galaxie;162.4348;16.2422;15.56;0.66;0.5;Leo;
NGC3406;NGC3406;Galaxie;162.9342;51.0239;;1.2;1.2;UMa;
NGC3406 NED01;NGC3406 NED01;Galaxie;162.9318;51.0222;13.84;1.45;1;UMa;
NGC3406 NED02;NGC3406 NED02;Galaxie;162.9353;51.0251;14.79;1.12;0.55;UMa;
NGC3407;NGC3407;Galaxie;163.0741;61.3796;14.63;1.35;0.67;UMa;
NGC3408;NGC3408;Galaxie;163.0487;58.4381;14.23;0.85;0.72;UMa;
NGC3409;NGC3409;Galaxie;162.5848;-17.0436;15.81;1.39;0.32;Hya;
NGC3410;NGC3410;Galaxie;162.9738;51.0065;14.89;0.87;0.59;UMa;
NGC3412;NGC3412;Galaxie;162.722;13.4121;10.53;3.96;2.17;Leo;
NGC3413;NGC3413;Galaxie;162.8364;32.7664;13.12;2.02;0.85;LMi;
NGC3414;NGC3414;Galaxie;162.8175;27.9751;11.09;2.67;1.37;LMi;
NGC3415;NGC3415;Galaxie;162.9275;43.7126;12.61;1.35;0.78;UMa;
NGC3416;NGC3416;Galaxie;162.9513;43.7641;15.51;0.59;0.25;UMa;
NGC3417;NGC3417;Galaxie;162.7572;8.4735;15.21;0.81;0.52;Leo;
NGC3418;NGC3418;Galaxie;162.8498;28.112;14.28;1.1;0.94;LMi;
NGC3419;NGC3419;Galaxie;162.8239;13.946;13.84;0.75;0.63;Leo;
NGC3419A;NGC3419A;Galaxie;162.8331;14.0234;14.85;1.67;0.34;Leo;
NGC3420;NGC3420;Galaxie;162.5403;-17.2425;15.01;1.16;1.13;Hya;
NGC3421;NGC3421;Galaxie;162.7401;-12.4485;14.58;1.58;1.24;Hya;
NGC3422;NGC3422;Galaxie;162.8222;-12.4024;14.71;1.33;0.44;Crt;
NGC3423;NGC3423;Galaxie;162.8097;5.84;11.17;3.56;3.03;Sex;
NGC3424;NGC3424;Galaxie;162.943;32.9007;13.13;2.49;0.78;LMi;
NGC3425;NGC3425;Galaxie;162.8564;8.5671;14.44;1.16;1.01;Leo;
NGC3426;NGC3426;Galaxie;162.924;18.4808;13.78;1.71;1.39;Leo;
NGC3427;NGC3427;Galaxie;162.8597;8.2987;13.95;1.3;0.83;Leo;
NGC3428;NGC3428;Galaxie;162.873;9.2795;14.03;1.4;0.6;Leo;
NGC3430;NGC3430;Galaxie;163.0475;32.9504;11.81;3.99;2.22;LMi;
NGC3431;NGC3431;Galaxie;162.8127;-17.008;14.53;1.5;0.4;Crt;
NGC3432;NGC3432;Galaxie;163.1297;36.6188;11.27;7.41;2.08;LMi;
NGC3433;NGC3433;Galaxie;163.0161;10.1483;13.3;2.51;2.4;Leo;
NGC3434;NGC3434;Galaxie;162.9918;3.7921;13.47;1.45;1.09;Leo;
NGC3435;NGC3435;Galaxie;163.7014;61.2899;14.05;1.75;1.17;UMa;
NGC3436;NGC3436;Galaxie;163.1145;8.094;14.92;0.86;0.6;Leo;
NGC3437;NGC3437;Galaxie;163.149;22.9341;12.19;2.35;0.82;Leo;
NGC3438;NGC3438;Galaxie;163.1082;10.5473;14.25;0.89;0.83;Leo;
NGC3439;NGC3439;Galaxie;163.1072;8.5576;15.24;0.44;0.35;Leo;
NGC3440;NGC3440;Galaxie;163.4562;57.1187;14.06;2.03;0.47;UMa;
NGC3441;NGC3441;Galaxie;163.1297;7.2249;14.02;0.79;0.43;Leo;
NGC3442;NGC3442;Galaxie;163.2838;33.9104;13.41;0.54;0.36;LMi;
NGC3443;NGC3443;Galaxie;163.2505;17.5736;14.58;1.77;0.89;Leo;
NGC3444;NGC3444;Galaxie;163.2474;10.2106;15.52;1.36;0.16;Leo;
NGC3445;NGC3445;Galaxie;163.6479;56.9907;12.66;1.41;1.28;UMa;
NGC3446;NGC3446;Amas ouvert;163.0289;-45.1392;;7.5;7.5;Vel;
NGC3447;NGC3447;Galaxie;163.1117;16.7789;;3.6;3.6;Leo;
NGC3447A;NGC3447A;Galaxie;163.3499;16.7724;14.47;3.38;1.95;Leo;
NGC3447B;NGC3447B;Galaxie;163.3735;16.786;15.35;1.49;0.79;Leo;
NGC3448;NGC3448;Galaxie;163.6633;54.3049;11.98;2.97;0.88;UMa;
NGC3449;NGC3449;Galaxie;163.2236;-32.9276;12.98;3.66;0.96;Ant;
NGC3450;NGC3450;Galaxie;162.0151;-20.8492;11.83;2.61;2.29;Hya;
NGC3451;NGC3451;Galaxie;163.587;27.2398;13.5;1.66;0.78;LMi;
NGC3452;NGC3452;Galaxie;163.5587;-11.4051;14.8;1.25;0.31;Crt;
NGC3453;NGC3453;Galaxie;163.4187;-21.7928;13.91;1.09;0.56;Hya;
NGC3454;NGC3454;Galaxie;163.623;17.344;13.71;2.41;0.53;Leo;
NGC3455;NGC3455;Galaxie;163.6295;17.2848;12.73;2.27;1.42;Leo;
NGC3456;NGC3456;Galaxie;163.5138;-16.0277;13.33;1.75;1.26;Crt;
NGC3457;NGC3457;Galaxie;163.7026;17.6212;12.98;0.97;0.93;Leo;
NGC3458;NGC3458;Galaxie;164.0062;57.117;13.05;1.38;0.73;UMa;
NGC3459;NGC3459;Galaxie;163.6845;-17.042;14.5;1.45;0.55;Crt;
NGC3461;NGC3461;Galaxie;163.7304;17.7081;15.99;0.51;0.43;Leo;
NGC3462;NGC3462;Galaxie;163.8377;7.6968;13.36;1.76;1.16;Leo;
NGC3463;NGC3463;Galaxie;163.8057;-26.1408;13.82;1.51;0.7;Hya;
NGC3464;NGC3464;Galaxie;163.6667;-21.0666;12.63;2.37;1.55;Hya;
NGC3465;NGC3465;Galaxie;164.8803;75.1913;14.55;0.95;0.8;Dra;
NGC3466;NGC3466;Galaxie;164.0645;9.7544;14.55;1;0.56;Leo;
NGC3467;NGC3467;Galaxie;164.1837;9.7589;13.43;0.92;0.81;Leo;
NGC3468;NGC3468;Galaxie;164.3799;40.9461;14.02;1.5;0.73;UMa;
NGC3469;NGC3469;Galaxie;164.2404;-14.3008;14.28;1.56;1.05;Crt;
NGC3470;NGC3470;Galaxie;164.6871;59.5107;14.19;1.36;1.16;UMa;
NGC3471;NGC3471;Galaxie;164.7875;61.5307;12.78;1.79;0.92;UMa;
NGC3472;NGC3472;Autre;164.3427;-19.6377;;;;Crt;
NGC3473;NGC3473;Galaxie;164.5215;17.1244;14.64;1.05;0.84;Leo;
NGC3474;NGC3474;Galaxie;164.5365;17.0957;15.02;1.06;0.82;Leo;
NGC3475;NGC3475;Galaxie;164.6051;24.2263;14.54;1.13;0.7;Leo;
NGC3476;NGC3476;Galaxie;164.5317;9.2761;14.86;1.01;0.9;Leo;
NGC3477;NGC3477;Galaxie;164.5524;9.2178;15.57;1.41;0.31;Leo;
NGC3478;NGC3478;Galaxie;164.864;46.1224;12.87;2.05;0.85;UMa;
NGC3479;NGC3479;Galaxie;164.7312;-14.9614;13.91;1.53;1.07;Crt;
NGC3481;NGC3481;Galaxie;164.859;-7.5436;13.81;0.81;0.56;Crt;
NGC3482;NGC3482;Galaxie;164.6428;-46.5839;12.62;1.85;1.36;Vel;
NGC3483;NGC3483;Galaxie;164.7507;-28.477;13.24;1.79;1.35;Hya;
NGC3484;NGC3484;Autre;164.3502;-19.6333;;;;Crt;
NGC3485;NGC3485;Galaxie;165.0099;14.8416;12.24;2.17;2.05;Leo;
NGC3486;NGC3486;Galaxie;165.0995;28.9751;10.57;5.82;4.12;LMi;
NGC3487;NGC3487;Galaxie;165.194;17.5876;14.6;0.89;0.38;Leo;
NGC3488;NGC3488;Galaxie;165.3484;57.6777;13.68;1.51;0.72;UMa;
NGC3489;NGC3489;Galaxie;165.0774;13.9012;10.23;3.44;2.03;Leo;
NGC3490;NGC3490;Galaxie;164.9767;9.3619;15.25;0.89;0.72;Leo;
NGC3491;NGC3491;Galaxie;165.1475;12.1616;13.23;0.92;0.9;Leo;
NGC3492;NGC3492;Galaxie;165.2375;10.505;;1;1;Leo;
NGC3492 NED01;NGC3492 NED01;Galaxie;165.2365;10.5042;15.34;0.98;0.76;Leo;
NGC3492 NED02;NGC3492 NED02;Galaxie;165.2392;10.5055;13.14;1.17;0.76;Leo;
NGC3493;NGC3493;Galaxie;165.366;27.7196;15.08;0.98;0.34;LMi;
NGC3494;NGC3494;Autre;165.2955;3.7743;;;;Leo;
NGC3495;NGC3495;Galaxie;165.3176;3.6279;12.43;4.66;1;Leo;
NGC3496;NGC3496;Amas ouvert;164.8909;-60.3369;8.2;6;6;Car;
NGC3497;NGC3497;Galaxie;166.8253;-19.4716;13.01;2.58;1.56;Crt;
NGC3498;NGC3498;Autre;165.4258;14.3507;;;;Leo;
NGC3499;NGC3499;Galaxie;165.796;56.2217;14.2;0.83;0.71;UMa;
NGC3500;NGC3500;Galaxie;165.4645;75.2014;14.76;0.87;0.42;Dra;
NGC3501;NGC3501;Galaxie;165.697;17.9893;13.6;4.31;0.65;Leo;
NGC3503;NGC3503;Nebuleuse;165.3218;-59.8458;;3;3;Car;
NGC3504;NGC3504;Galaxie;165.7967;27.9725;12.18;2.48;2.24;LMi;
NGC3506;NGC3506;Galaxie;165.804;11.0767;13.16;1.16;1.04;Leo;
NGC3507;NGC3507;Galaxie;165.8557;18.1354;12.07;2.92;2.51;Leo;
NGC3508;NGC3508;Galaxie;165.7486;-16.2894;13.38;1;0.8;Crt;
NGC3509;NGC3509;Galaxie;166.0981;4.8286;14.11;1.93;0.51;Leo;
NGC3510;NGC3510;Galaxie;165.9307;28.8872;13.49;1.55;0.71;LMi;
NGC3511;NGC3511;Galaxie;165.849;-23.0868;11.02;6.04;2;Crt;
NGC3512;NGC3512;Galaxie;166.0122;28.0368;12.29;1.59;1.36;LMi;
NGC3513;NGC3513;Galaxie;165.942;-23.2455;11.66;2.81;1.28;Crt;
NGC3514;NGC3514;Galaxie;165.9996;-18.7806;13.79;1.22;0.99;Crt;
NGC3515;NGC3515;Galaxie;166.1552;28.228;14.7;0.98;0.69;LMi;
NGC3516;NGC3516;Galaxie;166.6979;72.5686;12.09;1.91;1.62;UMa;
NGC3517;NGC3517;Galaxie;166.4034;56.5249;13.8;0.95;0.81;UMa;
NGC3519;NGC3519;Amas ouvert;166.0115;-61.3683;7.7;;;Car;
NGC3520;NGC3520;Galaxie;166.7884;-18.0237;14.87;0.95;0.75;Crt;
NGC3521;NGC3521;Galaxie;166.4524;-0.0359;9.11;8.32;4.47;Leo;
NGC3522;NGC3522;Galaxie;166.6686;20.0856;14.07;1.17;0.62;Leo;
NGC3523;NGC3523;Galaxie;165.7763;75.1157;13.74;1.14;0.97;Dra;
NGC3524;NGC3524;Galaxie;166.6337;11.3854;13.33;1.47;0.43;Leo;
NGC3526;NGC3526;Galaxie;166.736;7.1739;13.58;2.38;0.56;Leo;
NGC3527;NGC3527;Galaxie;166.8258;28.5278;14.92;1.18;1;UMa;
NGC3529;NGC3529;Galaxie;166.8297;-19.5556;14.07;1.11;0.92;Crt;
NGC3530;NGC3530;Galaxie;167.1682;57.2302;14.32;0.81;0.27;UMa;
NGC3532;NGC3532;Amas ouvert;166.4493;-58.7705;3;12;12;Car;Wishing Well Cluster
NGC3533;NGC3533;Galaxie;166.7815;-37.1726;13.77;2.88;0.73;Cen;
NGC3534;NGC3534;Galaxie;167.2319;26.6105;14.04;1.44;0.45;Leo;
NGC3534B;NGC3534B;Galaxie;167.2382;26.5961;14.86;0.92;0.38;Leo;
NGC3535;NGC3535;Galaxie;167.1413;4.8319;14.18;1.16;0.51;Leo;
NGC3536;NGC3536;Galaxie;167.2133;28.4757;15.14;0.84;0.68;UMa;
NGC3537;NGC3537;Galaxie;167.1112;-10.2578;;1.4;1.4;Crt;
NGC3537 NED01;NGC3537 NED01;Galaxie;167.1105;-10.256;14.18;1.35;1.2;Crt;
NGC3537 NED02;NGC3537 NED02;Galaxie;167.1122;-10.2588;;1.38;1.23;Crt;
NGC3538;NGC3538;Autre;167.8931;75.5697;;;;Dra;
NGC3539;NGC3539;Galaxie;167.2868;28.6725;15.22;1.26;0.41;UMa;
NGC3540;NGC3540;Galaxie;167.317;36.0211;14.49;1.32;1.19;UMa;
NGC3541;NGC3541;Galaxie;167.1342;-10.4918;15.39;1.3;1.18;Crt;
NGC3542;NGC3542;Galaxie;167.4811;36.9465;14.89;0.81;0.35;UMa;
NGC3543;NGC3543;Galaxie;167.7352;61.347;14.14;1.21;0.25;UMa;
NGC3544;NGC3544;Galaxie;167.877;-18.2895;13.06;3.06;0.97;Crt;
NGC3545;NGC3545;Galaxie;167.5529;36.9656;;1.3;1.3;UMa;
NGC3545A;NGC3545A;Galaxie;167.551;36.9648;14.97;1.16;1.16;UMa;
NGC3545B;NGC3545B;Galaxie;167.5552;36.9666;15.17;0.44;0.44;UMa;
NGC3546;NGC3546;Galaxie;167.445;-13.3809;14.46;1.91;0.9;Crt;
NGC3547;NGC3547;Galaxie;167.4831;10.7208;12.88;1.74;0.77;Leo;
NGC3549;NGC3549;Galaxie;167.737;53.3878;12.14;2.64;0.86;UMa;
NGC3550;NGC3550;Galaxie;167.6612;28.7683;;1.2;1.2;UMa;
NGC3550 NED01;NGC3550 NED01;Galaxie;167.6608;28.7678;14.44;0.87;0.83;UMa;
NGC3550 NED02;NGC3550 NED02;Galaxie;167.66;28.7676;13.22;1.07;1.02;UMa;
NGC3551;NGC3551;Galaxie;167.4352;21.7589;14.7;1.38;0.95;Leo;
NGC3552;NGC3552;Galaxie;167.6785;28.6932;15.04;0.82;0.77;UMa;
NGC3553;NGC3553;Galaxie;167.6687;28.6848;16.03;0.54;0.27;UMa;
NGC3554;NGC3554;Galaxie;167.6993;28.6603;15.21;0.74;0.61;UMa;
NGC3555;NGC3555;Galaxie;167.4597;21.8102;15.64;0.6;0.29;Leo;
NGC3556;NGC3556;Galaxie;167.879;55.6741;10.05;3.98;1.66;UMa;
NGC3557;NGC3557;Galaxie;167.4902;-37.5392;10.42;4.36;3.43;Cen;
NGC3557B;NGC3557B;Galaxie;167.3839;-37.3496;12.55;1.83;0.52;Cen;
NGC3558;NGC3558;Galaxie;167.7328;28.5438;14.55;0.99;0.91;UMa;
NGC3559;NGC3559;Galaxie;167.6884;12.0161;13.78;1.5;0.91;Leo;
NGC3561;NGC3561;Galaxie;167.805;28.6965;14.7;1.71;1.71;UMa;the Guitar
NGC3562;NGC3562;Galaxie;168.2445;72.8793;12.2;1.69;1.26;Dra;
NGC3563;NGC3563;Galaxie;167.8521;26.9625;;1.4;1.4;Leo;
NGC3563A;NGC3563A;Galaxie;167.8489;26.9619;15.6;0.58;0.5;Leo;
NGC3563B;NGC3563B;Galaxie;167.855;26.9636;14.75;1.13;0.82;Leo;
NGC3564;NGC3564;Galaxie;167.6516;-37.5476;12.16;1.95;1.09;Cen;
NGC3565;NGC3565;Galaxie;166.9485;-20.0216;15.43;0.68;0.52;Crt;
NGC3567;NGC3567;Galaxie;167.8278;5.8363;14.4;1.22;0.46;Leo;
NGC3568;NGC3568;Galaxie;167.7024;-37.4479;12.41;2.7;1.18;Cen;
NGC3569;NGC3569;Galaxie;168.0337;35.4521;14.43;1.15;1.07;UMa;
NGC3570;NGC3570;Galaxie;168.014;27.5898;14.94;1.06;0.99;Leo;
NGC3572;NGC3572;Amas ouvert;167.58;-60.2484;6.6;4.08;4.08;Car;
NGC3573;NGC3573;Galaxie;167.8274;-36.8755;12.33;2.55;1.08;Cen;
NGC3574;NGC3574;Galaxie;168.0505;27.6248;15.68;0.73;0.59;Leo;
NGC3576;NGC3576;Nebuleuse;167.882;-61.363;;3;3;Car;
NGC3577;NGC3577;Galaxie;168.4371;48.2727;14.73;1.16;1.01;UMa;
NGC3578;NGC3578;Autre;168.22;-15.9573;;;;Crt;
NGC3579;NGC3579;Nebuleuse;167.9983;-61.2432;;20;15;Car;
NGC3580;NGC3580;Galaxie;168.3164;3.6573;14.68;0.85;0.29;Leo;
NGC3581;NGC3581;Nebuleuse;168.0082;-61.3019;;;;Car;
NGC3582;NGC3582;Nebuleuse;168.0499;-61.2736;;;;Car;
NGC3583;NGC3583;Galaxie;168.5454;48.3185;12.17;2.24;1.26;UMa;
NGC3584;NGC3584;Nebuleuse;168.0825;-61.2286;;;;Car;
NGC3585;NGC3585;Galaxie;168.3212;-26.7548;9.69;6.61;3.27;Hya;
NGC3586;NGC3586;Nebuleuse;168.1248;-61.3522;;;;Car;
NGC3587;NGC3587;Nebuleuse;168.6988;55.019;9.9;3.58;3.58;UMa;Owl Nebula
NGC3588;NGC3588;Galaxie;168.5112;20.3886;15.3;0.55;0.55;Leo;
NGC3589;NGC3589;Galaxie;168.8055;60.6999;14.48;1.49;0.76;UMa;
NGC3590;NGC3590;Amas ouvert;168.2457;-60.789;8.2;5.1;5.1;Car;
NGC3591;NGC3591;Galaxie;168.5138;-14.0873;14.49;1.22;0.77;Crt;
NGC3592;NGC3592;Galaxie;168.614;17.26;14.55;2.13;0.57;Leo;
NGC3593;NGC3593;Galaxie;168.6542;12.8177;10.91;4.69;1.85;Leo;
NGC3594;NGC3594;Galaxie;169.0583;55.7043;14.96;1.25;1.06;UMa;
NGC3595;NGC3595;Galaxie;168.8565;47.447;12.92;1.51;0.63;UMa;
NGC3596;NGC3596;Galaxie;168.7759;14.787;11.49;3.55;3.37;Leo;
NGC3597;NGC3597;Galaxie;168.6749;-23.7277;13.09;1.49;1.06;Crt;
NGC3598;NGC3598;Galaxie;168.7986;17.2627;13.47;1.61;1.26;Leo;
NGC3599;NGC3599;Galaxie;168.8623;18.1104;12.01;2.4;2.18;Leo;
NGC3600;NGC3600;Galaxie;168.9667;41.591;12.98;1.87;0.59;UMa;
NGC3601;NGC3601;Galaxie;168.8887;5.1154;14.25;0.51;0.43;Leo;
NGC3602;NGC3602;Galaxie;168.9513;17.4161;15.63;1.04;0.43;Leo;
NGC3603;NGC3603;Amas ouvert;168.7775;-61.2612;;3.3;3.3;Car;
NGC3604;NGC3604;Galaxie;169.3757;4.5556;12.22;1.4;0.75;Leo;
NGC3605;NGC3605;Galaxie;169.1941;18.0172;12.3;1.25;0.71;Leo;
NGC3606;NGC3606;Galaxie;169.0651;-33.8274;13.39;1.59;1.49;Hya;
NGC3607;NGC3607;Galaxie;169.2277;18.0518;10;4.59;4.03;Leo;
NGC3608;NGC3608;Galaxie;169.2456;18.1487;10.63;3.18;2.67;Leo;
NGC3609;NGC3609;Galaxie;169.4609;26.6258;13.97;1.17;0.97;Leo;
NGC3610;NGC3610;Galaxie;169.6053;58.7863;10.77;2.39;2.37;UMa;
NGC3612;NGC3612;Galaxie;169.5613;26.6206;14.93;0.93;0.64;Leo;
NGC3613;NGC3613;Galaxie;169.6505;58;10.81;3.55;1.78;UMa;
NGC3614;NGC3614;Galaxie;169.5888;45.7482;12.15;2.5;1.74;UMa;
NGC3614A;NGC3614A;Galaxie;169.5495;45.7169;16;0.69;0.62;UMa;
NGC3615;NGC3615;Galaxie;169.5277;23.3973;13.89;1.51;0.91;Leo;
NGC3616;NGC3616;Autre;169.537;14.7652;;;;Leo;
NGC3617;NGC3617;Galaxie;169.4619;-26.1344;12.75;1.79;1.22;Hya;
NGC3618;NGC3618;Galaxie;169.6356;23.4691;14.28;0.89;0.77;Leo;
NGC3619;NGC3619;Galaxie;169.8398;57.7578;12.53;3.89;3.08;UMa;
NGC3620;NGC3620;Galaxie;169.0195;-76.2163;13.88;3.16;0.84;Cha;
NGC3621;NGC3621;Galaxie;169.5688;-32.8141;9.55;9.79;4.03;Hya;
NGC3622;NGC3622;Galaxie;170.0515;67.2416;13.13;1.25;0.51;UMa;
NGC3623;NGC3623;Galaxie;169.733;13.0924;9.32;7.64;1.97;Leo;
NGC3624;NGC3624;Galaxie;169.7124;7.5214;14.8;0.91;0.51;Leo;
NGC3625;NGC3625;Galaxie;170.1306;57.7814;13.92;1.91;0.5;UMa;
NGC3626;NGC3626;Galaxie;170.0159;18.3568;10.98;2.94;1.94;Leo;
NGC3627;NGC3627;Galaxie;170.0623;12.9915;8.92;10.28;4.61;Leo;
NGC3628;NGC3628;Galaxie;170.0707;13.5897;9.45;11.04;3.44;Leo;
NGC3629;NGC3629;Galaxie;170.1325;26.9634;12.94;1.77;1.14;Leo;
NGC3630;NGC3630;Galaxie;170.0708;2.9644;12.8;1.92;0.88;Leo;
NGC3631;NGC3631;Galaxie;170.262;53.1696;10.42;3.72;3.08;UMa;
NGC3633;NGC3633;Galaxie;170.1093;3.5856;14.29;1.19;0.44;Leo;
NGC3634;NGC3634;Galaxie;170.1263;-9.0137;15.5;0.35;0.21;Crt;
NGC3635;NGC3635;Galaxie;170.1308;-9.0136;14.64;1.35;1.35;Crt;
NGC3636;NGC3636;Galaxie;170.1043;-10.2818;12.4;2.51;1.29;Crt;
NGC3637;NGC3637;Galaxie;170.1649;-10.2574;12.63;2.45;2.14;Crt;
NGC3638;NGC3638;Galaxie;170.0418;-8.1057;14.18;1.6;0.38;Crt;
NGC3639;NGC3639;Galaxie;170.3987;18.4586;14.05;1.1;0.85;Leo;
NGC3640;NGC3640;Galaxie;170.2785;3.2348;10.41;4.33;3.81;Leo;
NGC3641;NGC3641;Galaxie;170.2867;3.1946;13.21;0.99;0.82;Leo;
NGC3642;NGC3642;Galaxie;170.5745;59.0745;12.19;4.27;3.65;UMa;
NGC3643;NGC3643;Galaxie;170.3541;3.0139;14.66;0.95;0.74;Leo;
NGC3644;NGC3644;Galaxie;170.387;2.8104;15.02;1.43;0.61;Leo;
NGC3646;NGC3646;Galaxie;170.4295;20.1696;11.2;3.09;1.48;Leo;
NGC3647;NGC3647;Galaxie;170.4108;2.8917;15.67;0.39;0.38;Leo;
NGC3648;NGC3648;Galaxie;170.6313;39.8769;12.64;1.19;0.73;UMa;
NGC3649;NGC3649;Galaxie;170.5614;20.2085;14.67;0.76;0.54;Leo;
NGC3650;NGC3650;Galaxie;170.6475;20.7039;14.48;1.91;0.32;Leo;
NGC3651;NGC3651;Galaxie;170.6096;24.2972;;1;1;Leo;
NGC3651 NED01;NGC3651 NED01;Galaxie;170.6097;24.2991;14.16;1.35;1.1;Leo;
NGC3651 NED02;NGC3651 NED02;Galaxie;170.6099;24.2954;15.22;0.78;0.36;Leo;
NGC3652;NGC3652;Galaxie;170.6626;37.7651;12.66;2.48;0.77;UMa;
NGC3653;NGC3653;Galaxie;170.6253;24.2793;14.58;1.21;0.65;Leo;
NGC3654;NGC3654;Galaxie;171.0447;69.4131;13.32;1.46;0.84;UMa;
NGC3655;NGC3655;Galaxie;170.7276;16.59;11.67;1.45;1;Leo;
NGC3656;NGC3656;Galaxie;170.911;53.8421;12.75;1.46;0.97;UMa;
NGC3657;NGC3657;Galaxie;170.9816;52.921;13.24;0.99;0.88;UMa;
NGC3658;NGC3658;Galaxie;170.9928;38.5623;12.16;1.72;1.59;UMa;
NGC3659;NGC3659;Galaxie;170.9398;17.8187;12.82;1.96;1.04;Leo;
NGC3660;NGC3660;Galaxie;170.8845;-8.6586;12.66;2.56;2.17;Crt;
NGC3661;NGC3661;Galaxie;170.9101;-13.8311;14.34;1.77;0.75;Crt;
NGC3662;NGC3662;Galaxie;170.9436;-1.1049;13.77;1.32;0.76;Leo;
NGC3663;NGC3663;Galaxie;170.9996;-12.2964;13.16;1.98;1.43;Crt;
NGC3664;NGC3664;Galaxie;171.101;3.325;12.7;1.45;0.94;Leo;
NGC3664A;NGC3664A;Galaxie;171.1046;3.2225;15.77;0.63;0.51;Leo;
NGC3665;NGC3665;Galaxie;171.182;38.7629;10.83;4.06;3;UMa;
NGC3666;NGC3666;Galaxie;171.1086;11.3422;12.69;3.44;0.99;Leo;
NGC3667;NGC3667;Galaxie;171.0709;-13.8573;14;2.1;1.2;Crt;
NGC3667A;NGC3667A;Galaxie;171.0895;-13.8558;14.8;0.92;0.68;Crt;
NGC3668;NGC3668;Galaxie;171.3768;63.4463;13.11;1.82;1.11;UMa;
NGC3669;NGC3669;Galaxie;171.3615;57.7213;13.34;1.79;0.45;UMa;
NGC3670;NGC3670;Galaxie;171.2069;23.9452;14.35;1.06;0.66;Leo;
NGC3671;NGC3671;Galaxie;171.469;60.4796;15.61;0.82;0.67;UMa;
NGC3672;NGC3672;Galaxie;171.2603;-9.7954;11.34;2.9;1.69;Crt;
NGC3673;NGC3673;Galaxie;171.3035;-26.7367;11.57;3.48;2.32;Hya;
NGC3674;NGC3674;Galaxie;171.6109;57.0484;13.01;1.59;0.47;UMa;
NGC3675;NGC3675;Galaxie;171.5357;43.5859;10.09;5.9;3.27;UMa;
NGC3676;NGC3676;Galaxie;171.4062;-11.1397;14.68;1.01;0.76;Crt;
NGC3677;NGC3677;Galaxie;171.574;46.9741;13.82;1.49;1.29;UMa;
NGC3678;NGC3678;Galaxie;171.5657;27.8671;14.14;0.71;0.68;Leo;
NGC3679;NGC3679;Galaxie;170.4503;-5.7577;14.85;1.21;0.95;Leo;
NGC3680;NGC3680;Amas ouvert;171.4045;-43.2501;7.6;5.7;5.7;Cen;
NGC3681;NGC3681;Galaxie;171.6242;16.8632;11.92;1.74;1.68;Leo;
NGC3682;NGC3682;Galaxie;171.9217;66.5898;12.49;2.23;1.41;Dra;
NGC3683;NGC3683;Galaxie;171.8827;56.8771;12.97;1.74;0.71;UMa;
NGC3683A;NGC3683A;Galaxie;172.299;57.1323;12.72;2.03;1.48;UMa;
NGC3684;NGC3684;Galaxie;171.7967;17.0302;11.81;2.29;1.5;Leo;
NGC3685;NGC3685;Galaxie;172.0676;4.3273;15.46;0.75;0.38;Leo;
NGC3686;NGC3686;Galaxie;171.9332;17.2242;11.43;2.88;2.18;Leo;
NGC3687;NGC3687;Galaxie;172.0025;29.5111;12.58;1.4;0.49;UMa;
NGC3688;NGC3688;Galaxie;171.9352;-9.1656;15.38;1.11;0.93;Crt;
NGC3689;NGC3689;Galaxie;172.046;25.6612;12.31;1.48;0.97;Leo;
NGC3690;NGC3690;Galaxie;172.1346;58.5619;;2.1;2.1;UMa;
NGC3690A;NGC3690A;Galaxie;172.1293;58.5613;12.86;0.21;0.15;UMa;
NGC3690B;NGC3690B;Galaxie;172.1401;58.5629;11.68;2.4;1.86;UMa;
NGC3691;NGC3691;Galaxie;172.0392;16.9205;12.63;1.49;1.04;Leo;
NGC3692;NGC3692;Galaxie;172.1;9.4076;12.94;3.22;0.75;Leo;
NGC3693;NGC3693;Galaxie;172.0482;-13.1949;14.02;2.33;0.75;Crt;
NGC3694;NGC3694;Galaxie;172.2255;35.414;13.56;1;0.78;UMa;
NGC3695;NGC3695;Galaxie;172.3212;35.5757;14.85;0.97;0.67;UMa;
NGC3696;NGC3696;Galaxie;172.1829;-11.2828;14.97;0.9;0.73;Crt;
NGC3697;NGC3697;Galaxie;172.2099;20.795;13.06;2.07;0.61;Leo;
NGC3699;NGC3699;Nebuleuse;171.9881;-59.9581;11.3;0.75;0.75;Cen;
NGC3700;NGC3700;Galaxie;172.4109;35.5146;14.87;0.98;0.71;UMa;
NGC3701;NGC3701;Galaxie;172.3705;24.0934;13.02;1.6;0.77;Leo;
NGC3702;NGC3702;Galaxie;172.5562;-8.8629;14.67;1.29;0.95;Crt;
NGC3703;NGC3703;Galaxie;172.289;-8.4464;15.68;0.6;0.42;Crt;
NGC3704;NGC3704;Galaxie;172.5194;-11.5463;13.88;1.55;1.44;Crt;
NGC3705;NGC3705;Galaxie;172.5311;9.2766;10.97;4.31;1.74;Leo;
NGC3705A;NGC3705A;Galaxie;172.6238;9.3879;15.72;0.89;0.28;Leo;
NGC3705B;NGC3705B;Galaxie;172.4321;9.2058;16.59;0.59;0.27;Leo;
NGC3706;NGC3706;Galaxie;172.4351;-36.3913;11.3;3.1;2.1;Cen;
NGC3707;NGC3707;Galaxie;172.5482;-11.5435;15.83;0.67;0.53;Crt;
NGC3708;NGC3708;Autre;172.6637;-3.2226;;;;Leo;
NGC3709;NGC3709;Autre;172.6636;-3.2559;;;;Leo;
NGC3710;NGC3710;Galaxie;172.7789;22.7681;13.09;1.22;0.45;Leo;
NGC3711;NGC3711;Galaxie;172.3563;-11.0791;14.69;0.95;0.46;Crt;
NGC3712;NGC3712;Galaxie;172.7881;28.5679;15.63;1.97;0.7;UMa;
NGC3713;NGC3713;Galaxie;172.9251;28.1536;14.18;1.21;0.8;Leo;
NGC3714;NGC3714;Galaxie;172.9734;28.3585;14.33;1.23;0.85;UMa;
NGC3715;NGC3715;Galaxie;172.8847;-14.2314;13.45;1.23;0.81;Crt;
NGC3716;NGC3716;Galaxie;172.9214;3.488;14.24;0.92;0.78;Leo;
NGC3717;NGC3717;Galaxie;172.8833;-30.3078;11.23;6.52;2.04;Hya;
NGC3718;NGC3718;Galaxie;173.1452;53.0679;10.7;4.7;2.34;UMa;
NGC3719;NGC3719;Galaxie;173.0561;0.8193;13.11;1.67;1.11;Leo;
NGC3720;NGC3720;Galaxie;173.09;0.804;13.02;1.07;0.99;Leo;
NGC3721;NGC3721;Galaxie;173.5326;-9.4671;15.47;0.91;0.53;Crt;
NGC3722;NGC3722;Galaxie;173.5971;-9.6801;15.44;1.11;0.81;Crt;
NGC3723;NGC3723;Galaxie;173.1273;-9.9695;14.36;1.3;1.1;Crt;
NGC3724;NGC3724;Galaxie;173.6195;-9.6602;15.02;1.46;0.35;Crt;
NGC3725;NGC3725;Galaxie;173.4189;61.888;13.18;1.54;1.27;UMa;
NGC3726;NGC3726;Galaxie;173.338;47.0292;10.49;5.27;3.54;UMa;
NGC3727;NGC3727;Galaxie;173.4205;-13.8789;15.14;0.92;0.63;Crt;
NGC3728;NGC3728;Galaxie;173.3158;24.4469;14.53;1.56;0.85;Leo;
NGC3729;NGC3729;Galaxie;173.4555;53.1256;11.56;2.89;2.09;UMa;
NGC3730;NGC3730;Galaxie;173.5703;-9.5761;14.69;1.42;1.06;Crt;
NGC3731;NGC3731;Galaxie;173.5487;12.5123;14.37;0.97;0.85;Leo;
NGC3732;NGC3732;Galaxie;173.5581;-9.8457;12.36;1.28;1.1;Crt;
NGC3733;NGC3733;Galaxie;173.7567;54.8505;12.43;3.4;1.07;UMa;
NGC3734;NGC3734;Galaxie;173.6695;-14.0818;14.85;1.11;0.97;Crt;
NGC3735;NGC3735;Galaxie;173.9888;70.5356;12.5;3.54;0.8;Dra;
NGC3736;NGC3736;Galaxie;173.9239;73.4518;15.82;1.15;0.55;Dra;
NGC3737;NGC3737;Galaxie;173.9016;54.9486;13.87;1.1;0.95;UMa;
NGC3738;NGC3738;Galaxie;173.9533;54.5239;11.45;2.26;1.63;UMa;
NGC3739;NGC3739;Galaxie;173.9067;25.0886;15.16;1.22;0.35;Leo;
NGC3740;NGC3740;Galaxie;174.0512;59.9765;14.82;1.26;0.69;UMa;
NGC3741;NGC3741;Galaxie;174.0257;45.2836;14.03;0.94;0.81;UMa;
NGC3742;NGC3742;Galaxie;173.8855;-37.9564;12.06;2.6;1.83;Cen;
NGC3743;NGC3743;Galaxie;173.989;21.7226;15.65;0.56;0.48;Leo;
NGC3744;NGC3744;Galaxie;173.9911;23.0116;15.5;0.73;0.32;Leo;
NGC3745;NGC3745;Galaxie;174.4351;22.0213;16.17;0.58;0.33;Leo;
NGC3746;NGC3746;Galaxie;174.4318;22.0098;14.98;1.13;0.53;Leo;
NGC3747;NGC3747;Galaxie;173.1294;74.3784;16.33;0.48;0.23;Dra;
NGC3748;NGC3748;Galaxie;174.4544;22.0261;15.77;0.85;0.31;Leo;
NGC3749;NGC3749;Galaxie;173.9717;-37.9974;12.76;2.82;0.48;Cen;
NGC3750;NGC3750;Galaxie;174.4652;21.9742;14.91;1.05;0.73;Leo;
NGC3751;NGC3751;Galaxie;174.4744;21.9365;15;0.91;0.53;Leo;
NGC3752;NGC3752;Galaxie;173.1342;74.6275;13.81;1.62;0.68;Dra;
NGC3753;NGC3753;Galaxie;174.4746;21.9814;14.54;1.6;0.46;Leo;
NGC3754;NGC3754;Galaxie;174.4788;21.9855;15.02;0.55;0.45;Leo;
NGC3755;NGC3755;Galaxie;174.139;36.4103;12.79;2.9;1.16;UMa;
NGC3756;NGC3756;Galaxie;174.2001;54.2936;11.52;1.91;0.97;UMa;
NGC3757;NGC3757;Galaxie;174.2619;58.4155;13.44;1.14;0.89;UMa;
NGC3758;NGC3758;Galaxie;174.1213;21.5961;14.08;0.7;0.57;Leo;
NGC3759;NGC3759;Galaxie;174.2254;54.8233;13.29;1.03;0.95;UMa;
NGC3759A;NGC3759A;Galaxie;174.2418;55.1621;14.36;1.08;0.97;UMa;
NGC3761;NGC3761;Galaxie;174.1838;22.992;15.01;1.09;0.83;Leo;
NGC3762;NGC3762;Galaxie;174.3493;61.7594;13.25;1.83;0.42;UMa;
NGC3763;NGC3763;Galaxie;174.1258;-9.8467;13.16;1.07;0.95;Crt;
NGC3764;NGC3764;Galaxie;174.2254;17.8894;;0.8;0.8;Leo;
NGC3764 NED01;NGC3764 NED01;Galaxie;174.2276;17.8886;14.88;0.69;0.56;Leo;
NGC3764 NED02;NGC3764 NED02;Galaxie;174.2236;17.8904;18.15;0.24;0.19;Leo;
NGC3765;NGC3765;Galaxie;174.2674;24.0962;14.89;0.85;0.57;Leo;
NGC3766;NGC3766;Amas ouvert;174.06;-61.6052;5.3;6.9;6.9;Cen;Pearl Cluster
NGC3767;NGC3767;Galaxie;174.3148;16.8772;13.44;0.98;0.7;Leo;
NGC3768;NGC3768;Galaxie;174.3103;17.8399;13.66;1.36;0.84;Leo;
NGC3769;NGC3769;Galaxie;174.4338;47.8931;12.52;2.82;0.89;UMa;
NGC3769A;NGC3769A;Galaxie;174.464;47.8813;14.74;0.92;0.37;UMa;
NGC3770;NGC3770;Galaxie;174.4948;59.6169;13.58;0.95;0.63;UMa;
NGC3771;NGC3771;Galaxie;174.775;-9.3482;12.59;1.47;0.86;Crt;
NGC3772;NGC3772;Galaxie;174.452;22.6913;14.26;1.31;0.69;Leo;
NGC3773;NGC3773;Galaxie;174.5537;12.1121;13.31;1.23;0.97;Leo;
NGC3774;NGC3774;Galaxie;174.6261;-8.9761;14.74;1.11;0.67;Crt;
NGC3775;NGC3775;Galaxie;174.6112;-10.6388;14.7;1.28;0.5;Crt;
NGC3776;NGC3776;Galaxie;174.5749;-3.3544;16.08;0.48;0.38;Vir;
NGC3777;NGC3777;Galaxie;174.0285;-12.5691;14.42;1.18;0.63;Crt;
NGC3778;NGC3778;Galaxie;174.5892;-50.7154;14.16;1.21;0.99;Cen;
NGC3779;NGC3779;Galaxie;174.7127;-10.5838;14.39;1.62;0.82;Crt;
NGC3780;NGC3780;Galaxie;174.8432;56.2707;12.13;2.64;2.17;UMa;
NGC3781;NGC3781;Galaxie;174.7657;26.3618;14.73;0.68;0.55;Leo;
NGC3782;NGC3782;Galaxie;174.8365;46.5138;13.09;1.23;0.64;UMa;
NGC3783;NGC3783;Galaxie;174.7573;-37.7387;12.67;2.15;1.94;Cen;
NGC3784;NGC3784;Galaxie;174.8742;26.3091;15.11;0.93;0.5;Leo;
NGC3785;NGC3785;Galaxie;174.887;26.3023;15.06;1.11;0.44;Leo;
NGC3786;NGC3786;Galaxie;174.9273;31.9093;13.74;1.96;1;UMa;
NGC3787;NGC3787;Galaxie;174.9081;20.4547;14.57;0.75;0.7;Leo;
NGC3788;NGC3788;Galaxie;174.936;31.9312;12.5;2;0.58;UMa;
NGC3789;NGC3789;Galaxie;174.5377;-9.6071;14.26;1.8;0.52;Crt;
NGC3790;NGC3790;Galaxie;174.9469;17.7123;14.41;1.03;0.36;Leo;
NGC3791;NGC3791;Galaxie;174.9238;-9.3673;14.36;1.34;0.92;Crt;
NGC3792;NGC3792;Autre;174.9105;5.0995;;;;Vir;
NGC3793;NGC3793;Autre;175.0083;31.8777;14.4;;;UMa;
NGC3794;NGC3794;Galaxie;175.2226;56.202;13.01;2.03;1.12;UMa;
NGC3795;NGC3795;Galaxie;175.0278;58.6131;13.99;2.1;0.55;UMa;
NGC3795A;NGC3795A;Galaxie;174.8388;58.2687;14.26;2.03;1.48;UMa;
NGC3796;NGC3796;Galaxie;175.1297;60.2989;12.86;1.46;0.88;UMa;
NGC3797;NGC3797;Autre;175.0555;31.9066;14.9;;;UMa;
NGC3798;NGC3798;Galaxie;175.0581;24.6971;13.1;2.15;1.01;Leo;
NGC3799;NGC3799;Galaxie;175.0391;15.3273;14.47;0.67;0.38;Leo;
NGC3800;NGC3800;Galaxie;175.0563;15.3424;13.01;1.67;0.58;Leo;
NGC3801;NGC3801;Galaxie;175.0706;17.7281;12.26;2.31;1.29;Leo;
NGC3802;NGC3802;Galaxie;175.0782;17.7653;13.55;1.04;0.24;Leo;
NGC3803;NGC3803;Galaxie;175.0719;17.8012;16.4;0.62;0.5;Leo;
NGC3805;NGC3805;Galaxie;175.1737;20.3429;13.7;1.53;1.25;Leo;
NGC3806;NGC3806;Galaxie;175.1943;17.7963;13.62;1.14;0.94;Leo;
NGC3807;NGC3807;Autre;175.4778;17.8189;;;;Leo;
NGC3808;NGC3808;Galaxie;175.185;22.4378;;2.2;2.2;Leo;
NGC3808A;NGC3808A;Galaxie;175.1843;22.4294;13.63;0.94;0.73;Leo;
NGC3808B;NGC3808B;Galaxie;175.186;22.4469;12.02;0.75;0.33;Leo;
NGC3809;NGC3809;Galaxie;175.3169;59.8858;13.53;1.22;1.12;UMa;
NGC3810;NGC3810;Galaxie;175.2448;11.4711;10.75;3.35;2.29;Leo;
NGC3811;NGC3811;Galaxie;175.3193;47.6908;12.33;2.03;1.51;UMa;
NGC3812;NGC3812;Galaxie;175.2821;24.8217;13.81;1.71;0.52;Leo;
NGC3813;NGC3813;Galaxie;175.3278;36.5468;11.7;2.12;1.22;UMa;
NGC3814;NGC3814;Galaxie;175.3653;24.8054;15.54;0.79;0.42;Leo;
NGC3815;NGC3815;Galaxie;175.4137;24.8005;14.08;1.44;0.77;Leo;
NGC3816;NGC3816;Galaxie;175.4502;20.1036;12.52;1.7;0.9;Leo;
NGC3817;NGC3817;Galaxie;175.4706;10.3044;13.3;1.1;0.85;Vir;
NGC3818;NGC3818;Galaxie;175.489;-6.1557;11.75;2.44;1.55;Vir;
NGC3819;NGC3819;Galaxie;175.5244;10.3511;14.79;0.9;0.63;Leo;
NGC3820;NGC3820;Galaxie;175.5205;10.3842;15.42;0.69;0.52;Leo;
NGC3821;NGC3821;Galaxie;175.538;20.3157;12.85;1.36;1.01;Leo;
NGC3822;NGC3822;Galaxie;175.5463;10.2778;13.7;1.36;0.76;Vir;
NGC3823;NGC3823;Galaxie;175.5629;-13.8669;13.84;1.93;1.18;Crt;
NGC3824;NGC3824;Galaxie;175.6869;52.7796;14.47;1.23;0.69;UMa;
NGC3825;NGC3825;Galaxie;175.5989;10.2641;12.98;1.35;0.89;Vir;
NGC3826;NGC3826;Galaxie;175.6369;26.4889;14.24;1.06;0.79;Leo;
NGC3827;NGC3827;Galaxie;175.6511;18.8454;13.3;1.01;0.73;Leo;
NGC3828;NGC3828;Galaxie;175.7434;16.4876;15.37;0.77;0.55;Leo;
NGC3829;NGC3829;Galaxie;175.8637;52.7111;14.96;1.04;0.55;UMa;
NGC3831;NGC3831;Galaxie;175.8275;-12.8784;13.87;2.28;0.63;Crt;
NGC3832;NGC3832;Galaxie;175.881;22.7254;12.94;1.87;1.51;Leo;
NGC3833;NGC3833;Galaxie;175.8708;10.1619;14.56;1.34;0.67;Vir;
NGC3834;NGC3834;Galaxie;175.9072;19.0905;14.87;0.86;0.6;Leo;
NGC3835;NGC3835;Galaxie;176.0204;60.1198;13.07;1.91;0.64;UMa;
NGC3835A;NGC3835A;Galaxie;176.8454;60.3004;13.94;1.1;1.08;UMa;
NGC3836;NGC3836;Galaxie;175.8742;-16.7956;;1.5;1.5;Crt;
NGC3836 NED01;NGC3836 NED01;Galaxie;175.873;-16.7943;;0.43;0.18;Crt;
NGC3836 NED02;NGC3836 NED02;Galaxie;175.8743;-16.7965;13.7;1.2;0.93;Crt;
NGC3837;NGC3837;Galaxie;175.9851;19.8946;13.24;0.93;0.84;Leo;
NGC3838;NGC3838;Galaxie;176.0573;57.9482;12.32;1.43;0.59;UMa;
NGC3839;NGC3839;Galaxie;175.9764;10.7847;13.73;1.04;0.51;Leo;
NGC3840;NGC3840;Galaxie;175.9957;20.077;13.94;0.79;0.68;Leo;
NGC3841;NGC3841;Galaxie;176.009;19.9719;13.55;0.99;0.65;Leo;
NGC3842;NGC3842;Galaxie;176.009;19.9498;11.84;2.14;1.49;Leo;
NGC3843;NGC3843;Galaxie;175.9776;7.9257;14.08;0.99;0.37;Vir;
NGC3844;NGC3844;Galaxie;176.0033;20.0293;13.87;1.16;0.3;Leo;
NGC3845;NGC3845;Galaxie;176.0228;19.9961;14.03;0.95;0.47;Leo;
NGC3846;NGC3846;Galaxie;176.1212;55.6522;13.63;0.97;0.63;UMa;
NGC3846A;NGC3846A;Galaxie;176.0617;55.035;14.1;1.94;1.55;UMa;
NGC3847;NGC3847;Galaxie;176.0582;33.5145;14.36;1.52;1.36;UMa;
NGC3849;NGC3849;Galaxie;176.3969;3.2318;14.83;0.67;0.4;Vir;
NGC3850;NGC3850;Galaxie;176.3982;55.8869;14.46;1.71;0.69;UMa;
NGC3851;NGC3851;Galaxie;176.0851;19.9809;15.19;0.63;0.48;Leo;
NGC3853;NGC3853;Galaxie;176.118;16.5581;12.43;1.43;0.82;Leo;
NGC3854;NGC3854;Galaxie;176.2169;-9.2333;12.99;1.87;1.64;Crt;
NGC3855;NGC3855;Galaxie;176.1074;33.3551;14.85;1.22;0.95;UMa;
NGC3857;NGC3857;Galaxie;176.209;19.5329;14.08;0.9;0.55;Leo;
NGC3858;NGC3858;Galaxie;176.2987;-9.314;14.25;1.41;0.77;Crt;
NGC3859;NGC3859;Galaxie;176.2177;19.4542;14.14;1.05;0.33;Leo;
NGC3860;NGC3860;Galaxie;176.2048;19.795;13.45;1.32;0.72;Leo;
NGC3861;NGC3861;Galaxie;176.2662;19.9737;12.75;2.04;1.01;Leo;
NGC3862;NGC3862;Galaxie;176.2709;19.6063;13.34;1.09;1.09;Leo;
NGC3863;NGC3863;Galaxie;176.273;8.4695;13.87;2.51;0.52;Vir;
NGC3864;NGC3864;Galaxie;176.3153;19.3921;15.58;0.77;0.58;Leo;
NGC3867;NGC3867;Galaxie;176.3734;19.4002;13.2;1.44;0.82;Leo;
NGC3868;NGC3868;Galaxie;176.3748;19.4447;14.78;0.84;0.44;Leo;
NGC3869;NGC3869;Galaxie;176.4398;10.8246;13.46;1.67;0.46;Leo;
NGC3870;NGC3870;Galaxie;176.4858;50.1997;13.03;1.03;0.75;UMa;
NGC3871;NGC3871;Galaxie;176.5422;33.1088;15.25;0.94;0.2;UMa;
NGC3872;NGC3872;Galaxie;176.4544;13.7667;11.71;2.39;1.77;Leo;
NGC3873;NGC3873;Galaxie;176.4421;19.7739;12.85;1.14;1.06;Leo;
NGC3874;NGC3874;Autre;176.4073;8.5739;;;;Vir;
NGC3875;NGC3875;Galaxie;176.456;19.7674;14.5;1.59;0.36;Leo;
NGC3876;NGC3876;Galaxie;176.3611;9.1607;13.78;1.12;0.64;Vir;
NGC3877;NGC3877;Galaxie;176.5321;47.4943;11;5.36;1.23;UMa;
NGC3878;NGC3878;Galaxie;176.5741;33.2045;14.04;0.6;0.6;UMa;
NGC3879;NGC3879;Galaxie;176.7059;69.3837;13.39;2.04;0.5;Dra;
NGC3880;NGC3880;Galaxie;176.5926;33.1618;14.69;0.94;0.9;UMa;
NGC3881;NGC3881;Galaxie;176.6434;33.1064;14.95;1.2;1.04;UMa;
NGC3882;NGC3882;Galaxie;176.5273;-56.3881;11.81;3.32;1.82;Cen;
NGC3883;NGC3883;Galaxie;176.6966;20.6754;13.07;1.77;1.56;Leo;
NGC3884;NGC3884;Galaxie;176.5508;20.3916;12.59;1.91;1.41;Leo;
NGC3885;NGC3885;Galaxie;176.6937;-27.9222;11.87;2.74;1.11;Hya;
NGC3886;NGC3886;Galaxie;176.7733;19.8372;14.12;1.35;0.71;Leo;
NGC3887;NGC3887;Galaxie;176.769;-16.8546;10.93;3.27;2.57;Crt;
NGC3888;NGC3888;Galaxie;176.8932;55.9672;12.1;1.61;1.31;UMa;
NGC3889;NGC3889;Galaxie;176.9505;56.0183;15.55;0.73;0.41;UMa;
NGC3890;NGC3890;Galaxie;177.3327;74.3022;14.06;0.87;0.78;Dra;
NGC3891;NGC3891;Galaxie;177.014;30.3593;12.76;1.72;1.29;UMa;
NGC3892;NGC3892;Galaxie;177.0041;-10.9621;11.24;3.08;2.7;Crt;
NGC3893;NGC3893;Galaxie;177.1591;48.7108;10.63;2.69;1.43;UMa;
NGC3894;NGC3894;Galaxie;177.2098;59.4157;11.62;2.66;1.83;UMa;
NGC3895;NGC3895;Galaxie;177.2668;59.4327;13.03;1.19;0.81;UMa;
NGC3896;NGC3896;Galaxie;177.235;48.6747;12.63;1.39;0.86;UMa;
NGC3897;NGC3897;Galaxie;177.2477;35.0161;13.03;1.53;1.16;UMa;
NGC3898;NGC3898;Galaxie;177.314;56.0844;10.72;3.47;2.11;UMa;
NGC3899;NGC3899;Galaxie;177.5185;26.4792;13.16;1.51;0.67;Leo;
NGC3900;NGC3900;Galaxie;177.2894;27.022;11.44;2.55;1.25;Leo;
NGC3901;NGC3901;Galaxie;175.7072;77.3727;14.52;1.37;0.67;Cam;
NGC3902;NGC3902;Galaxie;177.3282;26.1216;13.99;1.27;0.82;Leo;
NGC3903;NGC3903;Galaxie;177.2647;-37.5171;13.53;1.28;1.11;Cen;
NGC3904;NGC3904;Galaxie;177.3051;-29.2767;10.79;3.47;2.51;Hya;
NGC3905;NGC3905;Galaxie;177.2705;-9.7298;12.84;1.89;1.29;Crt;
NGC3906;NGC3906;Galaxie;177.4187;48.426;13.52;1.35;0.84;UMa;
NGC3907;NGC3907;Galaxie;177.3756;-1.0865;13.64;1.06;0.67;Vir;
NGC3907B;NGC3907B;Galaxie;177.3481;-1.0838;13.94;1.49;0.41;Vir;
NGC3908;NGC3908;Galaxie;177.4695;12.1859;16.27;0.65;0.52;Leo;
NGC3909;NGC3909;Amas ouvert;177.5339;-48.2381;;6.6;6.6;Cen;
NGC3910;NGC3910;Galaxie;177.4971;21.3336;14.32;1.43;0.94;Leo;
NGC3911;NGC3911;Galaxie;177.342;24.9385;15.31;0.87;0.71;Leo;
NGC3913;NGC3913;Galaxie;177.6623;55.3539;12.51;1.64;1.38;UMa;
NGC3914;NGC3914;Galaxie;177.636;6.5676;13.87;0.84;0.39;Vir;
NGC3915;NGC3915;Galaxie;177.3522;-5.1184;14.62;1.9;0.43;Vir;
NGC3916;NGC3916;Galaxie;177.7127;55.1436;14.62;1.21;0.31;UMa;
NGC3917;NGC3917;Galaxie;177.6893;51.8247;11.81;4.61;1.03;UMa;
NGC3918;NGC3918;Nebuleuse;177.5748;-57.1823;8.1;0.32;0.32;Cen;Blue Planetary
NGC3919;NGC3919;Galaxie;177.673;20.0152;14.39;0.95;0.87;Leo;
NGC3920;NGC3920;Galaxie;177.5247;24.92;14.11;1.05;0.89;Leo;
NGC3921;NGC3921;Galaxie;177.7786;55.0788;12.49;2.02;1.2;UMa;
NGC3922;NGC3922;Galaxie;177.806;50.1569;13.6;1.91;0.65;UMa;
NGC3923;NGC3923;Galaxie;177.757;-28.806;9.6;6.89;4.55;Hya;
NGC3925;NGC3925;Galaxie;177.8374;21.8891;15.05;1.23;0.82;Leo;
NGC3926;NGC3926;Galaxie;177.8642;22.0269;;1.2;1.2;Leo;
NGC3926A;NGC3926A;Galaxie;177.8607;22.028;15.67;0.62;0.51;Leo;
NGC3926B;NGC3926B;Galaxie;177.8676;22.026;15.18;0.83;0.38;Leo;
NGC3928;NGC3928;Galaxie;177.9484;48.6831;12.48;1.36;1.25;UMa;Miniature Spiral
NGC3929;NGC3929;Galaxie;177.9272;21.0027;14.66;0.58;0.44;Leo;
NGC3930;NGC3930;Galaxie;177.9417;38.0151;13.51;2.66;1.98;UMa;
NGC3931;NGC3931;Galaxie;177.806;52.0009;14.42;1.13;0.88;UMa;
NGC3932;NGC3932;Autre;178.0452;48.6204;;;;UMa;
NGC3933;NGC3933;Galaxie;178.0085;16.8097;13.55;1.01;0.5;Leo;
NGC3934;NGC3934;Galaxie;178.0523;16.8514;14.85;0.92;0.67;Leo;
NGC3935;NGC3935;Galaxie;178.1003;32.4038;13.93;1.03;0.6;UMa;
NGC3936;NGC3936;Galaxie;178.0858;-26.9059;12.29;4.55;0.78;Hya;
NGC3937;NGC3937;Galaxie;178.1776;20.6313;12.48;1.75;1.54;Leo;
NGC3938;NGC3938;Galaxie;178.206;44.1207;10.36;3.55;3.44;UMa;
NGC3940;NGC3940;Galaxie;178.1935;20.9893;12.85;1.22;1.04;Leo;
NGC3941;NGC3941;Galaxie;178.2307;36.9863;10.37;3.51;2.33;UMa;
NGC3942;NGC3942;Galaxie;177.8756;-11.4247;13.78;1.34;0.69;Crt;
NGC3943;NGC3943;Galaxie;178.2357;20.4791;14.46;0.97;0.91;Leo;
NGC3944;NGC3944;Galaxie;178.2712;26.2069;14.13;1.07;0.76;Leo;
NGC3945;NGC3945;Galaxie;178.3072;60.6756;10.75;5.55;3.29;UMa;
NGC3946;NGC3946;Galaxie;178.336;21.0215;14.45;0.66;0.54;Leo;
NGC3947;NGC3947;Galaxie;178.3347;20.7517;13.2;1.37;0.8;Leo;
NGC3948;NGC3948;Autre;178.4027;20.9508;;;;Leo;
NGC3949;NGC3949;Galaxie;178.4238;47.8587;10.89;2.26;1.32;UMa;
NGC3950;NGC3950;Galaxie;178.4225;47.8846;16.18;0.4;0.34;UMa;
NGC3951;NGC3951;Galaxie;178.4219;23.3822;13.63;1.02;0.51;Leo;
NGC3952;NGC3952;Galaxie;178.4193;-3.9965;13.02;1.63;0.41;Vir;
NGC3953;NGC3953;Galaxie;178.4538;52.3268;10.1;6.14;3.13;UMa;
NGC3954;NGC3954;Galaxie;178.4237;20.8825;14.34;0.91;0.75;Leo;
NGC3955;NGC3955;Galaxie;178.4881;-23.1642;11.84;4.15;1.21;Crt;
NGC3956;NGC3956;Galaxie;178.5029;-20.5673;12.46;3.46;1;Crt;
NGC3957;NGC3957;Galaxie;178.5063;-19.5689;12.94;3.24;0.61;Crt;
NGC3958;NGC3958;Galaxie;178.6403;58.367;13.02;1.26;0.51;UMa;
NGC3959;NGC3959;Galaxie;178.6569;-7.7565;13.97;0.88;0.59;Crt;
NGC3960;NGC3960;Amas ouvert;177.6384;-55.6698;8.3;6;6;Cen;
NGC3961;NGC3961;Galaxie;178.7402;69.3301;14.63;1.3;1.28;Dra;
NGC3962;NGC3962;Galaxie;178.6671;-13.975;10.65;4.17;3;Crt;
NGC3963;NGC3963;Galaxie;178.7446;58.4936;12.01;2.52;2.22;UMa;
NGC3964;NGC3964;Galaxie;178.7228;28.2624;14.9;0.89;0.67;Leo;
NGC3965;NGC3965;Galaxie;178.5963;-10.8669;16.29;0.6;0.39;Crt;
NGC3966;NGC3966;Galaxie;179.1841;32.0218;13.82;2.48;0.52;UMa;
NGC3967;NGC3967;Galaxie;178.7933;-7.8438;14.42;1.28;1.01;Crt;
NGC3968;NGC3968;Galaxie;178.8696;11.9684;13.22;1.91;1.31;Leo;
NGC3969;NGC3969;Galaxie;178.7885;-18.9274;14;1.32;1.16;Crt;
NGC3970;NGC3970;Galaxie;178.867;-12.0613;14.45;1.19;0.52;Crt;
NGC3971;NGC3971;Galaxie;178.9016;29.9959;13.13;1.05;0.91;UMa;
NGC3972;NGC3972;Galaxie;178.9379;55.3208;12.32;3.67;0.99;UMa;
NGC3973;NGC3973;Galaxie;178.9042;11.9974;15.53;0.69;0.42;Leo;
NGC3974;NGC3974;Galaxie;178.9172;-12.0274;14.27;1.18;0.96;Crt;
NGC3975;NGC3975;Galaxie;178.9737;60.5294;15.53;0.76;0.42;UMa;
NGC3976;NGC3976;Galaxie;178.9887;6.7494;12.45;3.13;0.9;Vir;
NGC3977;NGC3977;Galaxie;179.03;55.3908;14.47;1.53;1.19;UMa;
NGC3978;NGC3978;Galaxie;179.043;60.5225;12.74;1.58;1.46;UMa;
NGC3979;NGC3979;Galaxie;179.0044;-2.7209;13.96;1.23;0.65;Vir;
NGC3981;NGC3981;Galaxie;179.031;-19.8962;11.65;3.32;2.11;Crt;
NGC3982;NGC3982;Galaxie;179.1172;55.1253;11.7;2.13;1.87;UMa;
NGC3983;NGC3983;Galaxie;179.0987;23.8679;14.62;1.17;0.27;Leo;
NGC3985;NGC3985;Galaxie;179.1755;48.3339;13.12;1.06;0.7;UMa;
NGC3987;NGC3987;Galaxie;179.3372;25.1954;12.93;2.72;0.68;Leo;
NGC3988;NGC3988;Galaxie;179.3509;27.8775;14.61;0.76;0.59;Leo;
NGC3989;NGC3989;Galaxie;179.3612;25.2331;15.71;0.76;0.38;Leo;
NGC3990;NGC3990;Galaxie;179.3982;55.4587;12.58;1.38;0.81;UMa;
NGC3991;NGC3991;Galaxie;179.3795;32.3378;;1.8;1.8;UMa;
NGC3991 NED01;NGC3991 NED01;Galaxie;179.3766;32.3338;13.12;1.17;0.29;UMa;
NGC3991 NED02;NGC3991 NED02;Galaxie;179.3822;32.3417;14.93;0.83;0.5;UMa;
NGC3992;NGC3992;Galaxie;179.3999;53.3745;9.88;8.07;5.64;UMa;
NGC3993;NGC3993;Galaxie;179.4076;25.2406;14.65;1.68;0.51;Leo;
NGC3994;NGC3994;Galaxie;179.4036;32.2776;12.8;0.85;0.46;UMa;
NGC3995;NGC3995;Galaxie;179.4337;32.2941;12.41;2.59;0.95;UMa;
NGC3996;NGC3996;Galaxie;179.4419;14.2974;14.32;0.83;0.64;Leo;
NGC3997;NGC3997;Galaxie;179.451;25.2706;13.46;1.1;0.56;Leo;
NGC3998;NGC3998;Galaxie;179.4839;55.4536;11.33;2.78;2.26;UMa;
NGC3999;NGC3999;Galaxie;179.4854;25.0683;15.84;0.63;0.4;Leo;
NGC4000;NGC4000;Galaxie;179.4876;25.1445;15.23;1.04;0.37;Leo;
NGC4001;NGC4001;Galaxie;179.5283;47.3349;15.87;0.59;0.4;UMa;
NGC4002;NGC4002;Galaxie;179.4971;23.2021;14.58;1.34;0.61;Leo;
NGC4003;NGC4003;Galaxie;179.496;23.1249;14.59;1.04;0.61;Leo;
NGC4004;NGC4004;Galaxie;179.5218;27.8789;13.61;1.17;0.51;Leo;
NGC4004B;NGC4004B;Galaxie;179.4641;27.8687;15.04;0.76;0.47;Leo;
NGC4005;NGC4005;Galaxie;179.5424;25.1223;13.14;1.12;0.74;Leo;
NGC4006;NGC4006;Galaxie;179.5241;-2.1201;14.18;1.52;0.96;Vir;
NGC4008;NGC4008;Galaxie;179.571;28.1925;12.02;2.07;1.11;Leo;
NGC4009;NGC4009;Autre;179.5627;25.1898;;;;Leo;
NGC4010;NGC4010;Galaxie;179.6579;47.2615;13.17;3.07;0.65;UMa;
NGC4011;NGC4011;Galaxie;179.606;25.0976;15.78;0.77;0.37;Leo;
NGC4012;NGC4012;Galaxie;179.6147;10.0215;14.43;1.73;0.52;Vir;
NGC4013;NGC4013;Galaxie;179.6308;43.9466;11.31;4.89;1.23;UMa;
NGC4014;NGC4014;Galaxie;179.6492;16.1773;13.41;1.63;0.99;Com;
NGC4015;NGC4015;Galaxie;179.6787;25.0403;;1.4;1.4;Com;
NGC4015 NED01;NGC4015 NED01;Galaxie;179.6775;25.0366;14.08;1.62;1.26;Com;
NGC4015 NED02;NGC4015 NED02;Galaxie;179.6801;25.0438;14.15;0.78;0.16;Com;
NGC4016;NGC4016;Galaxie;179.6209;27.5288;13.82;0.76;0.47;Com;
NGC4017;NGC4017;Galaxie;179.6903;27.4524;13.04;1.57;1.08;Com;
NGC4018;NGC4018;Galaxie;179.6696;25.3164;13.81;1.39;0.41;Com;
NGC4019;NGC4019;Galaxie;180.2934;14.1043;14.09;1.48;0.3;Com;
NGC4020;NGC4020;Galaxie;179.7361;30.4119;13.1;1.87;0.82;UMa;
NGC4021;NGC4021;Galaxie;179.7608;25.0832;15.38;0.93;0.84;Com;
NGC4022;NGC4022;Galaxie;179.7542;25.2228;14.32;1;0.96;Com;
NGC4023;NGC4023;Galaxie;179.7728;24.989;14.56;0.92;0.75;Com;
NGC4024;NGC4024;Galaxie;179.6302;-18.3468;11.8;1.75;1.51;Crv;
NGC4025;NGC4025;Galaxie;179.7925;37.7934;13.63;1.42;0.92;UMa;
NGC4026;NGC4026;Galaxie;179.855;50.9617;10.78;4.41;0.87;UMa;
NGC4027;NGC4027;Galaxie;179.8757;-19.2652;11.17;3.54;2.8;Crv;
NGC4027A;NGC4027A;Galaxie;179.8725;-19.332;14.51;1.11;0.57;Crv;
NGC4029;NGC4029;Galaxie;180.0132;8.1817;14.44;1.25;0.6;Vir;
NGC4030;NGC4030;Galaxie;180.0985;-1.1001;10.51;3.78;2.65;Vir;
NGC4031;NGC4031;Galaxie;180.1306;31.9476;14.84;0.67;0.47;UMa;
NGC4032;NGC4032;Galaxie;180.1368;20.0739;12.47;1.35;1.06;Com;
NGC4033;NGC4033;Galaxie;180.1448;-17.8426;11.79;2.59;1.3;Crv;
NGC4034;NGC4034;Galaxie;180.3736;69.3239;14.42;1.45;0.87;Dra;
NGC4035;NGC4035;Galaxie;180.1223;-15.9481;14.5;1.23;1.11;Crv;
NGC4036;NGC4036;Galaxie;180.3615;61.8958;10.84;4.85;2.08;UMa;
NGC4037;NGC4037;Galaxie;180.3486;13.401;12.88;2.38;2.22;Com;
NGC4038;NGC4038;Galaxie;180.4709;-18.8676;10.2;5.42;3.78;Crv;Antennae Galaxies
NGC4039;NGC4039;Galaxie;180.473;-18.8862;11.04;5.36;2.73;Crv;Antennae Galaxies
NGC4040;NGC4040;Galaxie;180.5227;17.8232;14.98;1.2;0.61;Com;
NGC4041;NGC4041;Galaxie;180.5508;62.1372;11.08;2.57;2.39;UMa;
NGC4042;NGC4042;Galaxie;180.6949;20.1632;16.36;0.41;0.32;Com;
NGC4043;NGC4043;Galaxie;180.5957;4.3298;14.03;0.95;0.63;Vir;
NGC4044;NGC4044;Galaxie;180.623;-0.2124;14.58;1.12;1.03;Vir;
NGC4045;NGC4045;Galaxie;180.676;1.9768;11.81;2.55;1.58;Vir;
NGC4045A;NGC4045A;Galaxie;180.6779;1.9522;14.29;0.92;0.42;Vir;
NGC4047;NGC4047;Galaxie;180.7112;48.6362;12.76;1.53;1.17;UMa;
NGC4048;NGC4048;Galaxie;180.7091;18.0156;14.44;0.67;0.52;Com;
NGC4049;NGC4049;Galaxie;180.7279;18.7525;14.1;1.16;0.72;Com;
NGC4050;NGC4050;Galaxie;180.7248;-16.3736;11.79;3.43;2.14;Crv;
NGC4051;NGC4051;Galaxie;180.79;44.5313;11.37;4.89;4.26;UMa;
NGC4052;NGC4052;Amas ouvert;180.5216;-63.2235;8.8;5.1;5.1;Cru;
NGC4053;NGC4053;Galaxie;180.7982;19.7288;14.45;1.06;0.62;Com;
NGC4054;NGC4054;Galaxie;180.8046;57.8944;;1;1;UMa;
NGC4054 NED01;NGC4054 NED01;Galaxie;180.8019;57.8934;15.45;0.65;0.43;UMa;
NGC4054 NED02;NGC4054 NED02;Galaxie;180.8059;57.8981;17.39;0.43;0.19;UMa;
NGC4054 NED03;NGC4054 NED03;Galaxie;180.8076;57.8906;15.87;0.62;0.44;UMa;
NGC4055;NGC4055;Galaxie;181.0062;20.2323;13.78;0.92;0.79;Com;
NGC4056;NGC4056;Galaxie;180.9907;20.3125;16.47;0.63;0.53;Com;
NGC4057;NGC4057;Galaxie;181.0257;20.2351;12.57;1.29;0.99;Com;
NGC4058;NGC4058;Galaxie;180.9544;3.5482;13.89;1.39;0.69;Vir;
NGC4060;NGC4060;Galaxie;181.0042;20.3374;15.49;0.55;0.35;Com;
NGC4062;NGC4062;Galaxie;181.016;31.8958;11.15;4.14;1.61;UMa;
NGC4063;NGC4063;Galaxie;181.025;1.847;14.86;0.92;0.4;Vir;
NGC4064;NGC4064;Galaxie;181.0465;18.4434;11.33;3.22;1.31;Com;
NGC4066;NGC4066;Galaxie;181.0392;20.3479;14.17;1.16;1.09;Com;
NGC4067;NGC4067;Galaxie;181.0481;10.8544;13.42;1.13;0.82;Vir;
NGC4068;NGC4068;Galaxie;181.0033;52.5883;12.71;1.92;1.16;UMa;
NGC4069;NGC4069;Galaxie;181.0252;20.3238;16.3;0.49;0.35;Com;
NGC4070;NGC4070;Galaxie;181.0471;20.4098;14.06;1.24;0.99;Com;
NGC4071;NGC4071;Nebuleuse;181.0657;-67.3101;13;1.05;1.05;Mus;
NGC4072;NGC4072;Galaxie;181.0577;20.2097;15.54;0.44;0.22;Com;
NGC4073;NGC4073;Galaxie;181.1128;1.896;11.51;2.09;1.7;Vir;
NGC4074;NGC4074;Galaxie;181.1237;20.3162;14.44;0.55;0.31;Com;
NGC4075;NGC4075;Galaxie;181.1576;2.0725;14.52;1.21;0.66;Vir;
NGC4076;NGC4076;Galaxie;181.1355;20.2049;13.45;0.87;0.79;Com;
NGC4077;NGC4077;Galaxie;181.1585;1.7877;14.13;1.26;0.86;Vir;
NGC4078;NGC4078;Galaxie;181.1985;10.5956;13.77;1.17;0.58;Vir;
NGC4079;NGC4079;Galaxie;181.2077;-2.3824;13.81;1.73;1.18;Vir;
NGC4080;NGC4080;Galaxie;181.216;26.9925;13.88;1.23;0.58;Com;
NGC4081;NGC4081;Galaxie;181.1413;64.4368;13.06;1.43;0.63;UMa;
NGC4082;NGC4082;Galaxie;181.2977;10.6706;14.94;0.78;0.35;Vir;
NGC4083;NGC4083;Galaxie;181.3085;10.6132;15.12;0.88;0.46;Vir;
NGC4084;NGC4084;Galaxie;181.3136;21.2144;14.64;1.08;1.07;Com;
NGC4085;NGC4085;Galaxie;181.3446;50.3529;12.37;2.22;0.57;UMa;
NGC4086;NGC4086;Galaxie;181.3724;20.2468;14.95;1.17;0.87;Com;
NGC4087;NGC4087;Galaxie;181.3972;-26.5226;13.15;2;1.69;Hya;
NGC4088;NGC4088;Galaxie;181.3925;50.539;10.6;7.01;2.65;UMa;
NGC4089;NGC4089;Galaxie;181.406;20.5557;14.64;0.86;0.84;Com;
NGC4090;NGC4090;Galaxie;181.3663;20.3087;14.78;1.12;0.5;Com;
NGC4091;NGC4091;Galaxie;181.417;20.5557;15;0.94;0.24;Com;
NGC4092;NGC4092;Galaxie;181.4588;20.477;13.57;1.01;0.99;Com;
NGC4093;NGC4093;Galaxie;181.4645;20.522;15.15;0.75;0.61;Com;
NGC4094;NGC4094;Galaxie;181.4748;-14.5264;12.01;4.4;1.51;Crv;
NGC4095;NGC4095;Galaxie;181.4759;20.5725;14.35;1.36;1.07;Com;
NGC4096;NGC4096;Galaxie;181.5047;47.4784;10.57;5.65;1.43;UMa;
NGC4097;NGC4097;Galaxie;181.5105;36.8637;14.4;1.22;0.92;UMa;
NGC4098;NGC4098;Galaxie;181.5163;20.6061;;1.2;1.2;Com;
NGC4098 NED01;NGC4098 NED01;Galaxie;181.5149;20.6081;14.38;1.32;0.85;Com;
NGC4098 NED02;NGC4098 NED02;Galaxie;181.5176;20.6039;15.06;1.23;0.79;Com;
NGC4100;NGC4100;Galaxie;181.5352;49.5827;11.09;4.56;1.3;UMa;
NGC4101;NGC4101;Galaxie;181.544;25.557;14.54;1.18;0.74;Com;
NGC4102;NGC4102;Galaxie;181.5958;52.7111;11.87;2.94;1.67;UMa;
NGC4103;NGC4103;Amas ouvert;181.6649;-61.2501;7.4;7.8;7.8;Cru;
NGC4104;NGC4104;Galaxie;181.6624;28.1742;12.14;2.5;1.09;Com;
NGC4105;NGC4105;Galaxie;181.6699;-29.7602;10.62;4.33;3.41;Hya;
NGC4106;NGC4106;Galaxie;181.6867;-29.7683;11.3;4.14;3.33;Hya;
NGC4108;NGC4108;Galaxie;181.6857;67.1631;13.05;1.63;1.33;Dra;
NGC4108A;NGC4108A;Galaxie;181.4569;67.2521;14.58;1.28;0.56;Dra;
NGC4108B;NGC4108B;Galaxie;181.7984;67.2352;14.5;1.33;1.02;Dra;
NGC4109;NGC4109;Galaxie;181.713;42.9956;14.97;0.7;0.53;CVn;
NGC4110;NGC4110;Galaxie;181.7644;18.5317;14.5;1.31;0.65;Com;
NGC4111;NGC4111;Galaxie;181.763;43.0657;10.81;1.78;0.64;CVn;
NGC4112;NGC4112;Galaxie;181.7895;-40.2082;12.71;1.7;0.99;Cen;
NGC4113;NGC4113;Galaxie;181.7853;32.9959;14.84;0.81;0.47;Com;
NGC4114;NGC4114;Galaxie;181.8012;-14.1855;14.06;2.16;1.07;Crv;
NGC4115;NGC4115;Autre;181.7898;14.4066;;;;Com;
NGC4116;NGC4116;Galaxie;181.9048;2.6905;12.02;2.57;1.49;Vir;
NGC4117;NGC4117;Galaxie;181.9421;43.1264;14.3;1.58;0.63;CVn;
NGC4118;NGC4118;Galaxie;181.9703;43.1111;15.75;0.69;0.38;CVn;
NGC4119;NGC4119;Galaxie;182.0401;10.3789;11.5;1.58;1.1;Vir;
NGC4120;NGC4120;Galaxie;182.1292;69.5448;14.01;1.57;0.38;Dra;
NGC4121;NGC4121;Galaxie;181.986;65.1139;12.99;0.52;0.46;Dra;
NGC4123;NGC4123;Galaxie;182.0463;2.8783;11.39;3.18;2.32;Vir;
NGC4125;NGC4125;Galaxie;182.0251;65.1741;9.71;5.87;4.58;Dra;
NGC4126;NGC4126;Galaxie;182.156;16.1428;14.48;0.81;0.61;Com;
NGC4127;NGC4127;Galaxie;182.1098;76.804;13.42;1.51;0.82;Cam;
NGC4128;NGC4128;Galaxie;182.1347;68.7676;11.96;2.21;0.67;Dra;
NGC4129;NGC4129;Galaxie;182.2217;-9.0365;12.48;2.58;0.71;Vir;
NGC4131;NGC4131;Galaxie;182.197;29.3048;13.27;1.36;0.59;Com;
NGC4132;NGC4132;Galaxie;182.2558;29.2501;13.99;1.14;0.41;Com;
NGC4133;NGC4133;Galaxie;182.2082;74.9043;13.01;1.66;1.09;Dra;
NGC4134;NGC4134;Galaxie;182.2917;29.1769;13.1;1.85;0.79;Com;
NGC4135;NGC4135;Galaxie;182.2867;44.0032;14.02;0.76;0.54;CVn;
NGC4136;NGC4136;Galaxie;182.3237;29.9276;11.9;2.34;2.18;Com;
NGC4137;NGC4137;Galaxie;182.323;44.0902;14.34;0.79;0.52;CVn;
NGC4138;NGC4138;Galaxie;182.3741;43.6853;11.8;2.92;1.64;CVn;
NGC4139;NGC4139;Galaxie;181.1418;1.8016;14.72;1.2;0.48;Vir;
NGC4141;NGC4141;Galaxie;182.4472;58.8492;14.6;1.18;0.75;UMa;
NGC4142;NGC4142;Galaxie;182.3758;53.1049;13.91;1.76;0.91;UMa;
NGC4143;NGC4143;Galaxie;182.4002;42.5342;12.08;2.73;1.68;CVn;
NGC4144;NGC4144;Galaxie;182.4942;46.4572;11.61;5.24;1;UMa;
NGC4145;NGC4145;Galaxie;182.5063;39.8839;11.22;4.62;2.11;CVn;
NGC4146;NGC4146;Galaxie;182.5761;26.4307;13.86;1.29;1.17;Com;
NGC4147;NGC4147;Amas globulaire;182.5257;18.5421;10.74;2.4;2.4;Com;
NGC4148;NGC4148;Galaxie;182.5332;35.8776;14.39;1.63;1.07;CVn;
NGC4149;NGC4149;Galaxie;182.6368;58.3041;13.92;1.37;0.27;UMa;
NGC4150;NGC4150;Galaxie;182.6402;30.4015;11.69;1.99;1.33;Com;
NGC4151;NGC4151;Galaxie;182.6358;39.4057;11.48;2.88;2.21;CVn;
NGC4152;NGC4152;Galaxie;182.6562;16.0329;12.5;1.36;0.89;Com;
NGC4155;NGC4155;Galaxie;182.6904;19.0408;14.43;1.24;1.05;Com;
NGC4156;NGC4156;Galaxie;182.7067;39.4727;13.53;1.11;0.95;CVn;
NGC4157;NGC4157;Galaxie;182.7682;50.4847;11.29;6.22;1.14;UMa;
NGC4158;NGC4158;Galaxie;182.7924;20.1757;13.28;1.45;1.14;Com;
NGC4159;NGC4159;Galaxie;182.7234;76.1259;14.22;1.36;0.55;Dra;
NGC4160;NGC4160;Autre;183.0072;43.7356;;;;CVn;
NGC4161;NGC4161;Galaxie;182.8894;57.7375;13.74;1.06;0.68;UMa;
NGC4162;NGC4162;Galaxie;182.9686;24.1237;11.7;2.28;1.37;Com;
NGC4163;NGC4163;Galaxie;183.0382;36.1692;13.15;1.67;1.12;CVn;
NGC4164;NGC4164;Galaxie;183.0228;13.2056;15.36;0.71;0.46;Vir;
NGC4165;NGC4165;Galaxie;183.0492;13.2465;13.63;1.24;0.67;Vir;
NGC4166;NGC4166;Galaxie;183.0398;17.757;14.16;1.05;0.52;Com;
NGC4168;NGC4168;Galaxie;183.072;13.2052;11.45;2.92;2.28;Vir;
NGC4169;NGC4169;Galaxie;183.0782;29.1794;12.2;1.64;0.81;Com;
NGC4170;NGC4170;Autre;183.0552;29.1668;;;;Com;
NGC4171;NGC4171;Autre;183.16;29.2245;;;;Com;
NGC4172;NGC4172;Galaxie;183.062;56.1776;14.26;1.23;1.16;UMa;
NGC4173;NGC4173;Galaxie;183.0894;29.2071;13.34;2.34;0.52;Com;
NGC4174;NGC4174;Galaxie;183.112;29.1492;13.64;0.91;0.41;Com;
NGC4175;NGC4175;Galaxie;183.1294;29.1684;13.45;1.61;0.33;Com;
NGC4176;NGC4176;Galaxie;183.1535;-9.1605;15.44;0.7;0.46;Vir;
NGC4177;NGC4177;Galaxie;183.1719;-14.0146;13.29;1.82;1.27;Crv;
NGC4178;NGC4178;Galaxie;183.1935;10.866;11.43;4.66;1.24;Vir;
NGC4179;NGC4179;Galaxie;183.2171;1.2997;10.93;4.48;1.22;Vir;
NGC4180;NGC4180;Galaxie;183.2627;7.0389;13.22;1.45;0.49;Vir;
NGC4181;NGC4181;Galaxie;183.2041;52.9033;14.83;1.12;0.77;UMa;
NGC4183;NGC4183;Galaxie;183.3203;43.6986;12.29;4.29;0.63;CVn;
NGC4184;NGC4184;Amas ouvert;183.3858;-62.7214;;;;Cru;
NGC4185;NGC4185;Galaxie;183.3425;28.511;13.41;1.85;1.26;Com;
NGC4186;NGC4186;Galaxie;183.5272;14.7258;14.52;1.02;0.79;Com;
NGC4187;NGC4187;Galaxie;183.372;50.7415;14.26;1.64;1.05;CVn;
NGC4188;NGC4188;Galaxie;183.5307;-12.586;14.31;0.67;0.55;Crv;
NGC4189;NGC4189;Galaxie;183.447;13.4248;11.84;2.2;1.79;Com;
NGC4190;NGC4190;Galaxie;183.4365;36.634;13.13;1.53;1.41;CVn;
NGC4191;NGC4191;Galaxie;183.46;7.2009;13.56;1.52;1.23;Vir;
NGC4192;NGC4192;Galaxie;183.4512;14.9003;10.84;11.04;2.66;Com;
NGC4193;NGC4193;Galaxie;183.4733;13.1729;12.29;2.23;0.99;Vir;
NGC4194;NGC4194;Galaxie;183.5395;54.5268;12.77;1.64;1.14;UMa;Medusa Galaxy Merger
NGC4195;NGC4195;Galaxie;183.5753;59.6154;15.29;1.51;1.32;UMa;
NGC4196;NGC4196;Galaxie;183.624;28.4234;13.62;1.14;0.81;Com;
NGC4197;NGC4197;Galaxie;183.6606;5.8057;13.36;2.84;0.73;Vir;
NGC4198;NGC4198;Galaxie;183.5919;56.0114;14.44;0.8;0.43;UMa;
NGC4199;NGC4199;Galaxie;183.7092;59.9075;;1.1;1.1;UMa;
NGC4199A;NGC4199A;Galaxie;183.7026;59.9062;15.3;1.02;0.69;UMa;
NGC4199B;NGC4199B;Galaxie;183.7154;59.9084;16.43;0.85;0.41;UMa;
NGC4200;NGC4200;Galaxie;183.6843;12.1807;12.96;1.43;0.86;Vir;
NGC4201;NGC4201;Galaxie;183.6744;-11.5829;14.47;1;0.73;Vir;
NGC4202;NGC4202;Galaxie;184.5356;-1.0641;14.53;1.03;0.56;Vir;
NGC4203;NGC4203;Galaxie;183.7711;33.1973;11.55;3.42;1.43;Com;
NGC4204;NGC4204;Galaxie;183.8102;20.6586;12.89;4.06;4.06;Com;
NGC4205;NGC4205;Galaxie;183.7314;63.7828;13.71;1.67;0.66;Dra;
NGC4206;NGC4206;Galaxie;183.82;13.024;12.17;4.69;0.88;Vir;
NGC4207;NGC4207;Galaxie;183.8771;9.5849;13.4;1.5;0.77;Vir;
NGC4208;NGC4208;Galaxie;183.914;13.9015;11.1;2.8;1.69;Com;
NGC4209;NGC4209;Autre;183.8576;28.4684;13.6;;;Com;
NGC4210;NGC4210;Galaxie;183.816;65.9853;13.38;1.94;1.39;Dra;
NGC4211;NGC4211;Galaxie;183.8994;28.1776;14.3;1.03;0.6;Com;
NGC4211A;NGC4211A;Galaxie;183.9055;28.1696;15.85;0.44;0.29;Com;
NGC4213;NGC4213;Galaxie;183.9065;23.9819;12.57;1.57;1.1;Com;
NGC4214;NGC4214;Galaxie;183.9132;36.3269;9.77;6.79;5.28;CVn;
NGC4215;NGC4215;Galaxie;183.9772;6.4011;11.96;1.69;0.57;Vir;
NGC4216;NGC4216;Galaxie;183.9768;13.1494;9.93;7.82;1.84;Vir;
NGC4217;NGC4217;Galaxie;183.9621;47.0918;11.23;5.43;1.61;CVn;
NGC4218;NGC4218;Galaxie;183.9434;48.1308;13.45;0.96;0.62;CVn;
NGC4219;NGC4219;Galaxie;184.1138;-43.3243;11.83;3.75;1.23;Cen;
NGC4219A;NGC4219A;Galaxie;184.4995;-43.54;14.73;1.29;0.56;Cen;
NGC4220;NGC4220;Galaxie;184.0488;47.8833;11.33;3.3;0.99;CVn;
NGC4221;NGC4221;Galaxie;183.9994;66.2308;13.32;1.85;1.21;Dra;
NGC4222;NGC4222;Galaxie;184.0938;13.3071;13.8;2.83;0.42;Com;
NGC4223;NGC4223;Galaxie;184.3575;6.6901;11.95;2.02;1.25;Vir;
NGC4224;NGC4224;Galaxie;184.1408;7.4621;11.77;2.9;1.17;Vir;
NGC4225;NGC4225;Galaxie;184.1599;-12.3277;14.97;0.84;0.61;Crv;
NGC4226;NGC4226;Galaxie;184.1095;47.0252;14.34;1.12;0.53;CVn;
NGC4227;NGC4227;Galaxie;184.1404;33.5221;13.72;1.49;0.82;CVn;
NGC4229;NGC4229;Galaxie;184.1616;33.5609;14.22;1.24;0.79;CVn;
NGC4230;NGC4230;Amas ouvert;184.289;-55.2861;9.4;5.4;5.4;Cen;
NGC4231;NGC4231;Galaxie;184.2036;47.4574;14.65;0.78;0.63;CVn;
NGC4232;NGC4232;Galaxie;184.2043;47.4388;14.52;1.23;0.54;CVn;
NGC4233;NGC4233;Galaxie;184.282;7.6244;11.94;2.34;0.98;Vir;
NGC4234;NGC4234;Galaxie;184.2882;3.6831;12.88;1.15;1.11;Vir;
NGC4235;NGC4235;Galaxie;184.2912;7.1916;11.97;4.41;0.89;Vir;
NGC4236;NGC4236;Galaxie;184.1755;69.4626;9.77;23.5;6.85;Dra;
NGC4237;NGC4237;Galaxie;184.2976;15.324;11.83;1.82;1.18;Com;
NGC4238;NGC4238;Galaxie;184.2325;63.4099;14.13;1.73;0.53;Dra;
NGC4239;NGC4239;Galaxie;184.3122;16.5314;12.77;1.36;0.79;Com;
NGC4240;NGC4240;Galaxie;184.3515;-9.9516;14.27;1.47;1.28;Vir;
NGC4241;NGC4241;Galaxie;184.4996;6.6542;13.05;1.46;1.03;Vir;
NGC4242;NGC4242;Galaxie;184.3757;45.6193;11.03;3.8;2.67;CVn;
NGC4244;NGC4244;Galaxie;184.3736;37.8071;10.18;16.22;7.24;CVn;
NGC4245;NGC4245;Galaxie;184.4032;29.608;11.42;2.55;1.62;Com;
NGC4246;NGC4246;Galaxie;184.4922;7.1859;12.72;2.14;1.09;Vir;
NGC4247;NGC4247;Galaxie;184.492;7.2739;14.79;0.99;0.84;Vir;
NGC4248;NGC4248;Galaxie;184.4577;47.4092;12.58;2.01;0.9;CVn;
NGC4249;NGC4249;Galaxie;184.4975;5.5986;14.48;0.86;0.84;Vir;
NGC4250;NGC4250;Galaxie;184.3595;70.8026;12.9;1.87;0.94;Dra;
NGC4251;NGC4251;Galaxie;184.5344;28.1754;10.77;2.34;1.23;Com;
NGC4252;NGC4252;Galaxie;184.6287;5.5595;14.65;1.19;0.41;Vir;
NGC4253;NGC4253;Galaxie;184.6105;29.8129;13.23;0.89;0.64;Com;
NGC4254;NGC4254;Galaxie;184.7067;14.4165;9.84;5.04;4.74;Com;Coma Pinwheel
NGC4255;NGC4255;Galaxie;184.734;4.7861;13.4;1.35;0.62;Vir;
NGC4256;NGC4256;Galaxie;184.6795;65.8983;12.68;3.87;0.76;Dra;
NGC4257;NGC4257;Galaxie;184.777;5.726;14.57;0.47;0.18;Vir;
NGC4258;NGC4258;Galaxie;184.7396;47.304;9.29;16.98;7.24;CVn;
NGC4259;NGC4259;Galaxie;184.8425;5.3764;13.57;1.04;0.45;Vir;
NGC4260;NGC4260;Galaxie;184.8427;6.0987;11.55;2.51;1.15;Vir;
NGC4261;NGC4261;Galaxie;184.8467;5.8252;11.11;4.25;3.35;Vir;
NGC4262;NGC4262;Galaxie;184.8774;14.8777;11.46;1.74;1.52;Com;
NGC4263;NGC4263;Galaxie;184.9258;-12.2256;13.64;1.16;0.55;Crv;
NGC4264;NGC4264;Galaxie;184.899;5.8468;12.79;0.86;0.67;Vir;
NGC4266;NGC4266;Galaxie;184.9262;5.5383;13.42;2;0.5;Vir;
NGC4267;NGC4267;Galaxie;184.9385;12.7983;10.89;2.55;1.76;Vir;
NGC4268;NGC4268;Galaxie;184.9468;5.2838;12.71;1.51;0.64;Vir;
NGC4269;NGC4269;Galaxie;184.955;6.015;13.41;1.22;0.93;Vir;
NGC4270;NGC4270;Galaxie;184.9561;5.4634;12.18;1.88;0.78;Vir;
NGC4271;NGC4271;Galaxie;184.8858;56.7366;13.59;1.77;1.36;UMa;
NGC4272;NGC4272;Galaxie;184.9485;30.3391;14.04;1.02;0.83;Com;
NGC4273;NGC4273;Galaxie;184.9837;5.3433;11.8;2.19;1.95;Vir;
NGC4274;NGC4274;Galaxie;184.9608;29.6145;10.42;3.63;1.7;Com;
NGC4275;NGC4275;Galaxie;184.9691;27.621;13.37;0.87;0.81;Com;
NGC4276;NGC4276;Galaxie;185.0312;7.6919;13.56;1.34;1.18;Vir;
NGC4277;NGC4277;Galaxie;185.0155;5.3414;13.5;0.76;0.32;Vir;
NGC4278;NGC4278;Galaxie;185.0284;29.2807;10.21;2.89;2.83;Com;
NGC4279;NGC4279;Galaxie;185.1042;-11.6666;15.13;1.17;0.72;Vir;
NGC4280;NGC4280;Autre;185.1329;-11.6524;;;;Vir;
NGC4281;NGC4281;Galaxie;185.0897;5.3864;11.31;2.85;1.43;Vir;
NGC4282;NGC4282;Galaxie;185.1013;5.5728;14.55;0.88;0.56;Vir;
NGC4283;NGC4283;Galaxie;185.0869;29.3109;12.32;1.23;1.13;Com;
NGC4284;NGC4284;Galaxie;185.0526;58.0929;14.49;1.9;0.86;UMa;
NGC4285;NGC4285;Galaxie;185.1658;-11.6419;15;0.93;0.46;Vir;
NGC4286;NGC4286;Galaxie;185.1754;29.3459;14.51;1.08;0.38;Com;
NGC4287;NGC4287;Galaxie;185.2021;5.6399;14.99;1.22;0.39;Vir;
NGC4288;NGC4288;Galaxie;185.1588;46.2917;12.91;1.7;1.35;CVn;
NGC4288A;NGC4288A;Galaxie;185.169;46.2554;15.7;0.72;0.64;CVn;
NGC4289;NGC4289;Galaxie;185.2594;3.7221;14.32;4.26;0.46;Vir;
NGC4290;NGC4290;Galaxie;185.198;58.0925;12.76;2.19;1.47;UMa;
NGC4291;NGC4291;Galaxie;185.0758;75.3708;11.42;1.93;1.62;Dra;
NGC4292;NGC4292;Galaxie;185.3186;4.5957;12.21;1.6;1.11;Vir;
NGC4293;NGC4293;Galaxie;185.3037;18.3824;10.17;6.24;3.72;Com;
NGC4294;NGC4294;Galaxie;185.3243;11.5104;12.05;2.69;1.02;Vir;
NGC4295;NGC4295;Galaxie;185.2908;28.1651;14.87;0.51;0.44;Com;
NGC4296;NGC4296;Galaxie;185.3683;6.6536;13.68;1.44;0.79;Vir;
NGC4297;NGC4297;Galaxie;185.3642;6.671;12.92;0.64;0.31;Vir;
NGC4298;NGC4298;Galaxie;185.3865;14.6062;11.35;2.54;1.4;Com;
NGC4299;NGC4299;Galaxie;185.419;11.4999;12.47;1.48;1.38;Vir;
NGC4300;NGC4300;Galaxie;185.4228;5.3848;13.36;1.79;0.72;Vir;
NGC4301;NGC4301;Galaxie;185.6134;4.5663;13.12;1.14;1.09;Vir;
NGC4302;NGC4302;Galaxie;185.427;14.5983;11.54;6;1.13;Com;
NGC4303;NGC4303;Galaxie;185.4787;4.4736;10.25;6.89;6.56;Vir;
NGC4304;NGC4304;Galaxie;185.553;-33.4845;11.77;2.48;2.43;Hya;
NGC4305;NGC4305;Galaxie;185.515;12.7409;12.61;2.3;1.19;Vir;
NGC4306;NGC4306;Galaxie;185.5171;12.7875;13.58;1.49;1.06;Vir;
NGC4307;NGC4307;Galaxie;185.5237;9.0436;12.71;3.44;0.81;Vir;
NGC4307A;NGC4307A;Galaxie;185.5305;8.9906;14.98;0.76;0.69;Vir;
NGC4308;NGC4308;Galaxie;185.4869;30.0744;13.25;0.94;0.69;Com;
NGC4309;NGC4309;Galaxie;185.5516;7.1443;13.56;1.93;0.92;Vir;
NGC4310;NGC4310;Galaxie;185.6096;29.209;13.44;1.93;0.76;Com;
NGC4311;NGC4311;Autre;185.6119;29.1459;;;;Com;
NGC4312;NGC4312;Galaxie;185.6307;15.5379;11.7;5.02;1.15;Com;
NGC4313;NGC4313;Galaxie;185.6606;11.8009;12.42;3.8;0.99;Vir;
NGC4314;NGC4314;Galaxie;185.6326;29.8959;10.57;3.7;3.56;Com;
NGC4315;NGC4315;Autre;185.6881;9.3054;;;;Vir;
NGC4316;NGC4316;Galaxie;185.676;9.3325;13.54;2.47;0.58;Vir;
NGC4317;NGC4317;Autre;185.6749;31.0379;;;;Com;
NGC4318;NGC4318;Galaxie;185.6804;8.1983;14.2;0.73;0.5;Vir;
NGC4319;NGC4319;Galaxie;185.4328;75.3226;12.88;2.45;0.97;Dra;
NGC4320;NGC4320;Galaxie;185.7405;10.5483;14.91;0.94;0.66;Vir;
NGC4321;NGC4321;Galaxie;185.7285;15.8218;9.47;6.1;5.62;Com;
NGC4322;NGC4322;Autre;185.6745;15.9033;13.4;;;Com;
NGC4323;NGC4323;Galaxie;185.7572;15.9056;13.76;1.23;0.71;Com;
NGC4324;NGC4324;Galaxie;185.7757;5.2503;11.5;2.96;1.21;Vir;
NGC4325;NGC4325;Galaxie;185.7778;10.6212;13.3;1.23;0.77;Vir;
NGC4326;NGC4326;Galaxie;185.7985;6.0721;14.23;1.13;1.07;Vir;
NGC4327;NGC4327;Autre;185.7813;15.7365;16.1;;;Com;
NGC4328;NGC4328;Galaxie;185.8335;15.8204;14.19;1.6;1.23;Com;
NGC4329;NGC4329;Galaxie;185.8363;-12.5586;14.65;1.08;0.59;Crv;
NGC4330;NGC4330;Galaxie;185.8219;11.368;13.12;2.29;0.6;Vir;
NGC4331;NGC4331;Galaxie;185.6498;76.1725;14.71;1.58;0.37;Dra;
NGC4332;NGC4332;Galaxie;185.6948;65.8438;13.22;1.97;1.43;Dra;
NGC4333;NGC4333;Galaxie;185.8428;6.0407;14.33;0.8;0.75;Vir;
NGC4334;NGC4334;Galaxie;185.8495;7.4732;14.09;2;0.91;Vir;
NGC4335;NGC4335;Galaxie;185.7578;58.4446;13.64;1.85;1.37;UMa;
NGC4336;NGC4336;Galaxie;185.8743;19.4269;13.23;1.54;0.81;Com;
NGC4337;NGC4337;Amas ouvert;186.0138;-58.1238;8.9;6.6;6.6;Cru;
NGC4339;NGC4339;Galaxie;185.8956;6.0817;11.41;2.32;2.2;Vir;
NGC4340;NGC4340;Galaxie;185.897;16.7224;11.15;2.82;1.79;Com;
NGC4341;NGC4341;Galaxie;185.9732;7.1071;13.26;1.67;0.51;Vir;
NGC4342;NGC4342;Galaxie;185.9125;7.054;12.51;1.25;0.64;Vir;
NGC4343;NGC4343;Galaxie;185.9112;6.9541;12.29;1.92;1.92;Vir;
NGC4344;NGC4344;Galaxie;185.9061;17.5409;13.31;1.34;1.3;Com;
NGC4346;NGC4346;Galaxie;185.8664;46.9938;12.14;3.13;1.13;CVn;
NGC4347;NGC4347;Autre;185.9685;-3.2404;;;;Vir;
NGC4348;NGC4348;Galaxie;185.975;-3.4429;12.28;2.67;0.5;Vir;
NGC4349;NGC4349;Amas ouvert;186.0252;-61.8704;7.4;6.3;6.3;Cru;
NGC4350;NGC4350;Galaxie;185.9911;16.6934;10.87;2.8;1.33;Com;
NGC4351;NGC4351;Galaxie;186.0062;12.2048;12.55;1.58;1.28;Vir;
NGC4352;NGC4352;Galaxie;186.0209;11.2181;12.52;1.64;0.77;Vir;
NGC4353;NGC4353;Galaxie;186.0011;7.7852;13.41;1.05;0.81;Vir;
NGC4355;NGC4355;Galaxie;186.7276;-0.8776;13.37;1.41;0.68;Vir;
NGC4356;NGC4356;Galaxie;186.0605;8.5359;13.41;2.01;0.73;Vir;
NGC4357;NGC4357;Galaxie;185.9951;48.7795;12.68;3.48;1.27;CVn;
NGC4358;NGC4358;Galaxie;186.0084;58.3852;14.18;1.15;0.92;UMa;
NGC4359;NGC4359;Galaxie;186.0465;31.5219;13.65;1.38;0.83;Com;
NGC4360;NGC4360;Galaxie;186.0904;9.2928;13.32;1.4;1.2;Vir;
NGC4360B;NGC4360B;Galaxie;186.0613;9.2669;14.9;0.5;0.41;Vir;
NGC4361;NGC4361;Nebuleuse;186.1282;-18.7848;10.9;1.05;1.05;Crv;
NGC4362;NGC4362;Galaxie;186.0469;58.3607;14.96;1.28;0.49;UMa;
NGC4363;NGC4363;Galaxie;185.8683;74.9522;14.54;0.79;0.63;Dra;
NGC4365;NGC4365;Galaxie;186.1178;7.3177;9.43;5.12;3.66;Vir;
NGC4366;NGC4366;Galaxie;186.1959;7.353;14.9;0.85;0.31;Vir;
NGC4367;NGC4367;Autre;186.1464;12.1823;;;;Vir;
NGC4369;NGC4369;Galaxie;186.1508;39.383;11.69;1.98;1.89;CVn;
NGC4370;NGC4370;Galaxie;186.2287;7.4449;13.84;1.62;1.06;Vir;
NGC4371;NGC4371;Galaxie;186.231;11.7042;10.83;3.88;1.81;Vir;
NGC4372;NGC4372;Amas globulaire;186.4391;-72.6591;9.85;12;12;Mus;
NGC4373;NGC4373;Galaxie;186.3242;-39.7597;10.92;3.98;2.11;Cen;
NGC4373A;NGC4373A;Galaxie;186.4072;-39.3197;12.2;2.8;1.04;Cen;
NGC4373B;NGC4373B;Galaxie;186.6824;-39.1342;15.06;1.03;0.8;Cen;
NGC4374;NGC4374;Galaxie;186.2656;12.887;9.79;7.41;6.44;Vir;
NGC4375;NGC4375;Galaxie;186.252;28.5586;13.83;1.16;0.85;Com;
NGC4376;NGC4376;Galaxie;186.3252;5.7412;13.81;1.32;0.79;Vir;
NGC4377;NGC4377;Galaxie;186.3014;14.7622;11.8;1.6;1.24;Com;
NGC4378;NGC4378;Galaxie;186.3254;4.9251;11.29;2.09;1.93;Vir;
NGC4379;NGC4379;Galaxie;186.3114;15.6075;11.63;1.87;1.52;Com;
NGC4380;NGC4380;Galaxie;186.3424;10.0168;11.29;3.35;1.78;Vir;
NGC4382;NGC4382;Galaxie;186.3505;18.1915;9.05;6.95;5.35;Com;
NGC4383;NGC4383;Galaxie;186.3563;16.4701;12.18;1.67;0.9;Com;
NGC4384;NGC4384;Galaxie;186.2999;54.5062;13.06;1.27;0.99;UMa;
NGC4385;NGC4385;Galaxie;186.4283;0.5726;12.96;2.15;1.16;Vir;
NGC4386;NGC4386;Galaxie;186.1181;75.5289;11.69;2.52;1.44;Dra;
NGC4387;NGC4387;Galaxie;186.4237;12.8105;12.13;1.58;0.94;Vir;
NGC4388;NGC4388;Galaxie;186.4448;12.6621;11.02;5.38;1.29;Vir;
NGC4389;NGC4389;Galaxie;186.3963;45.6847;12.55;2.51;1.67;CVn;
NGC4390;NGC4390;Galaxie;186.4611;10.4591;13.34;1.52;1.13;Vir;
NGC4391;NGC4391;Galaxie;186.3283;64.9335;13.73;1.25;1.24;Dra;
NGC4392;NGC4392;Galaxie;186.329;45.8475;14.29;1.58;1.16;CVn;
NGC4393;NGC4393;Galaxie;186.4635;27.5616;13.72;2.92;2.7;Com;
NGC4394;NGC4394;Galaxie;186.4814;18.2141;11.03;3.48;3.35;Com;
NGC4395;NGC4395;Galaxie;186.4536;33.5469;10.29;4.17;1.39;CVn;
NGC4396;NGC4396;Galaxie;186.4951;15.6715;12.64;2.97;1.04;Com;
NGC4397;NGC4397;Autre;186.4923;18.301;;;;Com;
NGC4398;NGC4398;Autre;186.531;10.6861;;;;Vir;
NGC4399;NGC4399;Autre;186.4292;33.5161;;;;CVn;
NGC4400;NGC4400;Autre;186.483;33.5148;;;;CVn;
NGC4401;NGC4401;Autre;186.4899;33.5284;;;;CVn;
NGC4402;NGC4402;Galaxie;186.5319;13.1133;11.78;3.52;1;Vir;
NGC4403;NGC4403;Galaxie;186.5533;-7.6849;13.49;1.58;0.61;Vir;
NGC4404;NGC4404;Galaxie;186.5675;-7.6808;14.25;1.56;1;Vir;
NGC4405;NGC4405;Galaxie;186.5298;16.181;12.94;1.52;1.02;Com;
NGC4406;NGC4406;Galaxie;186.5489;12.9462;8.86;11.53;8.43;Vir;
NGC4407;NGC4407;Galaxie;186.6344;12.611;12.25;2.08;1.46;Vir;
NGC4408;NGC4408;Galaxie;186.5718;27.8712;15.15;0.62;0.52;Com;
NGC4409;NGC4409;Galaxie;186.7438;2.4944;12.77;1.82;0.89;Vir;
NGC4410;NGC4410;Galaxie;186.6202;9.0197;;1.2;1.2;Vir;
NGC4410A;NGC4410A;Galaxie;186.6179;9.0199;16.08;0.62;0.45;Vir;
NGC4410B;NGC4410B;Galaxie;186.6232;9.0192;14.17;0.58;0.53;Vir;
NGC4410C;NGC4410C;Galaxie;186.6479;9.0355;14.78;0.85;0.56;Vir;
NGC4411;NGC4411;Galaxie;186.6254;8.8722;12.82;1.63;0.98;Vir;
NGC4411B;NGC4411B;Galaxie;186.6968;8.8846;12.41;1.92;1.72;Vir;
NGC4412;NGC4412;Galaxie;186.6503;3.9647;13.16;1.5;1.35;Vir;
NGC4414;NGC4414;Galaxie;186.6129;31.2235;10.2;1.95;1.12;Com;
NGC4415;NGC4415;Galaxie;186.6687;8.4357;13.59;1.28;1.13;Vir;
NGC4416;NGC4416;Galaxie;186.6947;7.919;11.57;1.57;1.37;Vir;
NGC4417;NGC4417;Galaxie;186.7109;9.5843;11.22;3.09;1.09;Vir;
NGC4419;NGC4419;Galaxie;186.7352;15.0474;11.06;3.89;1.3;Com;
NGC4421;NGC4421;Galaxie;186.7606;15.4615;11.42;2.59;1.97;Com;
NGC4422;NGC4422;Galaxie;186.8005;-5.831;14.59;1.48;1.43;Vir;
NGC4423;NGC4423;Galaxie;186.7874;5.8802;13.88;2.05;0.41;Vir;
NGC4424;NGC4424;Galaxie;186.7984;9.4207;11.68;3.04;1.57;Vir;
NGC4425;NGC4425;Galaxie;186.8055;12.7347;11.95;3.08;1.26;Vir;
NGC4426;NGC4426;Autre;186.7939;27.8382;;;;Com;
NGC4428;NGC4428;Galaxie;186.8679;-8.1679;13.15;1.62;0.67;Vir;
NGC4429;NGC4429;Galaxie;186.8605;11.1077;10.08;5.3;2.42;Vir;
NGC4430;NGC4430;Galaxie;186.86;6.2628;12.65;2.02;1.5;Vir;
NGC4431;NGC4431;Galaxie;186.8641;12.2903;12.97;1.53;0.88;Vir;
NGC4432;NGC4432;Galaxie;186.8874;6.2332;14.93;0.64;0.49;Vir;
NGC4433;NGC4433;Galaxie;186.9108;-8.2784;12.66;2;0.67;Vir;
NGC4434;NGC4434;Galaxie;186.9028;8.1543;12.12;1.42;1.36;Vir;
NGC4435;NGC4435;Galaxie;186.9187;13.0789;10.96;3.03;2.14;Vir;Eyes
NGC4436;NGC4436;Galaxie;186.9218;12.3159;13.19;1.66;0.79;Vir;
NGC4438;NGC4438;Galaxie;186.94;13.0088;10.92;9.16;4.02;Vir;Eyes
NGC4439;NGC4439;Amas ouvert;187.1098;-60.1032;8.4;4.5;4.5;Cru;
NGC4440;NGC4440;Galaxie;186.9732;12.2933;11.81;1.77;1.44;Vir;
NGC4441;NGC4441;Galaxie;186.8348;64.8015;12.67;4.13;2.96;Dra;
NGC4442;NGC4442;Galaxie;187.0162;9.8037;10.6;4.32;1.61;Vir;
NGC4444;NGC4444;Galaxie;187.1517;-43.2617;13.06;2.27;1.85;Cen;
NGC4445;NGC4445;Galaxie;187.0664;9.4362;12.76;2.54;0.5;Vir;
NGC4446;NGC4446;Galaxie;187.0283;13.9117;14.58;0.98;0.59;Com;
NGC4447;NGC4447;Galaxie;187.0522;13.8992;14.8;0.75;0.62;Com;
NGC4448;NGC4448;Galaxie;187.0643;28.6203;11.11;1.58;1.04;Com;
NGC4449;NGC4449;Galaxie;187.0462;44.0936;9.64;4.66;2.71;CVn;
NGC4450;NGC4450;Galaxie;187.1235;17.0849;10.87;5.46;3.78;Com;
NGC4451;NGC4451;Galaxie;187.169;9.2588;12.51;1.35;0.86;Vir;
NGC4452;NGC4452;Galaxie;187.1805;11.755;11.9;3.36;0.6;Vir;
NGC4453;NGC4453;Galaxie;187.1967;6.5075;;1.2;1.2;Vir;
NGC4453 NED01;NGC4453 NED01;Galaxie;187.195;6.512;15.71;0.63;0.3;Vir;
NGC4453 NED02;NGC4453 NED02;Galaxie;187.1987;6.5036;17.82;0.34;0.22;Vir;
NGC4454;NGC4454;Galaxie;187.2115;-1.9392;11.93;2.17;1.99;Vir;
NGC4455;NGC4455;Galaxie;187.1838;22.8204;13.12;1.61;0.56;Com;
NGC4456;NGC4456;Galaxie;186.9683;-30.0979;14.12;1.29;0.69;Hya;
NGC4457;NGC4457;Galaxie;187.2459;3.5706;10.57;2.79;2.37;Vir;
NGC4458;NGC4458;Galaxie;187.2399;13.2419;12.12;1.59;1.48;Vir;
NGC4459;NGC4459;Galaxie;187.25;13.9784;10.25;4.17;3.16;Com;
NGC4460;NGC4460;Galaxie;187.1898;44.8642;12.4;3.93;1.05;CVn;
NGC4461;NGC4461;Galaxie;187.2625;13.1837;11.02;3.61;1.23;Vir;
NGC4462;NGC4462;Galaxie;187.3384;-23.1664;11.85;3.6;1.33;Crv;
NGC4463;NGC4463;Amas ouvert;187.4801;-64.7897;7.2;4.8;4.8;Mus;
NGC4464;NGC4464;Galaxie;187.3387;8.1566;12.6;1.01;0.76;Vir;
NGC4465;NGC4465;Galaxie;187.3481;8.026;15.22;0.26;0.21;Vir;
NGC4466;NGC4466;Galaxie;187.3774;7.6964;14.34;0.93;0.57;Vir;
NGC4467;NGC4467;Galaxie;187.376;7.9929;14.15;0.59;0.49;Vir;
NGC4468;NGC4468;Galaxie;187.3787;14.0491;12.96;1.54;1;Com;
NGC4469;NGC4469;Galaxie;187.3668;8.7499;11.04;2.86;1.05;Vir;
NGC4470;NGC4470;Galaxie;187.4074;7.8242;13.06;1.28;0.86;Vir;
NGC4471;NGC4471;Galaxie;187.4044;7.9328;15.24;0.44;0.43;Vir;
NGC4472;NGC4472;Galaxie;187.4448;8.0005;8.28;10.21;8.38;Vir;
NGC4473;NGC4473;Galaxie;187.4536;13.4294;10.09;4.27;2.51;Com;
NGC4474;NGC4474;Galaxie;187.4731;14.0686;11.56;2.33;1.57;Com;
NGC4475;NGC4475;Galaxie;187.4482;27.2433;13.85;1.1;0.61;Com;
NGC4476;NGC4476;Galaxie;187.4962;12.3487;12.2;1.7;1.15;Vir;
NGC4477;NGC4477;Galaxie;187.5092;13.6366;10.31;3.7;3.22;Com;
NGC4478;NGC4478;Galaxie;187.5726;12.3286;11.44;1.75;1.43;Vir;
NGC4479;NGC4479;Galaxie;187.5765;13.5776;12.52;1.43;1.25;Com;
NGC4480;NGC4480;Galaxie;187.6116;4.2466;12.4;1.89;0.97;Vir;
NGC4481;NGC4481;Galaxie;187.4528;64.033;14.76;1.23;0.52;Dra;
NGC4482;NGC4482;Galaxie;187.543;10.7795;13.01;1.51;0.85;Vir;
NGC4483;NGC4483;Galaxie;187.6694;9.0157;12.18;1.65;0.85;Vir;
NGC4484;NGC4484;Galaxie;187.2195;-11.6521;14.21;1.26;1.1;Vir;
NGC4485;NGC4485;Galaxie;187.6297;41.7012;12.18;2.01;1.34;CVn;
NGC4486;NGC4486;Galaxie;187.7059;12.3911;9;7.11;6.67;Vir;Virgo Galaxy
NGC4486A;NGC4486A;Galaxie;187.7405;12.2704;12.53;0.92;0.81;Vir;
NGC4486B;NGC4486B;Galaxie;187.6332;12.4902;13.38;0.38;0.37;Vir;
NGC4487;NGC4487;Galaxie;187.7686;-8.0539;11.45;3.46;1.9;Vir;
NGC4488;NGC4488;Galaxie;187.714;8.36;12.02;2.75;0.76;Vir;
NGC4489;NGC4489;Galaxie;187.7177;16.7589;12.68;1.72;1.56;Com;
NGC4490;NGC4490;Galaxie;187.651;41.6439;9.72;6.71;1.65;CVn;
NGC4491;NGC4491;Galaxie;187.738;11.4835;12.43;1.64;0.86;Vir;
NGC4492;NGC4492;Galaxie;187.7488;8.0779;11.99;2.11;1.86;Vir;
NGC4493;NGC4493;Galaxie;187.7849;0.6137;14.72;1.52;0.74;Vir;
NGC4494;NGC4494;Galaxie;187.8504;25.7752;9.8;4.35;4.13;Com;
NGC4495;NGC4495;Galaxie;187.8453;29.1365;13.46;1.34;0.57;Com;
NGC4496;NGC4496;Galaxie;187.9167;3.9328;;3.5;3.5;Vir;
NGC4496A;NGC4496A;Galaxie;187.9134;3.9395;11.59;3.37;2.78;Vir;
NGC4496B;NGC4496B;Galaxie;187.9203;3.9263;14.52;1.05;0.91;Vir;
NGC4497;NGC4497;Galaxie;187.8855;11.6247;12.46;2;1.03;Vir;
NGC4498;NGC4498;Galaxie;187.9148;16.8528;12.76;2.88;1.53;Com;
NGC4499;NGC4499;Galaxie;188.0206;-39.9825;13.14;2.01;1.29;Cen;
NGC4500;NGC4500;Galaxie;187.8423;57.9646;12.52;1.53;1.06;UMa;
NGC4501;NGC4501;Galaxie;187.9965;14.4204;10.33;8.65;4.38;Com;
NGC4502;NGC4502;Galaxie;188.014;16.6877;14.56;1.04;0.54;Com;
NGC4503;NGC4503;Galaxie;188.026;11.1764;10.97;3.48;1.58;Vir;
NGC4504;NGC4504;Galaxie;188.0727;-7.5634;11.61;3.18;1.97;Vir;
NGC4506;NGC4506;Galaxie;188.0439;13.4196;13.56;1.63;1.11;Com;
NGC4507;NGC4507;Galaxie;188.9026;-39.9093;13.13;1.39;1.19;Cen;
NGC4508;NGC4508;Autre;188.0726;5.82;;;;Vir;
NGC4509;NGC4509;Galaxie;188.2783;32.0916;14.08;0.67;0.37;CVn;
NGC4510;NGC4510;Galaxie;187.9467;64.2338;14.07;1.46;0.84;Dra;
NGC4511;NGC4511;Galaxie;188.0338;56.4712;14.52;0.92;0.57;UMa;
NGC4512;NGC4512;Galaxie;188.1985;63.9392;12.97;2.57;0.5;Dra;
NGC4513;NGC4513;Galaxie;188.0063;66.3326;13.99;2.06;1.35;Dra;
NGC4514;NGC4514;Galaxie;188.179;29.7124;13.98;1;0.8;Com;
NGC4515;NGC4515;Galaxie;188.2707;16.2655;12.65;1.35;1.06;Com;
NGC4516;NGC4516;Galaxie;188.2814;14.5749;13.53;1.75;0.97;Com;
NGC4517;NGC4517;Galaxie;188.19;0.115;10.48;9.02;1.42;Vir;
NGC4517A;NGC4517A;Galaxie;188.1173;0.3897;12.24;2.05;0.98;Vir;
NGC4518;NGC4518;Galaxie;188.299;7.8516;14.53;1.18;0.58;Vir;
NGC4519;NGC4519;Galaxie;188.376;8.6547;12;2.33;1.77;Vir;
NGC4519A;NGC4519A;Galaxie;188.353;8.6907;15.71;0.58;0.3;Vir;
NGC4520;NGC4520;Galaxie;188.4579;-7.3756;14.65;0.79;0.46;Vir;
NGC4522;NGC4522;Galaxie;188.4155;9.175;12.93;3.51;0.91;Vir;
NGC4523;NGC4523;Galaxie;188.45;15.1683;13.61;1.24;1.15;Com;
NGC4524;NGC4524;Galaxie;188.4766;-12.0276;14.23;1.25;0.7;Crv;
NGC4525;NGC4525;Galaxie;188.4631;30.2775;12.98;2;1.03;Com;
NGC4526;NGC4526;Galaxie;188.5129;7.6995;9.59;6.95;2.47;Vir;
NGC4527;NGC4527;Galaxie;188.5351;2.6537;10.5;6.3;1.72;Vir;
NGC4528;NGC4528;Galaxie;188.5253;11.3212;11.97;1.6;0.86;Vir;
NGC4529;NGC4529;Galaxie;188.2152;20.1835;15.09;1.11;0.25;Com;
NGC4530;NGC4530;Autre;188.4488;41.3535;;;;CVn;
NGC4531;NGC4531;Galaxie;188.5662;13.0753;12.36;3.03;1.97;Vir;
NGC4532;NGC4532;Galaxie;188.5805;6.4677;11.92;2.49;0.88;Vir;
NGC4533;NGC4533;Galaxie;188.5917;2.3254;14.25;1.82;0.43;Vir;
NGC4534;NGC4534;Galaxie;188.5226;35.5183;13.15;2.78;1.64;CVn;
NGC4535;NGC4535;Galaxie;188.5846;8.1978;9.89;8.15;7.48;Vir;
NGC4536;NGC4536;Galaxie;188.6127;2.1881;10.48;7.08;2.55;Vir;
NGC4537;NGC4537;Galaxie;188.7038;50.8052;15.2;1.34;0.76;CVn;
NGC4538;NGC4538;Galaxie;188.6704;3.3237;14.55;0.71;0.4;Vir;
NGC4539;NGC4539;Galaxie;188.6448;18.2027;12.05;2.74;1.08;Com;
NGC4540;NGC4540;Galaxie;188.712;15.5517;12.31;2.19;1.83;Com;
NGC4541;NGC4541;Galaxie;188.7944;-0.2211;13.94;1.63;0.64;Vir;
NGC4543;NGC4543;Galaxie;188.8343;6.1151;14.27;1.02;0.63;Vir;
NGC4544;NGC4544;Galaxie;188.9024;3.0345;13.84;1.93;0.6;Vir;
NGC4545;NGC4545;Galaxie;188.6423;63.5251;13.14;2.43;1.37;Dra;
NGC4546;NGC4546;Galaxie;188.873;-3.7932;10.57;3.16;1.76;Vir;
NGC4547;NGC4547;Galaxie;188.716;58.9168;15.01;1.19;0.92;UMa;
NGC4548;NGC4548;Galaxie;188.8602;14.4963;10.96;5.55;4.52;Com;
NGC4549;NGC4549;Galaxie;188.8386;58.9497;15.95;0.6;0.27;UMa;
NGC4550;NGC4550;Galaxie;188.8774;12.2208;12.03;3.16;0.71;Vir;
NGC4551;NGC4551;Galaxie;188.9081;12.264;11.98;1.71;1.26;Vir;
NGC4552;NGC4552;Galaxie;188.9159;12.5563;10.08;8.13;8;Vir;
NGC4553;NGC4553;Galaxie;189.0317;-39.4387;12.2;2.59;1.34;Cen;
NGC4554;NGC4554;Autre;188.998;11.2654;;;;Vir;
NGC4555;NGC4555;Galaxie;188.9216;26.5231;13.4;1.4;1.04;Com;
NGC4556;NGC4556;Galaxie;188.9411;26.9089;14.24;1.31;0.87;Com;
NGC4557;NGC4557;Autre;188.9573;27.0538;;;;Com;
NGC4558;NGC4558;Galaxie;188.9694;26.9921;14.93;0.73;0.31;Com;
NGC4559;NGC4559;Galaxie;188.9902;27.96;9.92;10.57;4.82;Com;
NGC4559A;NGC4559A;Galaxie;189.2227;27.862;14.49;0.4;0.21;Com;
NGC4559B;NGC4559B;Galaxie;189.2247;27.7491;15.33;0.62;0.25;Com;
NGC4559C;NGC4559C;Nebuleuse;188.9672;27.9321;;;;Com;
NGC4561;NGC4561;Galaxie;189.0342;19.3229;12.61;1.32;1.12;Com;
NGC4562;NGC4562;Galaxie;188.895;25.85;14.37;1.93;0.64;Com;
NGC4563;NGC4563;Galaxie;189.0537;26.9414;15.55;0.56;0.4;Com;
NGC4564;NGC4564;Galaxie;189.1124;11.4393;11.26;3.13;1.68;Vir;
NGC4565;NGC4565;Galaxie;189.0866;25.9877;10.86;16.75;2.89;Com;Needle Galaxy
NGC4565B;NGC4565B;Galaxie;188.9237;26.2222;15.11;0.8;0.45;Com;
NGC4565C;NGC4565C;Galaxie;188.9226;26.2858;16.43;0.96;0.14;Com;
NGC4566;NGC4566;Galaxie;189.0005;54.221;13.23;1.08;0.75;UMa;
NGC4567;NGC4567;Galaxie;189.1363;11.258;11.32;2.74;2.15;Vir;Butterfly Galaxies
NGC4568;NGC4568;Galaxie;189.1427;11.2389;10.8;4.31;1.87;Vir;Butterfly Galaxies
NGC4569;NGC4569;Galaxie;189.2075;13.1629;9.54;9.12;3.82;Vir;
NGC4570;NGC4570;Galaxie;189.2225;7.2466;11.11;3.88;0.94;Vir;
NGC4571;NGC4571;Galaxie;189.2349;14.2174;11.29;3.56;3.31;Com;
NGC4572;NGC4572;Galaxie;188.9388;74.2456;14.82;1.47;0.42;Dra;
NGC4573;NGC4573;Galaxie;189.4325;-43.6211;12.92;2.49;1.89;Cen;
NGC4574;NGC4574;Galaxie;189.4313;-35.5176;12.99;1.83;1.14;Cen;
NGC4575;NGC4575;Galaxie;189.463;-40.5374;12.6;2.06;1.24;Cen;
NGC4576;NGC4576;Galaxie;189.3898;4.3677;13.49;1.22;0.66;Vir;
NGC4577;NGC4577;Galaxie;189.8018;6.0123;13.84;1.42;0.78;Vir;
NGC4578;NGC4578;Galaxie;189.3773;9.5551;11.4;2.5;1.75;Vir;
NGC4579;NGC4579;Galaxie;189.4313;11.8182;10.3;5.01;3.84;Vir;
NGC4580;NGC4580;Galaxie;189.4516;5.3685;12.57;1.87;1.28;Vir;
NGC4581;NGC4581;Galaxie;189.5215;1.4778;12.38;1.62;1.06;Vir;
NGC4582;NGC4582;Autre;189.5425;0.1827;14.28;;;Vir;
NGC4583;NGC4583;Galaxie;189.5189;33.4588;14.47;1.51;1.51;CVn;
NGC4584;NGC4584;Galaxie;189.5745;13.1099;13.76;1.61;1.11;Vir;
NGC4585;NGC4585;Galaxie;189.5553;28.937;14.22;0.79;0.47;Com;
NGC4586;NGC4586;Galaxie;189.6183;4.3191;11.58;3.43;1.12;Vir;
NGC4587;NGC4587;Galaxie;189.6476;2.6573;13.79;1.32;0.75;Vir;
NGC4588;NGC4588;Galaxie;189.6893;6.7682;14.96;1.19;0.46;Vir;
NGC4589;NGC4589;Galaxie;189.3541;74.1919;10.74;2.93;2.31;Dra;
NGC4590;NGC4590;Amas globulaire;189.8667;-26.743;7.96;6.6;6.6;Hya;
NGC4592;NGC4592;Galaxie;189.8281;-0.532;11.88;4.1;1.17;Vir;
NGC4593;NGC4593;Galaxie;189.9143;-5.3442;11.43;2.4;2.04;Vir;
NGC4594;NGC4594;Galaxie;189.9976;-11.6231;8.59;8.45;4.91;Vir;Sombrero Galaxy
NGC4595;NGC4595;Galaxie;189.9663;15.2978;12.94;1.52;0.97;Com;
NGC4596;NGC4596;Galaxie;189.9831;10.1761;10.46;3.93;3.3;Vir;
NGC4597;NGC4597;Galaxie;190.0539;-5.7993;12.87;3.55;1.42;Vir;
NGC4598;NGC4598;Galaxie;190.0497;8.3837;13.54;1.5;1.15;Vir;
NGC4599;NGC4599;Galaxie;190.1129;1.1969;13.49;1.71;0.72;Vir;
NGC4600;NGC4600;Galaxie;190.0957;3.1178;13.27;1.42;1.01;Vir;
NGC4601;NGC4601;Galaxie;190.1947;-40.8931;13.91;1.82;0.5;Cen;
NGC4602;NGC4602;Galaxie;190.1535;-5.133;11.75;1.29;0.79;Vir;
NGC4603;NGC4603;Galaxie;190.23;-40.9764;11.67;2.6;1.84;Cen;
NGC4603A;NGC4603A;Galaxie;189.9038;-40.74;14.27;1.84;0.63;Cen;
NGC4603B;NGC4603B;Galaxie;190.1239;-41.0698;15.43;1.3;0.26;Cen;
NGC4603C;NGC4603C;Galaxie;190.1796;-40.7634;14.24;1.83;0.44;Cen;
NGC4603D;NGC4603D;Galaxie;190.5337;-40.8209;13.2;1.62;0.97;Cen;
NGC4604;NGC4604;Galaxie;190.1877;-5.3029;14.4;1.06;0.44;Vir;
NGC4605;NGC4605;Galaxie;189.9974;61.6092;10.26;5.87;2.29;UMa;
NGC4606;NGC4606;Galaxie;190.2397;11.9122;11.9;2.47;1.36;Vir;
NGC4607;NGC4607;Galaxie;190.3017;11.8866;12.79;2.86;0.58;Vir;
NGC4608;NGC4608;Galaxie;190.3054;10.1557;11.08;2.88;2.49;Vir;
NGC4609;NGC4609;Amas ouvert;190.5701;-62.9958;6.9;5.4;5.4;Cru;Coalsack Cluster
NGC4611;NGC4611;Galaxie;190.356;13.7295;14.96;1.24;0.38;Com;
NGC4612;NGC4612;Galaxie;190.3865;7.3149;12.1;2.57;1.77;Vir;
NGC4613;NGC4613;Galaxie;190.3706;26.0886;15.43;0.52;0.49;Com;
NGC4614;NGC4614;Galaxie;190.3811;26.0427;14.32;1;0.86;Com;
NGC4615;NGC4615;Galaxie;190.4055;26.0728;13.89;1.54;0.46;Com;
NGC4616;NGC4616;Galaxie;190.5685;-40.6421;13.32;1.31;1.06;Cen;
NGC4617;NGC4617;Galaxie;190.2745;50.3934;14.1;2.81;0.52;CVn;
NGC4618;NGC4618;Galaxie;190.3869;41.1508;10.78;3.56;2.29;CVn;
NGC4619;NGC4619;Galaxie;190.4356;35.0628;13.5;1.37;1.33;CVn;
NGC4620;NGC4620;Galaxie;190.4973;12.9428;13.38;1.6;1.45;Vir;
NGC4621;NGC4621;Galaxie;190.5093;11.647;9.56;4.55;3.21;Vir;
NGC4622;NGC4622;Galaxie;190.6567;-40.7442;13.01;1.81;1.56;Cen;
NGC4622A;NGC4622A;Galaxie;190.9546;-40.7146;14.68;0.7;0.58;Cen;
NGC4622B;NGC4622B;Galaxie;190.9609;-40.7175;15.27;1.15;0.77;Cen;
NGC4623;NGC4623;Galaxie;190.5445;7.6769;13.14;2.23;0.74;Vir;
NGC4625;NGC4625;Galaxie;190.4697;41.274;12.46;1.41;1.06;CVn;
NGC4626;NGC4626;Galaxie;190.6055;-7.0443;13.71;1.63;0.49;Vir;
NGC4627;NGC4627;Galaxie;190.4987;32.5736;12.48;2.36;1.66;CVn;
NGC4628;NGC4628;Galaxie;190.6052;-6.971;14.5;1.64;0.57;Vir;
NGC4629;NGC4629;Galaxie;190.6361;-1.3507;13.9;1.03;0.71;Vir;
NGC4630;NGC4630;Galaxie;190.6297;3.9603;13.04;1.66;1.21;Vir;
NGC4631;NGC4631;Galaxie;190.5334;32.5415;9.24;14.45;2.2;CVn;Whale Galaxy
NGC4632;NGC4632;Galaxie;190.6335;-0.0826;11.86;2.56;0.98;Vir;
NGC4633;NGC4633;Galaxie;190.6557;14.3572;13.12;1.77;0.75;Com;
NGC4634;NGC4634;Galaxie;190.6707;14.2958;12.33;2.47;0.6;Com;
NGC4635;NGC4635;Galaxie;190.6635;19.9453;13;1.94;1.4;Com;
NGC4636;NGC4636;Galaxie;190.7076;2.6878;9.99;6.35;4.7;Vir;
NGC4637;NGC4637;Galaxie;190.7254;11.4383;14.89;1.29;0.71;Vir;
NGC4638;NGC4638;Galaxie;190.6976;11.4425;11.12;2.31;1.5;Vir;
NGC4639;NGC4639;Galaxie;190.7183;13.2574;11.6;2.87;1.88;Vir;
NGC4640;NGC4640;Galaxie;190.7407;12.287;14.17;1.61;0.89;Vir;
NGC4641;NGC4641;Galaxie;190.7819;12.0512;13.72;1.28;1.05;Vir;
NGC4642;NGC4642;Galaxie;190.8241;-0.6442;13.81;1.55;0.53;Vir;
NGC4643;NGC4643;Galaxie;190.8339;1.9783;10.65;2.24;1.75;Vir;
NGC4644;NGC4644;Galaxie;190.6778;55.1455;13.84;1.51;0.63;UMa;
NGC4645;NGC4645;Galaxie;191.0416;-41.7499;11.83;1.97;0.89;Cen;
NGC4645A;NGC4645A;Galaxie;190.7732;-41.3589;12.39;3.03;0.97;Cen;
NGC4645B;NGC4645B;Galaxie;190.8799;-41.3625;12.99;2.16;0.89;Cen;
NGC4646;NGC4646;Galaxie;190.7172;54.856;13.31;0.63;0.28;UMa;
NGC4647;NGC4647;Galaxie;190.8846;11.5819;11.6;2.75;2.36;Vir;
NGC4648;NGC4648;Galaxie;190.435;74.4209;12.03;1.41;1.16;Dra;
NGC4649;NGC4649;Galaxie;190.9166;11.5527;8.79;6.78;5.45;Vir;
NGC4650;NGC4650;Galaxie;191.0816;-40.7318;11.8;3.05;2.04;Cen;
NGC4650A;NGC4650A;Galaxie;191.2044;-40.7143;13.58;1.46;0.33;Cen;
NGC4651;NGC4651;Galaxie;190.9276;16.3934;10.82;3.87;2.58;Com;Umbrella Galaxy
NGC4652;NGC4652;Galaxie;190.8323;58.9649;15.34;1.1;0.38;UMa;
NGC4653;NGC4653;Galaxie;190.9621;-0.5612;12.36;2.31;2.08;Vir;
NGC4654;NGC4654;Galaxie;190.9857;13.1267;10.49;4.72;2.49;Vir;
NGC4655;NGC4655;Galaxie;190.902;41.0185;14.77;0.86;0.79;CVn;
NGC4656;NGC4656;Galaxie;190.9905;32.1681;;8;8;CVn;
NGC4656 NED01;NGC4656 NED01;Galaxie;190.9903;32.1702;10.47;6.46;0.66;CVn;
NGC4657;NGC4657;Galaxie;191.0296;32.2088;14.5;1.86;0.63;CVn;
NGC4658;NGC4658;Galaxie;191.1575;-10.0831;12.43;1.38;0.86;Vir;
NGC4659;NGC4659;Galaxie;191.1225;13.4986;12.96;1.75;1.24;Com;
NGC4660;NGC4660;Galaxie;191.1332;11.1905;11.27;2.09;1.57;Vir;
NGC4661;NGC4661;Galaxie;191.3123;-40.8243;14.65;1.17;0.41;Cen;
NGC4662;NGC4662;Galaxie;191.1092;37.1212;12.78;1.83;1.48;CVn;
NGC4663;NGC4663;Galaxie;191.196;-10.1978;14.01;1.07;0.85;Vir;
NGC4664;NGC4664;Galaxie;191.275;3.0558;10.5;4.52;4.52;Vir;
NGC4666;NGC4666;Galaxie;191.2858;-0.4619;10.75;4.97;1.97;Vir;
NGC4668;NGC4668;Galaxie;191.3833;-0.5357;13.1;1.59;0.92;Vir;
NGC4669;NGC4669;Galaxie;191.1947;54.8757;13.18;1.53;0.38;UMa;
NGC4670;NGC4670;Galaxie;191.3211;27.1254;12.76;0.97;0.83;Com;
NGC4671;NGC4671;Galaxie;191.4485;-7.0697;13.52;1.69;1.26;Vir;
NGC4672;NGC4672;Galaxie;191.5656;-41.706;14.25;2.06;0.5;Cen;
NGC4673;NGC4673;Galaxie;191.3945;27.0608;14.78;1.07;0.84;Com;
NGC4674;NGC4674;Galaxie;191.5145;-8.6554;13.96;1.79;0.7;Vir;
NGC4675;NGC4675;Galaxie;191.3829;54.7376;14.84;1.34;0.43;UMa;
NGC4676;NGC4676;Galaxie;191.5446;30.7272;;3;3;Com;Mice Galaxy
NGC4676A;NGC4676A;Galaxie;191.5421;30.7319;14.53;2.16;1.26;Com;
NGC4676B;NGC4676B;Galaxie;191.5468;30.7227;14.33;0.98;0.66;Com;
NGC4677;NGC4677;Galaxie;191.738;-41.5825;12.81;1.49;0.84;Cen;
NGC4678;NGC4678;Galaxie;192.4244;-4.5797;14.26;0.97;0.51;Vir;
NGC4679;NGC4679;Galaxie;191.876;-39.5709;13.52;2.43;0.88;Cen;
NGC4680;NGC4680;Galaxie;191.728;-11.6371;13.23;1.36;0.76;Vir;
NGC4681;NGC4681;Galaxie;191.87;-43.3348;13.44;1.4;1.17;Cen;
NGC4682;NGC4682;Galaxie;191.8145;-10.0634;13.12;2.58;1.19;Vir;
NGC4683;NGC4683;Galaxie;191.9265;-41.5283;12.84;1.44;1.33;Cen;
NGC4684;NGC4684;Galaxie;191.823;-2.7274;11.55;2.97;0.96;Vir;
NGC4685;NGC4685;Galaxie;191.7977;19.4644;13.63;1.59;0.87;Com;
NGC4686;NGC4686;Galaxie;191.6662;54.5343;12.59;1.92;0.67;UMa;
NGC4687;NGC4687;Galaxie;191.849;35.3521;13.01;0.96;0.9;CVn;
NGC4688;NGC4688;Galaxie;191.9438;4.3361;12.92;3.72;3.42;Vir;
NGC4689;NGC4689;Galaxie;191.9398;13.7628;10.93;3.82;2.86;Com;
NGC4690;NGC4690;Galaxie;191.9813;-1.6561;13.57;1.6;1.14;Vir;
NGC4691;NGC4691;Galaxie;192.0568;-3.3327;10.99;3.03;2.46;Vir;
NGC4692;NGC4692;Galaxie;191.9805;27.2224;12.65;1;0.94;Com;
NGC4693;NGC4693;Galaxie;191.7882;71.1761;13.95;1;0.56;Dra;
NGC4694;NGC4694;Galaxie;192.0628;10.9836;12.52;2;1.11;Vir;
NGC4695;NGC4695;Galaxie;191.8838;54.3748;13.38;1.12;0.65;UMa;
NGC4696;NGC4696;Galaxie;192.2052;-41.3108;10.3;3.85;2.56;Cen;
NGC4696A;NGC4696A;Galaxie;191.7318;-41.4967;14.56;1.74;0.57;Cen;
NGC4696B;NGC4696B;Galaxie;191.8408;-41.2375;12.71;1.33;0.81;Cen;
NGC4696C;NGC4696C;Galaxie;192.0111;-40.8186;14.65;2.3;0.37;Cen;
NGC4696D;NGC4696D;Galaxie;192.0903;-41.714;13.98;1.38;0.54;Cen;
NGC4696E;NGC4696E;Galaxie;192.1088;-40.9365;14.55;1.41;0.71;Cen;
NGC4697;NGC4697;Galaxie;192.1495;-5.8007;9.37;7.14;4.16;Vir;
NGC4698;NGC4698;Galaxie;192.0955;8.4874;10.65;3.81;1.55;Vir;
NGC4699;NGC4699;Galaxie;192.2593;-8.6649;9.53;3.99;3.02;Vir;
NGC4700;NGC4700;Galaxie;192.284;-11.4099;12.21;2.72;0.47;Vir;
NGC4701;NGC4701;Galaxie;192.2983;3.3887;12.37;1.74;1.28;Vir;
NGC4702;NGC4702;Galaxie;192.2562;27.1791;16.04;0.58;0.33;Com;
NGC4703;NGC4703;Galaxie;192.329;-9.1084;13.58;1.7;0.41;Vir;
NGC4704;NGC4704;Galaxie;192.1935;41.9213;13.69;1.01;0.95;CVn;
NGC4705;NGC4705;Galaxie;192.354;-5.1959;12.6;3.65;1.09;Vir;
NGC4706;NGC4706;Galaxie;192.4756;-41.2796;12.88;1.47;0.75;Cen;
NGC4707;NGC4707;Galaxie;192.0953;51.1647;12.97;2.19;2;CVn;
NGC4708;NGC4708;Galaxie;192.4228;-11.093;13.92;1.25;0.91;Vir;
NGC4709;NGC4709;Galaxie;192.5162;-41.382;11.1;3.09;1.51;Cen;
NGC4710;NGC4710;Galaxie;192.4118;15.1654;10.71;4.39;1.13;Com;
NGC4711;NGC4711;Galaxie;192.1911;35.3327;14.27;1.21;0.68;CVn;
NGC4712;NGC4712;Galaxie;192.3926;25.4699;13.01;1.56;0.75;Com;
NGC4713;NGC4713;Galaxie;192.4911;5.3114;11.73;1.66;1.52;Vir;
NGC4714;NGC4714;Galaxie;192.5802;-13.3243;14.24;2;1.11;Crv;
NGC4715;NGC4715;Galaxie;192.4912;27.8224;15.12;1.34;0.99;Com;
NGC4716;NGC4716;Galaxie;192.638;-9.4511;13.66;1.13;0.85;Vir;
NGC4717;NGC4717;Galaxie;192.6433;-9.463;14.08;1.61;0.68;Vir;
NGC4718;NGC4718;Galaxie;192.636;-5.2819;14.3;2.02;0.7;Vir;
NGC4719;NGC4719;Galaxie;192.5363;33.1591;14.04;1.42;1.25;CVn;
NGC4720;NGC4720;Galaxie;192.6783;-4.1558;14.18;1.23;0.73;Vir;
NGC4721;NGC4721;Galaxie;192.583;27.324;15.08;0.84;0.24;Com;
NGC4722;NGC4722;Galaxie;192.885;-13.33;13.68;1.98;0.69;Crv;
NGC4723;NGC4723;Galaxie;192.7621;-13.2366;15.38;1.02;0.55;Crv;
NGC4724;NGC4724;Galaxie;192.7243;-14.3319;13.7;0.95;0.54;Crv;
NGC4725;NGC4725;Galaxie;192.6107;25.5008;9.38;9.71;7.1;Com;
NGC4726;NGC4726;Galaxie;192.6919;-14.2686;15.47;1.1;0.24;Crv;
NGC4727;NGC4727;Galaxie;192.7385;-14.3329;12.22;2.7;1.54;Crv;
NGC4728;NGC4728;Galaxie;192.617;27.4349;15.32;0.78;0.6;Com;
NGC4729;NGC4729;Galaxie;192.9428;-41.1323;12.48;1.97;0.9;Cen;
NGC4730;NGC4730;Galaxie;193.002;-41.1473;14.03;1.28;1.05;Cen;
NGC4731;NGC4731;Galaxie;192.7545;-6.3931;11.42;6.32;2.14;Vir;
NGC4732;NGC4732;Galaxie;192.5296;52.8501;14.92;1.21;0.56;UMa;
NGC4733;NGC4733;Galaxie;192.7783;10.9121;11.76;1.97;1.82;Vir;
NGC4734;NGC4734;Galaxie;192.8037;4.8591;14.26;0.97;0.8;Vir;
NGC4735;NGC4735;Galaxie;192.7572;28.928;14.57;0.66;0.51;Com;
NGC4736;NGC4736;Galaxie;192.7211;41.1204;8.24;7.74;6.68;CVn;
NGC4737;NGC4737;Galaxie;192.7206;34.1569;14.85;1.36;0.97;CVn;
NGC4738;NGC4738;Galaxie;192.7871;28.7881;13.44;1.82;0.26;Com;
NGC4739;NGC4739;Galaxie;192.9045;-8.4102;14.18;1.5;1.37;Vir;
NGC4741;NGC4741;Galaxie;192.748;47.6716;14.38;1.17;0.76;CVn;
NGC4742;NGC4742;Galaxie;192.9502;-10.4547;11.2;2.14;1.39;Vir;
NGC4743;NGC4743;Galaxie;193.0666;-41.3907;13.31;1.73;0.66;Cen;
NGC4744;NGC4744;Galaxie;193.0817;-41.06;12.59;2.45;0.95;Cen;
NGC4745;NGC4745;Galaxie;192.859;27.4213;15.16;0.61;0.56;Com;
NGC4746;NGC4746;Galaxie;192.9807;12.083;13.33;2.03;0.42;Vir;
NGC4747;NGC4747;Galaxie;192.9415;25.7771;12.38;2.09;1;Com;
NGC4748;NGC4748;Galaxie;193.0519;-13.4147;14.03;1.27;0.82;Crv;
NGC4749;NGC4749;Galaxie;192.7999;71.6367;14.11;1.59;0.53;Dra;
NGC4750;NGC4750;Galaxie;192.5303;72.8746;12.1;2.4;2.06;Dra;
NGC4751;NGC4751;Galaxie;193.2116;-42.6599;13;1.66;0.63;Cen;
NGC4752;NGC4752;Galaxie;192.8711;13.7818;15.27;0.95;0.45;Com;
NGC4753;NGC4753;Galaxie;193.0921;-1.1997;9.66;6.49;3.06;Vir;
NGC4754;NGC4754;Galaxie;193.0729;11.3139;10.48;4.16;1.95;Vir;
NGC4755;NGC4755;Amas ouvert;193.4045;-60.3563;;7.8;7.8;Cru;Herschel's Jewel Box
NGC4756;NGC4756;Galaxie;193.2193;-15.4133;12.22;2.28;1.56;Crv;
NGC4757;NGC4757;Galaxie;193.2087;-10.3102;14.54;0.8;0.26;Vir;
NGC4758;NGC4758;Galaxie;193.1835;15.8485;13.41;2.75;0.77;Com;
NGC4759;NGC4759;Galaxie;193.2717;-9.2022;;1.6;1.6;Vir;
NGC4760;NGC4760;Galaxie;193.2801;-10.4942;11.58;2.57;2.01;Vir;
NGC4761;NGC4761;Galaxie;193.2909;-9.1978;14.85;1.55;0.65;Vir;
NGC4762;NGC4762;Galaxie;193.2335;11.2308;10.17;8.26;3.52;Vir;
NGC4763;NGC4763;Galaxie;193.3634;-17.0055;12.49;1.86;1.16;Crv;
NGC4764;NGC4764;Galaxie;193.2776;-9.2576;15.99;0.46;0.37;Vir;
NGC4765;NGC4765;Galaxie;193.31;4.4631;12.98;1.16;0.85;Vir;
NGC4766;NGC4766;Galaxie;193.284;-10.3782;15.35;0.98;0.23;Vir;
NGC4767;NGC4767;Galaxie;193.4706;-39.7143;11.51;2.82;1.39;Cen;
NGC4767A;NGC4767A;Galaxie;193.2562;-39.8353;16.4;0.59;0.27;Cen;
NGC4767B;NGC4767B;Galaxie;193.6876;-39.8523;13.93;1.47;1.17;Cen;
NGC4768;NGC4768;Autre;193.3219;-9.5314;;;;Vir;
NGC4769;NGC4769;Autre;193.3253;-9.536;;;;Vir;
NGC4770;NGC4770;Galaxie;193.384;-9.5415;13.78;1.73;1.11;Vir;
NGC4771;NGC4771;Galaxie;193.3384;1.2691;12.73;3.1;0.98;Vir;
NGC4772;NGC4772;Galaxie;193.3715;2.1684;11.34;4.12;2;Vir;
NGC4773;NGC4773;Galaxie;193.4;-8.6387;13.67;0.85;0.52;Vir;
NGC4774;NGC4774;Galaxie;193.2758;36.8228;;1.2;1.2;CVn;
NGC4774 NED01;NGC4774 NED01;Galaxie;193.2751;36.8263;17.16;0.4;0.27;CVn;
NGC4774 NED02;NGC4774 NED02;Galaxie;193.2775;36.8191;14.34;0.6;0.35;CVn;
NGC4775;NGC4775;Galaxie;193.4404;-6.6222;11.56;2.22;1.96;Vir;
NGC4776;NGC4776;Galaxie;193.2686;-9.1999;14.03;1.96;1.08;Vir;
NGC4777;NGC4777;Galaxie;193.4939;-8.7757;14.02;1.84;0.79;Vir;
NGC4778;NGC4778;Galaxie;193.2742;-9.2038;13.49;2.69;2.09;Vir;
NGC4779;NGC4779;Galaxie;193.4618;9.7101;13.07;1.86;1.31;Vir;
NGC4780;NGC4780;Galaxie;193.5218;-8.6211;13.51;1.96;0.5;Vir;
NGC4780A;NGC4780A;Galaxie;193.5127;-8.6538;15.96;0.74;0.25;Vir;
NGC4781;NGC4781;Galaxie;193.599;-10.5372;11.39;3.66;1.48;Vir;
NGC4782;NGC4782;Galaxie;193.6488;-12.5686;12.75;1.48;0.87;Crv;
NGC4783;NGC4783;Galaxie;193.6525;-12.5578;12.8;1.41;0.69;Crv;
NGC4784;NGC4784;Galaxie;193.6543;-10.6131;14.35;1.67;0.41;Vir;
NGC4785;NGC4785;Galaxie;193.3639;-48.7492;12.09;2.04;0.97;Cen;
NGC4786;NGC4786;Galaxie;193.6351;-6.8594;11.71;1.98;1.51;Vir;
NGC4787;NGC4787;Galaxie;193.523;27.0686;15.36;1.02;0.32;Com;
NGC4788;NGC4788;Galaxie;193.5668;27.3037;15.2;0.91;0.32;Com;
NGC4789;NGC4789;Galaxie;193.5793;27.068;12.06;1.66;1.12;Com;
NGC4789A;NGC4789A;Galaxie;193.5219;27.1496;13.92;1.9;1.24;Com;
NGC4790;NGC4790;Galaxie;193.7164;-10.2478;12.41;1.69;0.93;Vir;
NGC4791;NGC4791;Galaxie;193.6831;8.0531;14.94;1.06;0.7;Vir;
NGC4792;NGC4792;Galaxie;193.7653;-12.4972;15;0.85;0.42;Crv;
NGC4793;NGC4793;Galaxie;193.6693;28.9387;11.64;1.82;0.94;Com;
NGC4794;NGC4794;Galaxie;193.7937;-12.6085;13;1.12;0.51;Crv;
NGC4795;NGC4795;Galaxie;193.7619;8.0655;12.76;2.16;1.42;Vir;
NGC4796;NGC4796;Galaxie;193.7695;8.0662;15.35;1.8;1.73;Vir;
NGC4797;NGC4797;Galaxie;193.7299;27.4127;13.16;1.15;0.85;Com;
NGC4799;NGC4799;Galaxie;193.8147;2.8966;13.8;1.44;0.62;Vir;
NGC4800;NGC4800;Galaxie;193.6575;46.5312;12.32;1.65;1.16;CVn;
NGC4801;NGC4801;Galaxie;193.6574;53.09;15.15;1.35;0.67;UMa;
NGC4802;NGC4802;Galaxie;193.9568;-12.0553;11.34;2.64;2.3;Crv;
NGC4803;NGC4803;Galaxie;193.8903;8.2404;14.95;0.76;0.42;Vir;
NGC4805;NGC4805;Autre;193.851;27.9813;;;;Com;
NGC4806;NGC4806;Galaxie;194.0517;-29.5029;13.45;1.35;1.15;Hya;
NGC4807;NGC4807;Galaxie;193.8713;27.5214;13.49;0.88;0.65;Com;
NGC4808;NGC4808;Galaxie;193.954;4.3041;11.79;2.36;0.93;Vir;
NGC4809;NGC4809;Galaxie;193.7127;2.6541;13.78;1.58;0.64;Vir;
NGC4810;NGC4810;Galaxie;193.7133;2.6403;14.71;0.86;0.43;Vir;
NGC4811;NGC4811;Galaxie;194.2182;-41.7972;14.49;1.32;0.89;Cen;
NGC4812;NGC4812;Galaxie;194.2196;-41.8133;14.23;1.5;0.63;Cen;
NGC4813;NGC4813;Galaxie;194.1505;-6.8178;14.15;1.59;0.86;Vir;
NGC4814;NGC4814;Galaxie;193.8414;58.3441;12.03;2.75;2;UMa;
NGC4815;NGC4815;Amas ouvert;194.4932;-64.9618;8.6;3.9;3.9;Mus;
NGC4816;NGC4816;Galaxie;194.0506;27.7455;12.68;1.38;0.63;Com;
NGC4817;NGC4817;Galaxie;194.1242;27.94;15.77;0.69;0.6;Com;
NGC4818;NGC4818;Galaxie;194.2038;-8.5253;11.34;4.27;1.28;Vir;
NGC4819;NGC4819;Galaxie;194.1161;26.9873;13.19;1;0.78;Com;
NGC4820;NGC4820;Galaxie;194.2523;-13.7193;14.86;1.19;0.42;Vir;
NGC4821;NGC4821;Galaxie;194.1214;26.957;15.02;0.59;0.34;Com;
NGC4822;NGC4822;Galaxie;194.2656;-10.7618;14.36;1.38;0.97;Vir;
NGC4823;NGC4823;Galaxie;194.3568;-13.6987;15.97;0.81;0.22;Vir;
NGC4824;NGC4824;Autre;194.1515;27.4326;;;;Com;
NGC4825;NGC4825;Galaxie;194.301;-13.6648;11.56;2.69;1.64;Vir;
NGC4826;NGC4826;Galaxie;194.1818;21.683;8.52;10.52;5.33;Com;Black Eye Galaxy
NGC4827;NGC4827;Galaxie;194.1814;27.1786;12.9;1.22;0.97;Com;
NGC4828;NGC4828;Galaxie;194.1786;28.0204;13.68;0.75;0.7;Com;
NGC4829;NGC4829;Galaxie;194.352;-13.7375;16.16;0.58;0.37;Vir;
NGC4830;NGC4830;Galaxie;194.3663;-19.6913;12.09;2.31;1.49;Vir;
NGC4831;NGC4831;Galaxie;194.4029;-27.2921;13.47;1.57;0.87;Hya;
NGC4832;NGC4832;Galaxie;194.448;-39.7617;12.27;2.14;1.48;Cen;
NGC4833;NGC4833;Amas globulaire;194.8956;-70.8746;7.79;8.4;8.4;Mus;
NGC4834;NGC4834;Galaxie;194.1053;52.2959;15.09;1.08;0.46;CVn;
NGC4835;NGC4835;Galaxie;194.5327;-46.2642;11.81;3.3;0.68;Cen;
NGC4835A;NGC4835A;Galaxie;194.3047;-46.3747;14.09;2.95;0.38;Cen;
NGC4836;NGC4836;Galaxie;194.3929;-12.7441;14.93;1.48;1.08;Vir;
NGC4837;NGC4837;Galaxie;194.2046;48.2986;;1.3;1.3;CVn;
NGC4837 NED01;NGC4837 NED01;Galaxie;194.2012;48.2969;14.55;1.32;0.54;CVn;
NGC4837 NED02;NGC4837 NED02;Galaxie;194.2079;48.3001;14.4;0.33;0.28;CVn;
NGC4838;NGC4838;Galaxie;194.484;-13.0601;14;1.79;1.41;Vir;
NGC4839;NGC4839;Galaxie;194.3515;27.4978;12.11;2.7;1.24;Com;
NGC4840;NGC4840;Galaxie;194.3868;27.6103;13.68;0.73;0.7;Com;
NGC4841;NGC4841;Galaxie;194.3871;28.4794;;2;2;Com;
NGC4841A;NGC4841A;Galaxie;194.3831;28.4769;13.76;1.45;1.38;Com;
NGC4841B;NGC4841B;Galaxie;194.3912;28.4822;13.69;1;0.79;Com;
NGC4842;NGC4842;Galaxie;194.3996;27.4892;;1;1;Com;
NGC4842A;NGC4842A;Galaxie;194.3993;27.4932;15.22;0.58;0.57;Com;
NGC4842B;NGC4842B;Galaxie;194.4006;27.4848;16.11;0.42;0.29;Com;
NGC4843;NGC4843;Galaxie;194.5034;-3.6211;14.2;1.98;0.44;Vir;
NGC4844;NGC4844;Autre;194.5344;-13.0799;14.14;;;Vir;
NGC4845;NGC4845;Galaxie;194.505;1.5758;10.97;5.5;1.2;Vir;
NGC4846;NGC4846;Galaxie;194.4487;36.3707;14.54;1.21;0.5;CVn;
NGC4847;NGC4847;Galaxie;194.6206;-13.1409;15.33;0.83;0.63;Vir;
NGC4848;NGC4848;Galaxie;194.5235;28.2428;13.68;1.27;0.42;Com;
NGC4849;NGC4849;Galaxie;194.5528;26.3969;14.27;1.4;0.99;Com;
NGC4850;NGC4850;Galaxie;194.591;27.9677;14.23;0.66;0.64;Com;
NGC4851;NGC4851;Galaxie;194.5905;28.1487;14.94;0.4;0.33;Com;
NGC4852;NGC4852;Amas ouvert;195.0183;-59.6094;8.9;5.4;5.4;Cen;
NGC4853;NGC4853;Galaxie;194.6466;27.5963;13.66;0.68;0.57;Com;
NGC4854;NGC4854;Galaxie;194.6975;27.6747;13.95;0.95;0.67;Com;
NGC4855;NGC4855;Galaxie;194.8269;-13.231;14.32;1.68;1.24;Vir;
NGC4856;NGC4856;Galaxie;194.8386;-15.0422;10.62;4.25;1.57;Vir;
NGC4857;NGC4857;Galaxie;194.3264;70.2034;14.64;1.15;0.66;Dra;
NGC4858;NGC4858;Galaxie;194.7585;28.1158;15.22;0.51;0.42;Com;
NGC4859;NGC4859;Galaxie;194.7576;26.8157;13.59;1.51;0.65;Com;
NGC4860;NGC4860;Galaxie;194.7662;28.1237;13.43;1.07;0.94;Com;
NGC4861;NGC4861;Galaxie;194.7597;34.8594;12.32;3.81;1.45;CVn;
NGC4862;NGC4862;Galaxie;194.8784;-14.1323;15.31;1.09;0.89;Vir;
NGC4863;NGC4863;Galaxie;194.9269;-14.0296;14.9;1.9;0.4;Vir;
NGC4864;NGC4864;Galaxie;194.8046;27.977;13.5;0.77;0.47;Com;
NGC4865;NGC4865;Galaxie;194.8328;28.0843;13.44;0.88;0.42;Com;
NGC4866;NGC4866;Galaxie;194.8631;14.1711;11.08;5.77;0.98;Vir;
NGC4867;NGC4867;Galaxie;194.8135;27.9707;14.41;0.65;0.5;Com;
NGC4868;NGC4868;Galaxie;194.7871;37.3103;12.95;1.43;1.3;CVn;
NGC4869;NGC4869;Galaxie;194.8473;27.9116;13.36;0.77;0.73;Com;
NGC4870;NGC4870;Galaxie;194.824;37.0484;15.54;0.91;0.31;CVn;
NGC4871;NGC4871;Galaxie;194.8748;27.9564;14.22;0.77;0.57;Com;
NGC4872;NGC4872;Galaxie;194.8918;27.9469;13.59;0.67;0.41;Com;
NGC4873;NGC4873;Galaxie;194.8866;27.9836;14.16;0.81;0.52;Com;
NGC4874;NGC4874;Galaxie;194.8988;27.9593;11.83;2.29;1.98;Com;
NGC4875;NGC4875;Galaxie;194.908;27.9073;14.65;0.48;0.36;Com;
NGC4876;NGC4876;Galaxie;194.935;27.9125;14.38;0.56;0.42;Com;
NGC4877;NGC4877;Galaxie;195.1097;-15.2834;13.08;2.36;0.94;Vir;
NGC4878;NGC4878;Galaxie;195.084;-6.1038;13.96;1.53;1.43;Vir;
NGC4879;NGC4879;Autre;195.1067;-6.1112;;;;Vir;
NGC4880;NGC4880;Galaxie;195.044;12.4833;12.66;2.63;1.97;Vir;
NGC4881;NGC4881;Galaxie;194.99;28.2474;13.48;0.98;0.91;Com;
NGC4883;NGC4883;Galaxie;194.9834;28.0347;14.31;0.77;0.61;Com;
NGC4885;NGC4885;Galaxie;195.1411;-6.8531;14.92;0.85;0.66;Vir;
NGC4886;NGC4886;Galaxie;195.0185;27.9876;13.84;0.8;0.7;Com;
NGC4887;NGC4887;Galaxie;195.1636;-14.6662;14.14;1.14;0.59;Vir;
NGC4888;NGC4888;Galaxie;195.1511;-6.0752;14.32;1.55;0.79;Vir;
NGC4889;NGC4889;Galaxie;195.0339;27.977;11.45;2.59;1.68;Com;
NGC4890;NGC4890;Galaxie;195.163;-4.6043;13.84;0.96;0.79;Vir;
NGC4891;NGC4891;Autre;195.1958;-13.4259;;;;Vir;
NGC4892;NGC4892;Galaxie;195.0147;26.8981;14.53;1.4;0.26;Com;
NGC4893;NGC4893;Galaxie;194.9984;37.1934;15.47;1.1;0.7;CVn;
NGC4893A;NGC4893A;Galaxie;194.9993;37.1881;15.95;0.56;0.39;CVn;
NGC4894;NGC4894;Galaxie;195.0688;27.9675;15.18;0.6;0.28;Com;
NGC4895;NGC4895;Galaxie;195.0747;28.2023;13.2;1.66;0.56;Com;
NGC4895A;NGC4895A;Galaxie;195.038;28.1704;14.94;0.59;0.32;Com;
NGC4896;NGC4896;Galaxie;195.1282;28.3462;13.9;0.85;0.48;Com;
NGC4897;NGC4897;Galaxie;195.2206;-13.4498;12.54;2.65;2.12;Vir;
NGC4898;NGC4898;Galaxie;195.075;27.9572;;0.8;0.8;Com;
NGC4898A;NGC4898A;Galaxie;195.0736;27.9554;14.59;0.68;0.31;Com;
NGC4898B;NGC4898B;Galaxie;195.0754;27.9566;14.33;0.61;0.47;Com;
NGC4899;NGC4899;Galaxie;195.236;-13.9442;12.33;2.02;1.17;Vir;
NGC4900;NGC4900;Galaxie;195.163;2.5014;11.36;2.13;2.02;Vir;
NGC4901;NGC4901;Galaxie;194.985;47.2056;15.22;1.15;1.1;CVn;
NGC4902;NGC4902;Galaxie;195.2489;-14.5136;11.26;2.63;2.37;Vir;
NGC4903;NGC4903;Galaxie;195.3449;-30.935;12.5;1.72;1.41;Cen;
NGC4904;NGC4904;Galaxie;195.2444;-0.0276;11.96;1.99;1.24;Vir;
NGC4905;NGC4905;Galaxie;195.3778;-30.8683;14.29;1.55;0.5;Cen;
NGC4906;NGC4906;Galaxie;195.1657;27.9239;14.1;0.7;0.64;Com;
NGC4907;NGC4907;Galaxie;195.2033;28.1583;13.66;1;0.9;Com;
NGC4908;NGC4908;Galaxie;195.2269;28.0076;13.23;1.19;0.77;Com;
NGC4909;NGC4909;Galaxie;195.5077;-42.7714;12.76;1.96;1.8;Cen;
NGC4911;NGC4911;Galaxie;195.2337;27.7908;12.88;1.16;0.96;Com;
NGC4912;NGC4912;Galaxie;195.39;29.1306;13.84;1.06;0.53;Com;
NGC4913;NGC4913;Galaxie;195.4307;29.0447;13.84;1.45;0.4;Com;
NGC4914;NGC4914;Galaxie;195.179;37.3153;11.6;2.69;1.31;CVn;
NGC4915;NGC4915;Galaxie;195.3676;-4.5465;12;1.64;1.55;Vir;
NGC4916;NGC4916;Galaxie;195.5175;29.2534;13.95;0.98;0.23;Com;
NGC4917;NGC4917;Galaxie;195.2315;47.2221;14.87;1.33;0.81;CVn;
NGC4918;NGC4918;Galaxie;195.4609;-4.5006;15.07;0.89;0.33;Vir;
NGC4919;NGC4919;Galaxie;195.3233;27.8091;14.04;1.11;0.58;Com;
NGC4920;NGC4920;Galaxie;195.5173;-11.3784;14.15;1.08;0.83;Vir;
NGC4921;NGC4921;Galaxie;195.359;27.8859;12.62;1.96;1.8;Com;
NGC4922;NGC4922;Galaxie;195.3538;29.3111;;1.1;1.1;Com;
NGC4922 NED01;NGC4922 NED01;Galaxie;195.3522;29.3084;14;1.23;1.17;Com;
NGC4922 NED02;NGC4922 NED02;Galaxie;195.3553;29.3138;14.02;0.58;0.34;Com;
NGC4923;NGC4923;Galaxie;195.3825;27.8475;13.74;0.72;0.67;Com;
NGC4924;NGC4924;Galaxie;195.5535;-14.9698;13.87;1.77;1.35;Vir;
NGC4925;NGC4925;Galaxie;195.5308;-7.7108;14.34;1.18;0.87;Vir;
NGC4926;NGC4926;Galaxie;195.4739;27.6244;12.99;1.23;1.04;Com;
NGC4926A;NGC4926A;Galaxie;195.5328;27.6483;15.39;0.63;0.44;Com;
NGC4927;NGC4927;Galaxie;195.49;28.0059;14.75;1.01;0.64;Com;
NGC4928;NGC4928;Galaxie;195.7524;-8.085;12.92;1.05;0.8;Vir;
NGC4929;NGC4929;Galaxie;195.685;28.0454;14.88;0.82;0.68;Com;
NGC4930;NGC4930;Galaxie;196.022;-41.4116;11.43;3.54;2.84;Cen;
NGC4931;NGC4931;Galaxie;195.7537;28.0325;13.43;1.65;0.62;Com;
NGC4932;NGC4932;Galaxie;195.6571;50.4384;14.55;1.44;1.08;CVn;
NGC4933;NGC4933;Galaxie;195.9913;-11.4978;;3.5;3.5;Vir;
NGC4933A;NGC4933A;Galaxie;195.978;-11.5051;13.96;0.74;0.74;Vir;
NGC4933B;NGC4933B;Galaxie;195.9864;-11.4981;11.74;4.37;1.88;Vir;
NGC4933C;NGC4933C;Galaxie;196.0045;-11.4906;15.89;0.65;0.52;Vir;
NGC4934;NGC4934;Galaxie;195.8177;28.0304;14.33;1;0.16;Com;
NGC4935;NGC4935;Galaxie;195.8385;14.3775;13.97;1.09;0.92;Com;
NGC4936;NGC4936;Galaxie;196.0704;-30.5262;10.71;2.85;2.43;Cen;
NGC4937;NGC4937;Amas ouvert;196.2149;-47.2194;;;;Cen;
NGC4938;NGC4938;Galaxie;195.74;51.3185;15.1;0.87;0.78;CVn;
NGC4939;NGC4939;Galaxie;196.06;-10.3396;11.91;5.71;2.3;Vir;
NGC4940;NGC4940;Galaxie;196.251;-47.2369;13.18;1.13;1;Cen;
NGC4941;NGC4941;Galaxie;196.0548;-5.5516;11.27;3.29;2.7;Vir;
NGC4942;NGC4942;Galaxie;196.0796;-7.6494;13.79;1.68;1.22;Vir;
NGC4943;NGC4943;Galaxie;195.9373;28.0842;15.46;0.79;0.54;Com;
NGC4944;NGC4944;Galaxie;195.9581;28.1857;12.87;1.39;0.43;Com;
NGC4945;NGC4945;Galaxie;196.3645;-49.4682;11.86;23.33;4.03;Cen;
NGC4945A;NGC4945A;Galaxie;196.6405;-49.6906;13.31;2.63;1.62;Cen;
NGC4946;NGC4946;Galaxie;196.3724;-43.5911;12.35;2;1.67;Cen;
NGC4947;NGC4947;Galaxie;196.3342;-35.3374;12.2;2.65;1.34;Cen;
NGC4947A;NGC4947A;Galaxie;196.0868;-35.2278;15.01;1.28;0.51;Cen;
NGC4948;NGC4948;Galaxie;196.2332;-7.9477;13.44;2.3;0.82;Vir;
NGC4948A;NGC4948A;Galaxie;196.2741;-8.1613;13.5;1.44;1.04;Vir;
NGC4949;NGC4949;Galaxie;196.0747;29.0295;14.97;0.72;0.38;Com;
NGC4950;NGC4950;Galaxie;196.4022;-43.5005;14.95;0.92;0.79;Cen;
NGC4951;NGC4951;Galaxie;196.2821;-6.4938;11.84;3.14;1.16;Vir;
NGC4952;NGC4952;Galaxie;196.2432;29.1223;13.01;1.6;0.97;Com;
NGC4953;NGC4953;Galaxie;196.5436;-37.5858;14.18;1.84;0.99;Cen;
NGC4954;NGC4954;Galaxie;195.5828;75.4042;14.15;0.99;0.65;Dra;
NGC4955;NGC4955;Galaxie;196.5201;-29.7543;12.15;2.34;1.72;Hya;
NGC4956;NGC4956;Galaxie;196.2539;35.178;12.38;1.56;1.52;CVn;
NGC4957;NGC4957;Galaxie;196.3016;27.5697;12.99;1.22;0.93;Com;
NGC4958;NGC4958;Galaxie;196.4537;-8.0203;10.59;4.79;1.2;Vir;
NGC4959;NGC4959;Galaxie;196.421;33.1789;15.29;0.74;0.64;CVn;
NGC4961;NGC4961;Galaxie;196.4482;27.7341;13.51;1.11;0.88;Com;
NGC4963;NGC4963;Galaxie;196.4665;41.7219;14.12;0.86;0.81;CVn;
NGC4964;NGC4964;Galaxie;196.3536;56.3228;14.04;1.1;0.69;UMa;
NGC4965;NGC4965;Galaxie;196.7891;-28.2282;12.41;2.49;2.05;Hya;
NGC4966;NGC4966;Galaxie;196.5721;29.0629;13.32;1.03;0.49;Com;
NGC4967;NGC4967;Galaxie;196.4018;53.5643;14.95;1.15;0.87;UMa;
NGC4968;NGC4968;Galaxie;196.7749;-23.677;14.79;2.28;1.04;Hya;
NGC4969;NGC4969;Galaxie;196.7625;13.6369;;0.8;0.8;Vir;
NGC4969 NED01;NGC4969 NED01;Galaxie;196.7614;13.6374;15;0.78;0.74;Vir;
NGC4969 NED02;NGC4969 NED02;Galaxie;196.7645;13.6371;15.64;0.68;0.66;Vir;
NGC4970;NGC4970;Galaxie;196.8906;-24.0086;13.33;1.79;1.14;Hya;
NGC4971;NGC4971;Galaxie;196.729;28.548;14.98;0.78;0.68;Com;
NGC4973;NGC4973;Galaxie;196.384;53.6851;14.63;0.96;0.82;UMa;
NGC4974;NGC4974;Galaxie;196.4829;53.6593;13.3;1.57;1.11;UMa;
NGC4975;NGC4975;Galaxie;196.9592;-5.0175;15.02;0.97;0.61;Vir;
NGC4976;NGC4976;Galaxie;197.1564;-49.5064;10.08;5.83;3.27;Cen;
NGC4977;NGC4977;Galaxie;196.5185;55.6561;14.49;1.05;1.02;UMa;
NGC4978;NGC4978;Galaxie;196.9605;18.4155;14.3;1.51;0.63;Com;
NGC4979;NGC4979;Galaxie;196.9284;24.8106;15.07;0.86;0.74;Com;
NGC4980;NGC4980;Galaxie;197.292;-28.6418;13.55;1.77;0.78;Hya;
NGC4981;NGC4981;Galaxie;197.2031;-6.7775;11.41;2.7;1.97;Vir;
NGC4982;NGC4982;Autre;197.1922;-10.5887;;;;Vir;
NGC4983;NGC4983;Galaxie;197.1137;28.3205;13.95;1.04;0.57;Com;
NGC4984;NGC4984;Galaxie;197.2385;-15.5163;11.01;3.37;2.5;Vir;
NGC4985;NGC4985;Galaxie;197.0504;41.6763;14.82;1.15;0.82;CVn;
NGC4986;NGC4986;Galaxie;197.1019;35.2064;14.11;1.55;0.93;CVn;
NGC4987;NGC4987;Galaxie;196.9961;51.9293;14.42;1.24;0.71;CVn;
NGC4988;NGC4988;Galaxie;197.4766;-43.1057;13.87;1.86;0.64;Cen;
NGC4989;NGC4989;Galaxie;197.3169;-5.3964;14.31;1.41;0.55;Vir;
NGC4990;NGC4990;Galaxie;197.322;-5.2728;13.82;0.9;0.81;Vir;Cocoon Galaxy
NGC4991;NGC4991;Galaxie;197.313;2.3477;15.4;0.59;0.48;Vir;
NGC4992;NGC4992;Galaxie;197.2733;11.6342;14.46;1.06;0.6;Vir;
NGC4993;NGC4993;Galaxie;197.4487;-23.3839;13.45;1.55;1.35;Hya;
NGC4995;NGC4995;Galaxie;197.4194;-7.8334;11.11;2.43;1.49;Vir;
NGC4996;NGC4996;Galaxie;197.3829;0.857;14.29;1.81;1.36;Vir;
NGC4997;NGC4997;Galaxie;197.4654;-16.5155;14;1.61;0.89;Vir;
NGC4998;NGC4998;Galaxie;197.0423;50.6638;14.92;1.02;0.87;CVn;
NGC4999;NGC4999;Galaxie;197.388;1.6731;13.06;2.5;2.11;Vir;
NGC5000;NGC5000;Galaxie;197.4479;28.9069;13.28;1.28;1.02;Com;
NGC5001;NGC5001;Galaxie;197.388;53.4943;14.56;1.15;0.42;UMa;
NGC5002;NGC5002;Galaxie;197.6584;36.6339;14.65;1.39;0.71;CVn;
NGC5003;NGC5003;Galaxie;197.158;43.7375;15.03;1.03;0.77;CVn;
NGC5004;NGC5004;Galaxie;197.7565;29.6367;13.15;1.33;0.96;Com;
NGC5004A;NGC5004A;Galaxie;197.7571;29.5783;14.44;1.25;0.55;Com;
NGC5004B;NGC5004B;Galaxie;197.6985;29.7099;14.67;0.81;0.48;Com;
NGC5005;NGC5005;Galaxie;197.7343;37.0592;10.71;4.82;1.52;CVn;
NGC5006;NGC5006;Galaxie;197.9407;-19.2617;13.4;2.07;1.66;Vir;
NGC5007;NGC5007;Galaxie;197.31;62.175;14.15;0.93;0.57;UMa;
NGC5008;NGC5008;Galaxie;212.7385;25.4972;14.41;1.07;0.83;Boo;
NGC5009;NGC5009;Galaxie;197.696;50.0929;15.31;1.08;0.62;CVn;
NGC5010;NGC5010;Galaxie;198.1098;-15.7979;14.4;1;0.75;Vir;
NGC5011;NGC5011;Galaxie;198.2161;-43.0962;11.38;2.92;2.43;Cen;
NGC5011A;NGC5011A;Galaxie;198.0405;-43.3079;14.36;1.58;0.81;Cen;
NGC5012;NGC5012;Galaxie;197.9043;22.9155;12.4;2.64;1.44;Com;
NGC5013;NGC5013;Galaxie;198.0306;3.1991;14.95;0.74;0.51;Vir;
NGC5014;NGC5014;Galaxie;197.8801;36.2821;12.83;2.11;0.73;CVn;
NGC5015;NGC5015;Galaxie;198.0954;-4.3365;13.24;2;0.79;Vir;
NGC5016;NGC5016;Galaxie;198.0278;24.095;12.56;1.57;1.14;Com;
NGC5017;NGC5017;Galaxie;198.2271;-16.7658;12.57;1.5;1.29;Vir;
NGC5018;NGC5018;Galaxie;198.2543;-19.5182;10.85;3.49;2.17;Vir;
NGC5019;NGC5019;Galaxie;198.1766;4.7297;14.46;0.85;0.72;Vir;
NGC5020;NGC5020;Galaxie;198.1661;12.5998;13;2.69;2.42;Vir;
NGC5021;NGC5021;Galaxie;198.0261;46.1961;14.19;1.49;0.6;CVn;
NGC5022;NGC5022;Galaxie;198.3783;-19.5466;13.81;2.46;0.49;Vir;
NGC5023;NGC5023;Galaxie;198.0525;44.0412;12.29;6.22;0.78;CVn;
NGC5024;NGC5024;Amas globulaire;198.2301;18.1691;7.79;9;9;Com;
NGC5025;NGC5025;Galaxie;198.1865;31.8094;14.5;2.07;0.51;CVn;
NGC5026;NGC5026;Galaxie;198.5568;-42.9613;11.81;3.52;1.79;Cen;
NGC5027;NGC5027;Galaxie;198.3375;6.0613;14.96;1.1;1.01;Vir;
NGC5028;NGC5028;Galaxie;198.4411;-13.0425;14.18;2.12;1.38;Vir;
NGC5029;NGC5029;Galaxie;198.1566;47.0633;14.2;1.52;0.93;CVn;
NGC5030;NGC5030;Galaxie;198.4756;-16.4909;14.03;1.78;1.16;Vir;
NGC5031;NGC5031;Galaxie;198.5134;-16.1231;14.21;1.89;0.3;Vir;
NGC5032;NGC5032;Galaxie;198.3623;27.8024;12.82;1.95;1.08;Com;
NGC5033;NGC5033;Galaxie;198.3645;36.5939;10.68;9.84;4.58;CVn;
NGC5034;NGC5034;Galaxie;198.0792;70.6494;14.06;0.89;0.65;UMi;
NGC5035;NGC5035;Galaxie;198.7051;-16.4927;12.84;1.56;0.99;Vir;
NGC5036;NGC5036;Galaxie;198.6785;-4.1786;15.26;0.69;0.57;Vir;
NGC5037;NGC5037;Galaxie;198.7474;-16.5903;12.14;2.02;0.47;Vir;
NGC5038;NGC5038;Galaxie;198.7589;-15.9518;14.2;1.79;0.38;Vir;
NGC5039;NGC5039;Galaxie;198.7163;-4.1582;17.46;0.55;0.19;Vir;
NGC5040;NGC5040;Galaxie;198.386;51.2584;14.75;1.03;0.48;CVn;
NGC5041;NGC5041;Galaxie;198.6352;30.7058;13.38;1.26;0.97;Com;
NGC5042;NGC5042;Galaxie;198.8793;-23.9841;11.78;4.15;2.2;Hya;
NGC5043;NGC5043;Amas ouvert;199.0611;-60.0455;;5.52;5.52;Cen;
NGC5044;NGC5044;Galaxie;198.8499;-16.3855;10.78;3.66;3.17;Vir;
NGC5045;NGC5045;Amas ouvert;199.1958;-63.4167;;20;11;Cen;
NGC5046;NGC5046;Galaxie;198.938;-16.3268;14.08;1.02;0.85;Vir;
NGC5047;NGC5047;Galaxie;198.9522;-16.5189;13.6;2.86;0.29;Vir;
NGC5048;NGC5048;Galaxie;199.0349;-28.4105;13.96;1.57;0.92;Hya;
NGC5049;NGC5049;Galaxie;198.9971;-16.3972;13.05;2.01;0.4;Vir;
NGC5050;NGC5050;Galaxie;198.9239;2.879;14.31;1.4;0.44;Vir;
NGC5051;NGC5051;Galaxie;199.0838;-28.2857;14;1.65;0.71;Hya;
NGC5052;NGC5052;Galaxie;198.8954;29.6761;13.57;1.37;1.02;Com;
NGC5053;NGC5053;Amas globulaire;199.1125;17.6977;9.96;4.8;4.8;Com;
NGC5054;NGC5054;Galaxie;199.2437;-16.6349;10.79;5.04;2.9;Vir;
NGC5055;NGC5055;Galaxie;198.9555;42.0293;8.61;11.83;7.16;CVn;Sunflower Galaxy
NGC5056;NGC5056;Galaxie;199.0513;30.9503;13.13;1.62;0.82;Com;
NGC5057;NGC5057;Galaxie;199.1157;31.0315;14.44;1.31;0.99;Com;
NGC5058;NGC5058;Galaxie;199.218;12.5482;14.25;0.76;0.56;Vir;
NGC5059;NGC5059;Galaxie;199.2436;7.8445;15.44;1.12;0.41;Vir;
NGC5060;NGC5060;Galaxie;199.3176;6.0374;14.09;1.17;0.95;Vir;
NGC5061;NGC5061;Galaxie;199.5211;-26.8372;10.31;3.75;3.05;Hya;
NGC5062;NGC5062;Galaxie;199.5984;-35.4587;12.24;2.69;1.18;Cen;
NGC5063;NGC5063;Galaxie;199.6071;-35.3525;13.26;2.02;1.63;Cen;
NGC5064;NGC5064;Galaxie;199.7497;-47.9087;12.04;2.7;1.4;Cen;
NGC5065;NGC5065;Galaxie;199.3775;31.0927;14.24;1.22;0.73;Com;
NGC5066;NGC5066;Galaxie;199.6185;-10.2339;14.16;0.8;0.56;Vir;
NGC5067;NGC5067;Autre;199.6157;-10.1453;;;;Vir;
NGC5068;NGC5068;Galaxie;199.7284;-21.0391;10.06;7.48;6.7;Vir;
NGC5070;NGC5070;Galaxie;199.8023;-12.5399;14.46;1.17;0.98;Vir;
NGC5071;NGC5071;Galaxie;199.655;7.9355;15.49;0.77;0.57;Vir;
NGC5073;NGC5073;Galaxie;199.836;-14.8445;13.5;3.78;0.56;Vir;
NGC5074;NGC5074;Galaxie;199.6074;31.4691;14.03;0.82;0.41;CVn;
NGC5075;NGC5075;Galaxie;199.776;7.831;15.08;1.02;0.76;Vir;
NGC5076;NGC5076;Galaxie;199.8767;-12.7409;13.84;1.35;0.97;Vir;
NGC5077;NGC5077;Galaxie;199.882;-12.657;11.65;2.65;2.07;Vir;
NGC5078;NGC5078;Galaxie;199.9583;-27.4104;10.64;2.56;0.62;Hya;
NGC5079;NGC5079;Galaxie;199.9085;-12.699;12.55;1.38;0.89;Vir;
NGC5080;NGC5080;Galaxie;199.8301;8.4291;14.32;1.31;1.17;Vir;
NGC5081;NGC5081;Galaxie;199.7843;28.5069;13.13;1.9;0.73;Com;
NGC5082;NGC5082;Galaxie;200.1668;-43.6999;13.79;1.73;1.04;Cen;
NGC5083;NGC5083;Galaxie;199.7629;39.5893;15.14;1.09;0.83;CVn;
NGC5084;NGC5084;Galaxie;200.0705;-21.8276;10.49;9.93;2.46;Vir;
NGC5085;NGC5085;Galaxie;200.074;-24.4401;12.6;4.06;3.26;Hya;
NGC5086;NGC5086;Autre;200.2475;-43.7335;;;;Cen;
NGC5087;NGC5087;Galaxie;200.104;-20.611;11.13;2.99;2.52;Vir;
NGC5088;NGC5088;Galaxie;200.0844;-12.5718;13.15;1.86;0.51;Vir;
NGC5089;NGC5089;Galaxie;199.914;30.2566;14.33;0.95;0.65;Com;
NGC5090;NGC5090;Galaxie;200.3034;-43.7046;11.28;3.51;2.76;Cen;
NGC5090A;NGC5090A;Galaxie;199.838;-43.6494;14.43;1.91;0.73;Cen;
NGC5090B;NGC5090B;Galaxie;200.073;-43.8647;14.15;2.39;0.85;Cen;
NGC5091;NGC5091;Galaxie;200.3238;-43.7197;13.35;2.15;1.33;Cen;
NGC5092;NGC5092;Galaxie;199.9647;22.9999;14.39;1.01;0.96;Com;
NGC5093;NGC5093;Galaxie;199.9075;40.3861;14.54;1.14;0.53;CVn;
NGC5094;NGC5094;Galaxie;200.1952;-14.0807;14.41;1.52;1.13;Vir;
NGC5095;NGC5095;Galaxie;200.1536;-2.2893;14.53;1.29;0.41;Vir;
NGC5096;NGC5096;Galaxie;200.0363;33.0894;;0.7;0.7;CVn;
NGC5096 NED01;NGC5096 NED01;Galaxie;200.0362;33.0879;15.26;0.87;0.71;CVn;
NGC5096 NED02;NGC5096 NED02;Galaxie;200.0382;33.0907;16.35;0.66;0.49;CVn;
NGC5096 NED03;NGC5096 NED03;Galaxie;200.0337;33.0896;16.59;0.65;0.48;CVn;
NGC5097;NGC5097;Galaxie;200.2487;-12.4712;14.86;0.54;0.39;Vir;
NGC5098;NGC5098;Galaxie;200.0675;33.1442;;1.6;1.6;CVn;
NGC5098 NED01;NGC5098 NED01;Galaxie;200.074;33.1448;15.12;0.79;0.65;CVn;
NGC5098 NED02;NGC5098 NED02;Galaxie;200.0614;33.1434;14.7;1.1;0.98;CVn;
NGC5099;NGC5099;Galaxie;200.3315;-13.0424;15.34;0.69;0.59;Vir;
NGC5100;NGC5100;Galaxie;200.2442;8.9819;;1.4;1.4;Vir;
NGC5100 NED01;NGC5100 NED01;Galaxie;200.2399;8.9855;17.05;0.66;0.42;Vir;
NGC5101;NGC5101;Galaxie;200.4427;-27.4305;10.46;5.9;5.52;Hya;
NGC5102;NGC5102;Galaxie;200.49;-36.6303;9.88;9.71;3.71;Cen;
NGC5103;NGC5103;Galaxie;200.1253;43.084;13.43;1.59;0.98;CVn;
NGC5104;NGC5104;Galaxie;200.3462;0.3424;14.28;1.2;0.46;Vir;
NGC5105;NGC5105;Galaxie;200.4545;-13.2068;11.81;1.93;1.37;Vir;
NGC5106;NGC5106;Galaxie;200.2483;8.9783;14.89;0.94;0.67;Vir;
NGC5107;NGC5107;Galaxie;200.3528;38.5376;13.75;1.71;0.51;CVn;
NGC5108;NGC5108;Galaxie;200.8285;-32.3421;15.02;1.32;0.37;Cen;
NGC5109;NGC5109;Galaxie;200.2181;57.6448;13.51;1.6;0.43;UMa;
NGC5110;NGC5110;Galaxie;200.7355;-12.9648;13.61;2.63;2.1;Vir;
NGC5112;NGC5112;Galaxie;200.485;38.7347;12.17;2.99;1.83;CVn;
NGC5114;NGC5114;Galaxie;201.0072;-32.3439;13.65;1.81;1.12;Cen;
NGC5115;NGC5115;Galaxie;200.7516;13.9507;14.73;1.14;0.63;Vir;
NGC5116;NGC5116;Galaxie;200.7317;26.9807;13.41;1.95;0.67;Com;
NGC5117;NGC5117;Galaxie;200.7353;28.3164;14.4;1.54;0.76;CVn;
NGC5118;NGC5118;Galaxie;200.8644;6.3926;14.38;0.95;0.82;Vir;
NGC5119;NGC5119;Galaxie;201.0013;-12.2764;14.29;1.49;0.41;Vir;
NGC5120;NGC5120;Amas ouvert;201.4142;-63.4583;10.8;;;Cen;
NGC5121;NGC5121;Galaxie;201.19;-37.6822;11.62;2.16;1.67;Cen;
NGC5121A;NGC5121A;Galaxie;201.3867;-37.3788;15.7;1.21;0.38;Cen;
NGC5122;NGC5122;Galaxie;201.0623;-10.6543;13.94;1.15;1;Vir;
NGC5123;NGC5123;Galaxie;200.7938;43.0862;13.51;1.18;1.05;CVn;
NGC5124;NGC5124;Galaxie;201.2101;-30.3075;12.08;2.48;0.8;Cen;
NGC5125;NGC5125;Galaxie;201.003;9.7102;13.53;1.77;1.37;Vir;
NGC5126;NGC5126;Galaxie;201.2233;-30.3336;14.2;1.86;0.64;Cen;
NGC5127;NGC5127;Galaxie;200.9376;31.5658;13.62;2.18;1.58;CVn;
NGC5128;NGC5128;Galaxie;201.3651;-43.0191;7.22;25.88;19.77;Cen;Centaurus A
NGC5129;NGC5129;Galaxie;201.0417;13.9765;12.11;1.65;1.29;Vir;
NGC5130;NGC5130;Galaxie;201.1132;-10.2102;14.25;1.11;0.82;Vir;
NGC5131;NGC5131;Galaxie;200.9872;30.9881;14.22;0.45;0.39;CVn;
NGC5132;NGC5132;Galaxie;201.1204;14.0926;14.23;1.31;0.88;Vir;
NGC5133;NGC5133;Galaxie;201.2205;-4.082;14.54;1.1;0.65;Vir;
NGC5134;NGC5134;Galaxie;201.3273;-21.1342;11.77;2.7;1.53;Vir;
NGC5135;NGC5135;Galaxie;201.4336;-29.8337;12.59;2.4;2.2;Hya;
NGC5136;NGC5136;Galaxie;201.2142;13.7379;14.46;1.31;1.17;Vir;
NGC5137;NGC5137;Galaxie;201.2188;14.0772;15.55;0.77;0.55;Vir;
NGC5138;NGC5138;Amas ouvert;201.8134;-59.0409;5.33;4.2;4.2;Cen;
NGC5139;NGC5139;Amas globulaire;201.6912;-47.4769;5.33;27;27;Cen;Omega Centauri
NGC5140;NGC5140;Galaxie;201.5905;-33.8685;12.97;2.36;1.98;Cen;
NGC5141;NGC5141;Galaxie;201.2143;36.3785;12.8;1.59;1.1;CVn;
NGC5142;NGC5142;Galaxie;201.2546;36.3995;13.25;1.18;1.04;CVn;
NGC5143;NGC5143;Galaxie;201.2553;36.4372;15.91;0.53;0.34;CVn;
NGC5144;NGC5144;Galaxie;200.7237;70.5122;;1.1;1.1;UMi;
NGC5144 NED01;NGC5144 NED01;Galaxie;200.7229;70.5101;15.67;0.89;0.4;UMi;
NGC5144 NED02;NGC5144 NED02;Galaxie;200.7253;70.5147;13.15;1;0.81;UMi;
NGC5145;NGC5145;Galaxie;201.308;43.2673;13.48;1.97;1.45;CVn;
NGC5146;NGC5146;Galaxie;201.6562;-12.324;14.09;2.16;1.39;Vir;
NGC5147;NGC5147;Galaxie;201.5822;2.1009;12.13;1.47;1.36;Vir;
NGC5148;NGC5148;Galaxie;201.6616;2.3137;15.37;0.66;0.6;Vir;
NGC5149;NGC5149;Galaxie;201.5381;35.9344;13.73;1.62;0.95;CVn;
NGC5150;NGC5150;Galaxie;201.9022;-29.5623;12.6;1.4;1.03;Hya;
NGC5151;NGC5151;Galaxie;201.6702;16.8738;14.62;0.91;0.82;Com;
NGC5152;NGC5152;Galaxie;201.963;-29.6186;13.57;2.03;1.04;Hya;
NGC5153;NGC5153;Galaxie;201.9764;-29.618;11.92;2.44;1.89;Hya;
NGC5154;NGC5154;Galaxie;201.6189;36.0103;14.73;1.35;1.26;CVn;
NGC5155;NGC5155;Amas ouvert;202.1462;-63.5087;;9.3;9.3;Cen;
NGC5156;NGC5156;Galaxie;202.1837;-48.9168;11.86;2.54;2.08;Cen;
NGC5157;NGC5157;Galaxie;201.8202;32.0307;14.13;1.32;1.11;CVn;
NGC5158;NGC5158;Galaxie;201.9457;17.7788;13.78;0.98;0.93;Com;
NGC5159;NGC5159;Galaxie;202.0674;2.9827;15.09;1.24;0.35;Vir;
NGC5160;NGC5160;Autre;202.09;5.9959;;;;Vir;
NGC5161;NGC5161;Galaxie;202.308;-33.1738;11.52;5.36;1.62;Cen;
NGC5162;NGC5162;Galaxie;202.358;11.0079;13.63;2.96;1.6;Vir;
NGC5163;NGC5163;Galaxie;201.7261;52.7535;14.79;1.13;0.72;UMa;
NGC5164;NGC5164;Galaxie;201.7996;55.4872;14.5;0.99;0.9;UMa;
NGC5165;NGC5165;Galaxie;202.1633;11.3871;14.55;1.64;0.91;Vir;
NGC5166;NGC5166;Galaxie;202.0627;32.0324;14.31;2.13;0.37;CVn;
NGC5167;NGC5167;Galaxie;202.1676;12.7112;14.63;1;0.96;Vir;
NGC5168;NGC5168;Amas ouvert;202.7719;-60.9392;9.1;4.2;4.2;Cen;
NGC5169;NGC5169;Galaxie;202.0419;46.6721;14.56;1.51;0.6;CVn;
NGC5170;NGC5170;Galaxie;202.4533;-17.9664;11.23;7.96;1.41;Vir;
NGC5171;NGC5171;Galaxie;202.3398;11.7351;12.8;1.07;0.78;Vir;
NGC5172;NGC5172;Galaxie;202.3305;17.0519;11.96;2.38;1.34;Com;
NGC5173;NGC5173;Galaxie;202.1053;46.5916;13.38;1.1;1.04;CVn;
NGC5175;NGC5175;Autre;202.3595;10.9951;;;;Vir;
NGC5176;NGC5176;Galaxie;202.354;11.7815;15.43;0.38;0.38;Vir;
NGC5177;NGC5177;Galaxie;202.3511;11.797;15.33;0.86;0.23;Vir;
NGC5178;NGC5178;Galaxie;202.3721;11.6248;14.82;1.03;0.66;Vir;
NGC5179;NGC5179;Galaxie;202.3787;11.7458;14.74;1.1;0.73;Vir;
NGC5180;NGC5180;Galaxie;202.3623;16.8258;13;1.25;0.89;Com;
NGC5181;NGC5181;Galaxie;202.425;13.3041;14.54;1.04;0.9;Vir;
NGC5182;NGC5182;Galaxie;202.6713;-28.1503;12.56;2.06;1.6;Hya;
NGC5183;NGC5183;Galaxie;202.5256;-1.7206;13.66;1.72;0.6;Vir;
NGC5184;NGC5184;Galaxie;202.5479;-1.6631;13.51;1.57;0.94;Vir;
NGC5185;NGC5185;Galaxie;202.5094;13.4161;14.47;2;0.74;Vir;
NGC5186;NGC5186;Galaxie;202.5163;12.1752;15.65;0.73;0.49;Vir;
NGC5187;NGC5187;Galaxie;202.4508;31.1301;14.55;0.81;0.54;CVn;
NGC5188;NGC5188;Galaxie;202.8678;-34.7944;12.04;3.41;2.41;Cen;
NGC5189;NGC5189;Nebuleuse;203.3871;-65.9741;10.3;2.33;2.33;Mus;
NGC5190;NGC5190;Galaxie;202.6606;18.1346;13.14;0.97;0.76;Com;
NGC5191;NGC5191;Galaxie;202.6973;11.2007;14.76;1.03;0.67;Vir;
NGC5192;NGC5192;Galaxie;202.7153;-1.7787;15.27;0.61;0.3;Vir;
NGC5193;NGC5193;Galaxie;202.973;-33.2342;11.73;2.07;1.89;Cen;
NGC5193A;NGC5193A;Galaxie;202.9545;-33.2395;14.14;1.49;0.53;Cen;
NGC5194;NGC5194;Galaxie;202.4696;47.1952;8.36;13.71;11.67;CVn;Whirlpool Galaxy
NGC5195;NGC5195;Galaxie;202.4983;47.2661;9.58;5.5;4.36;CVn;
NGC5196;NGC5196;Galaxie;202.8319;-1.6151;15.19;0.87;0.8;Vir;
NGC5197;NGC5197;Galaxie;202.8547;-1.6931;15.81;0.86;0.19;Vir;
NGC5198;NGC5198;Galaxie;202.5475;46.6708;11.78;2.03;1.68;CVn;
NGC5199;NGC5199;Galaxie;202.6782;34.8307;14.8;1.27;0.91;CVn;
NGC5200;NGC5200;Autre;202.9269;-0.0302;;;;Vir;
NGC5201;NGC5201;Galaxie;202.3175;53.082;14.19;1.58;0.99;UMa;
NGC5202;NGC5202;Galaxie;203.0021;-1.6988;15.52;0.67;0.29;Vir;
NGC5203;NGC5203;Galaxie;203.0558;-8.7862;14.24;1.66;1.05;Vir;
NGC5204;NGC5204;Galaxie;202.4021;58.4187;11.32;4.5;2.82;UMa;
NGC5205;NGC5205;Galaxie;202.5149;62.5116;12.77;1.58;0.94;UMa;
NGC5206;NGC5206;Galaxie;203.4333;-48.1512;10.49;4.26;2.81;Cen;
NGC5207;NGC5207;Galaxie;203.0583;13.8924;14.37;1.75;0.88;Vir;
NGC5208;NGC5208;Galaxie;203.1164;7.3164;14.21;1.69;0.6;Vir;
NGC5209;NGC5209;Galaxie;203.1772;7.3272;14.65;1.25;0.88;Vir;
NGC5210;NGC5210;Galaxie;203.2052;7.1701;14.15;1.51;1.25;Vir;
NGC5211;NGC5211;Galaxie;203.2723;-1.0358;13.1;2;1.55;Vir;
NGC5212;NGC5212;Galaxie;203.2335;7.2877;15.95;0.51;0.47;Vir;
NGC5213;NGC5213;Galaxie;203.6642;4.1333;14.9;0.93;0.71;Vir;
NGC5214;NGC5214;Galaxie;203.2029;41.8718;13.67;1.04;0.83;CVn;
NGC5215;NGC5215;Galaxie;203.7842;-33.4839;;2.2;2.2;Cen;
NGC5215A;NGC5215A;Galaxie;203.7777;-33.481;14.14;1.57;0.35;Cen;
NGC5215B;NGC5215B;Galaxie;203.7911;-33.483;13.95;1.24;0.88;Cen;
NGC5216;NGC5216;Galaxie;203.0287;62.7007;16.14;1.69;1.1;UMa;
NGC5217;NGC5217;Galaxie;203.5247;17.8569;13.87;1.56;0.53;Com;
NGC5218;NGC5218;Galaxie;203.0433;62.7677;12.32;1.84;1.21;UMa;
NGC5220;NGC5220;Galaxie;203.9861;-33.4538;13.54;2.62;1.21;Cen;
NGC5221;NGC5221;Galaxie;203.7329;13.8325;14.44;1.56;0.77;Vir;
NGC5222;NGC5222;Galaxie;203.7363;13.7433;;1.2;1.2;Vir;
NGC5222 NED01;NGC5222 NED01;Galaxie;203.7331;13.7422;13.95;1.51;1;Vir;
NGC5222 NED02;NGC5222 NED02;Galaxie;203.74;13.7443;15.56;0.93;0.59;Vir;
NGC5223;NGC5223;Galaxie;203.6051;34.6904;14.29;2.14;1.42;CVn;
NGC5224;NGC5224;Galaxie;203.7869;6.4811;15.01;0.87;0.76;Vir;
NGC5225;NGC5225;Galaxie;203.334;51.4903;14.37;0.73;0.73;CVn;
NGC5226;NGC5226;Galaxie;203.7651;13.9222;16.4;0.5;0.26;Vir;
NGC5227;NGC5227;Galaxie;203.8523;1.4106;13.21;1.51;1.29;Vir;
NGC5228;NGC5228;Galaxie;203.6461;34.7778;14.3;1.15;0.98;CVn;
NGC5229;NGC5229;Galaxie;203.5118;47.9154;13.85;2.28;0.63;CVn;
NGC5230;NGC5230;Galaxie;203.8828;13.6762;13.19;1.55;1.48;Vir;
NGC5231;NGC5231;Galaxie;203.951;2.9989;16.15;1.15;0.76;Vir;
NGC5232;NGC5232;Galaxie;204.0344;-8.4977;13.44;1.72;1.34;Vir;
NGC5233;NGC5233;Galaxie;203.8056;34.6774;14.53;1.46;0.76;CVn;
NGC5234;NGC5234;Galaxie;204.3748;-49.8369;13.98;1.51;0.87;Cen;
NGC5235;NGC5235;Galaxie;204.0059;6.5854;15.06;1.31;0.57;Vir;
NGC5236;NGC5236;Galaxie;204.254;-29.8654;7.21;13.61;13.21;Hya;Southern Pinwheel Galaxy
NGC5237;NGC5237;Galaxie;204.4127;-42.847;12.49;2.34;1.57;Cen;
NGC5238;NGC5238;Galaxie;203.6771;51.6137;13.4;1.75;1.44;CVn;
NGC5239;NGC5239;Galaxie;204.1092;7.3696;14.47;1.8;1.75;Boo;
NGC5240;NGC5240;Galaxie;203.98;35.5883;13.88;1.83;1.26;CVn;
NGC5241;NGC5241;Galaxie;204.1661;-8.4019;13.81;1.05;0.46;Vir;
NGC5242;NGC5242;Autre;204.2808;2.7706;;;;Vir;
NGC5243;NGC5243;Galaxie;204.0623;38.3439;14.05;1.01;0.45;CVn;
NGC5244;NGC5244;Galaxie;204.6738;-45.856;13.3;2.22;1.49;Cen;
NGC5245;NGC5245;Galaxie;204.3468;3.8974;15.17;0.56;0.21;Vir;
NGC5246;NGC5246;Galaxie;204.3724;4.1044;14.67;0.85;0.65;Vir;
NGC5247;NGC5247;Galaxie;204.5127;-17.884;10.41;5.32;4.26;Vir;
NGC5248;NGC5248;Galaxie;204.3834;8.8852;9.97;4.07;2.38;Boo;
NGC5249;NGC5249;Galaxie;204.4062;15.9722;13.97;1.49;0.93;Boo;
NGC5250;NGC5250;Galaxie;204.0305;51.2358;13.88;0.93;0.85;UMa;
NGC5251;NGC5251;Galaxie;204.3535;27.4192;14.63;0.9;0.76;Boo;
NGC5252;NGC5252;Galaxie;204.5665;4.5426;14.21;1.29;0.75;Vir;
NGC5253;NGC5253;Galaxie;204.9832;-31.6401;10.28;5.01;2.12;Cen;
NGC5254;NGC5254;Galaxie;204.908;-11.4939;12.16;3.35;1.44;Vir;
NGC5255;NGC5255;Galaxie;204.3255;57.1089;15.09;1.41;0.4;UMa;
NGC5256;NGC5256;Galaxie;204.5729;48.2769;13.42;0.95;0.83;UMa;
NGC5256 NED01;NGC5256 NED01;Galaxie;204.5721;48.2756;13.42;0.22;0.19;UMa;
NGC5256 NED02;NGC5256 NED02;Galaxie;204.5741;48.2781;14.02;1.48;1.29;UMa;
NGC5257;NGC5257;Galaxie;204.9705;0.84;13.04;1.48;0.77;Vir;
NGC5258;NGC5258;Galaxie;204.9904;0.8309;13.04;1.48;1.24;Vir;
NGC5259;NGC5259;Galaxie;204.8496;30.9914;;1;1;CVn;
NGC5259 NED01;NGC5259 NED01;Galaxie;204.8464;30.9924;16.43;0.83;0.55;CVn;
NGC5259 NED02;NGC5259 NED02;Galaxie;204.8528;30.9908;15.17;0.87;0.69;CVn;
NGC5260;NGC5260;Galaxie;205.0829;-23.8581;13.57;1.64;1.6;Hya;
NGC5261;NGC5261;Galaxie;205.067;5.0763;15.16;0.86;0.45;Vir;
NGC5262;NGC5262;Galaxie;203.9108;75.0394;13.65;1.22;0.69;UMi;
NGC5263;NGC5263;Galaxie;204.9818;28.4006;14.11;1.14;0.39;CVn;
NGC5264;NGC5264;Galaxie;205.4028;-29.9131;11.98;2.97;2.2;Hya;
NGC5265;NGC5265;Galaxie;205.038;36.8611;14.69;0.95;0.85;CVn;
NGC5266;NGC5266;Galaxie;205.7588;-48.1694;10.77;2.92;2.09;Cen;
NGC5266A;NGC5266A;Galaxie;205.1546;-48.342;13.82;1.91;1.69;Cen;
NGC5267;NGC5267;Galaxie;205.1665;38.7941;14.13;1.53;0.55;CVn;
NGC5268;NGC5268;Autre;205.5525;-13.8596;11.33;;;Vir;
NGC5269;NGC5269;Amas ouvert;206.1842;-62.9125;;4.8;4.8;Cen;
NGC5270;NGC5270;Galaxie;205.5453;4.2626;14.7;1;0.76;Vir;
NGC5271;NGC5271;Galaxie;205.4267;30.1254;15.11;0.84;0.67;CVn;
NGC5272;NGC5272;Amas globulaire;205.5468;28.3754;6.39;16.2;16.2;CVn;
NGC5273;NGC5273;Galaxie;205.5348;35.6542;12.16;2.31;1.52;CVn;
NGC5274;NGC5274;Galaxie;205.5971;29.8478;15.37;0.6;0.54;CVn;
NGC5275;NGC5275;Galaxie;205.5982;29.8249;14.2;0.88;0.67;CVn;
NGC5276;NGC5276;Galaxie;205.5917;35.6241;14.72;0.86;0.6;CVn;
NGC5277;NGC5277;Galaxie;205.6599;29.9544;15.48;0.58;0.45;CVn;
NGC5278;NGC5278;Galaxie;205.4151;55.6706;13.58;0.76;0.6;UMa;
NGC5279;NGC5279;Galaxie;205.4323;55.6738;13.6;0.61;0.35;UMa;
NGC5280;NGC5280;Galaxie;205.7314;29.8686;13.63;0.84;0.81;CVn;
NGC5281;NGC5281;Amas ouvert;206.6465;-62.9165;5.9;6.9;6.9;Cen;
NGC5282;NGC5282;Galaxie;205.8537;30.0695;14.95;0.66;0.62;CVn;
NGC5283;NGC5283;Galaxie;205.274;67.6723;14.05;1.19;1.03;Dra;
NGC5284;NGC5284;Amas ouvert;206.8471;-59.1494;;8.4;8.4;Cen;
NGC5285;NGC5285;Galaxie;206.1075;2.1099;15.47;0.77;0.64;Vir;
NGC5286;NGC5286;Amas globulaire;206.6108;-51.3735;8.31;6.6;6.6;Cen;
NGC5287;NGC5287;Galaxie;206.2189;29.7709;15.42;0.68;0.45;CVn;
NGC5288;NGC5288;Amas ouvert;207.1873;-64.6854;11.8;3.6;3.6;Cir;
NGC5289;NGC5289;Galaxie;206.2863;41.5034;12.97;2.33;0.7;CVn;
NGC5290;NGC5290;Galaxie;206.3299;41.7126;16.5;3.24;0.9;CVn;
NGC5291;NGC5291;Galaxie;206.852;-30.407;14;1.77;1.24;Cen;
NGC5292;NGC5292;Galaxie;206.917;-30.9395;11.92;2.29;1.33;Cen;
NGC5293;NGC5293;Galaxie;206.7195;16.2729;13.1;1.58;1.07;Boo;
NGC5294;NGC5294;Galaxie;206.3255;55.2908;15.12;1.26;0.65;UMa;
NGC5295;NGC5295;Galaxie;204.6641;79.4589;14.59;0.63;0.62;Cam;
NGC5296;NGC5296;Galaxie;206.5778;43.8514;13.81;0.95;0.55;CVn;
NGC5297;NGC5297;Galaxie;206.5986;43.8723;11.76;3.72;0.91;CVn;
NGC5298;NGC5298;Galaxie;207.152;-30.4285;13.09;1.86;0.87;Cen;
NGC5299;NGC5299;Amas ouvert;207.6094;-59.9477;;4.2;4.2;Cen;
NGC5300;NGC5300;Galaxie;207.0668;3.9509;13.17;2.83;1.84;Vir;
NGC5301;NGC5301;Galaxie;206.6028;46.1071;12.63;3.96;0.84;CVn;
NGC5302;NGC5302;Galaxie;207.207;-30.5111;12.43;1.05;0.59;Cen;
NGC5303;NGC5303;Galaxie;206.9375;38.3046;12.86;0.86;0.44;CVn;
NGC5304;NGC5304;Galaxie;207.5062;-30.5785;13.56;1.91;1.39;Cen;
NGC5305;NGC5305;Galaxie;206.9823;37.8263;14.45;1.46;1.02;CVn;
NGC5306;NGC5306;Galaxie;207.2975;-7.2244;13.1;1.94;1.24;Vir;
NGC5307;NGC5307;Nebuleuse;207.7637;-51.2058;11.2;0.21;0.21;Cen;
NGC5308;NGC5308;Galaxie;206.7518;60.9732;11.32;4.33;0.57;UMa;
NGC5309;NGC5309;Galaxie;207.5448;-15.6184;15.71;0.63;0.56;Vir;
NGC5310;NGC5310;Autre;207.4489;0.0692;14.07;;;Vir;
NGC5311;NGC5311;Galaxie;207.2337;39.9851;13.3;2.01;1.66;CVn;
NGC5312;NGC5312;Galaxie;207.4607;33.6217;14.62;1.09;0.57;CVn;
NGC5313;NGC5313;Galaxie;207.4348;39.9848;12.09;1.81;1.05;CVn;
NGC5314;NGC5314;Galaxie;206.5475;70.3396;14.52;0.95;0.49;UMi;
NGC5315;NGC5315;Nebuleuse;208.487;-66.5142;9.8;0.1;0.1;Cir;
NGC5316;NGC5316;Amas ouvert;208.4884;-61.8691;6;9.9;9.9;Cen;
NGC5318;NGC5318;Galaxie;207.65;33.7049;13.5;1.51;1.12;CVn;
NGC5319;NGC5319;Galaxie;207.6694;33.7616;16.64;0.65;0.27;CVn;
NGC5320;NGC5320;Galaxie;207.5849;41.3662;12.4;1.82;0.92;CVn;
NGC5321;NGC5321;Galaxie;207.682;33.6326;15.02;0.89;0.63;CVn;
NGC5322;NGC5322;Galaxie;207.3136;60.1905;10.14;5.62;3.49;UMa;
NGC5323;NGC5323;Galaxie;206.4022;76.8283;14.24;1.05;0.44;UMi;
NGC5324;NGC5324;Galaxie;208.0245;-6.0583;12.18;2.22;1.09;Vir;
NGC5325;NGC5325;Galaxie;207.7259;38.2748;14.92;0.86;0.62;CVn;
NGC5326;NGC5326;Galaxie;207.7113;39.5749;11.87;2.18;1.03;CVn;
NGC5327;NGC5327;Galaxie;208.0174;-2.2066;13.82;1.61;0.95;Vir;
NGC5328;NGC5328;Galaxie;208.2221;-28.4894;11.71;3.07;1.71;Hya;
NGC5329;NGC5329;Galaxie;208.042;2.3251;12.46;1.48;0.71;Vir;
NGC5330;NGC5330;Galaxie;208.2466;-28.4707;13.57;1.14;0.93;Hya;
NGC5331;NGC5331;Galaxie;208.0679;2.103;;1.1;1.1;Vir;
NGC5331 NED01;NGC5331 NED01;Galaxie;208.0673;2.1009;16.59;1.07;0.58;Vir;
NGC5331 NED02;NGC5331 NED02;Galaxie;208.0684;2.1086;14.93;0.56;0.29;Vir;
NGC5332;NGC5332;Galaxie;208.033;16.9697;12.95;1.06;0.77;Boo;
NGC5333;NGC5333;Galaxie;208.6009;-48.5125;11.89;2.18;1.09;Cen;
NGC5334;NGC5334;Galaxie;208.2269;-1.1146;11.73;3.38;2.44;Vir;
NGC5335;NGC5335;Galaxie;208.2357;2.8143;14.24;1.45;1.32;Vir;
NGC5336;NGC5336;Galaxie;208.0408;43.2429;13.64;1.22;0.92;CVn;
NGC5337;NGC5337;Galaxie;208.096;39.6872;13.37;1.66;0.8;CVn;
NGC5338;NGC5338;Galaxie;208.3606;5.2078;14.11;1.94;0.85;Vir;
NGC5339;NGC5339;Galaxie;208.5011;-7.9307;12.24;1.82;1.5;Vir;
NGC5340;NGC5340;Galaxie;207.2496;72.6538;15;0.84;0.64;UMi;
NGC5341;NGC5341;Galaxie;208.1332;37.8174;14.11;1.07;0.58;CVn;
NGC5342;NGC5342;Galaxie;207.8577;59.8639;14.28;0.92;0.3;UMa;
NGC5343;NGC5343;Galaxie;208.5488;-7.5881;14.22;1.23;0.93;Vir;
NGC5344;NGC5344;Galaxie;207.4918;73.9529;15.4;0.54;0.47;UMi;
NGC5345;NGC5345;Galaxie;208.5594;-1.4365;13.79;1.5;0.91;Vir;
NGC5346;NGC5346;Galaxie;208.2579;39.5808;14.71;1.56;0.64;CVn;
NGC5347;NGC5347;Galaxie;208.3243;33.4908;12.68;1.62;1.19;CVn;
NGC5348;NGC5348;Galaxie;208.547;5.2274;14.34;3.88;0.73;Vir;
NGC5349;NGC5349;Galaxie;208.3047;37.8831;14.96;1.6;0.48;CVn;
NGC5350;NGC5350;Galaxie;208.3401;40.3639;11.47;2.69;1.66;CVn;
NGC5351;NGC5351;Galaxie;208.3655;37.915;12.15;2.43;1.31;CVn;
NGC5352;NGC5352;Galaxie;208.4101;36.1341;14.08;1.42;1.24;CVn;
NGC5353;NGC5353;Galaxie;208.3612;40.283;11.02;2.37;1.18;CVn;
NGC5354;NGC5354;Galaxie;208.3612;40.3027;11.38;3.03;1.15;CVn;
NGC5355;NGC5355;Galaxie;208.4398;40.3387;13.18;1.15;0.72;CVn;
NGC5356;NGC5356;Galaxie;208.7436;5.3337;13.79;2.83;0.67;Vir;
NGC5357;NGC5357;Galaxie;208.9981;-30.3414;12.01;2.18;1.87;Cen;
NGC5358;NGC5358;Galaxie;208.5017;40.2773;14.58;1.12;0.38;CVn;
NGC5359;NGC5359;Amas ouvert;210.0399;-70.3923;;5.4;5.4;Cir;
NGC5360;NGC5360;Galaxie;208.9115;4.9851;14.93;1.1;0.62;Vir;
NGC5361;NGC5361;Galaxie;208.6468;38.4494;14.77;0.76;0.42;CVn;
NGC5362;NGC5362;Galaxie;208.7221;41.3135;12.76;1.89;0.78;CVn;
NGC5363;NGC5363;Galaxie;209.03;5.2548;10.21;4.17;2.75;Vir;
NGC5364;NGC5364;Galaxie;209.05;5.0145;10.52;3.8;1.66;Vir;
NGC5365;NGC5365;Galaxie;209.461;-43.9313;11.32;3.88;2.14;Cen;
NGC5365A;NGC5365A;Galaxie;209.1647;-44.0093;13.52;2.84;0.68;Cen;
NGC5365B;NGC5365B;Galaxie;209.6649;-43.9637;14.15;1.79;0.42;Cen;
NGC5366;NGC5366;Galaxie;209.1036;-0.2476;14.46;0.8;0.57;Vir;
NGC5367;NGC5367;Nebuleuse;209.4328;-39.9784;;2;2;Cen;
NGC5368;NGC5368;Galaxie;208.6215;54.3307;13.86;0.99;0.75;UMa;
NGC5369;NGC5369;Galaxie;209.1568;-5.4699;14.38;1.08;0.87;Vir;
NGC5370;NGC5370;Galaxie;208.539;60.6781;14.11;1.37;1.29;UMa;
NGC5371;NGC5371;Galaxie;208.9164;40.4618;11.69;3.98;2.45;CVn;
NGC5372;NGC5372;Galaxie;208.6916;58.6669;13.37;0.69;0.37;UMa;
NGC5373;NGC5373;Galaxie;209.2811;5.2519;15.35;0.6;0.52;Vir;
NGC5374;NGC5374;Galaxie;209.3735;6.097;13.68;1.62;1.32;Vir;
NGC5375;NGC5375;Galaxie;209.2333;29.1644;12.08;2.34;1.73;CVn;
NGC5376;NGC5376;Galaxie;208.817;59.5066;12.33;1.48;0.92;UMa;
NGC5377;NGC5377;Galaxie;209.0695;47.2357;11.27;3.64;1.42;CVn;
NGC5378;NGC5378;Galaxie;209.2126;37.7972;13.63;2.03;1.57;CVn;
NGC5379;NGC5379;Galaxie;208.893;59.7428;13.42;2.06;0.72;UMa;
NGC5380;NGC5380;Galaxie;209.2362;37.6104;12.29;2;0.99;CVn;
NGC5381;NGC5381;Amas ouvert;210.1748;-59.5868;;6.3;6.3;Cen;
NGC5382;NGC5382;Galaxie;209.562;6.2587;12.6;1.45;1.08;Vir;
NGC5383;NGC5383;Galaxie;209.2707;41.8463;11.57;2.48;1.88;CVn;
NGC5384;NGC5384;Galaxie;209.5536;6.5182;13.07;1.8;0.74;Vir;
NGC5385;NGC5385;Amas ouvert;208.133;76.1628;;;;UMi;
NGC5386;NGC5386;Galaxie;209.5931;6.3391;13.65;0.98;0.45;Vir;
NGC5387;NGC5387;Galaxie;209.6033;6.0713;14.79;1.17;0.37;Vir;
NGC5388;NGC5388;Autre;209.7415;-14.1509;;;;Vir;
NGC5389;NGC5389;Galaxie;209.0264;59.7421;11.98;3.27;0.71;UMa;
NGC5391;NGC5391;Galaxie;209.4282;46.4696;16.42;0.51;0.3;CVn;
NGC5392;NGC5392;Galaxie;209.8532;-3.2092;14.43;0.95;0.74;Vir;
NGC5393;NGC5393;Galaxie;210.1335;-28.8746;14.03;0.95;0.62;Hya;
NGC5394;NGC5394;Galaxie;209.6402;37.4535;12.94;2.63;1.07;CVn;
NGC5395;NGC5395;Galaxie;209.6583;37.4245;11.66;2.49;1.16;CVn;
NGC5397;NGC5397;Galaxie;210.2936;-33.9458;12.85;1.62;1.01;Cen;
NGC5398;NGC5398;Galaxie;210.3398;-33.0638;12.39;2.76;1.65;Cen;
NGC5399;NGC5399;Galaxie;209.8809;34.7736;14.54;1.14;0.32;CVn;
NGC5400;NGC5400;Galaxie;210.155;-2.8578;14.3;1.4;1.25;Vir;
NGC5401;NGC5401;Galaxie;209.931;36.2381;14.46;1.46;0.31;CVn;
NGC5402;NGC5402;Galaxie;209.569;59.8146;14.54;1.13;0.28;UMa;
NGC5403;NGC5403;Galaxie;209.9622;38.1825;14.65;2.75;0.89;CVn;
NGC5404;NGC5404;Autre;210.2812;0.0859;;;;Vir;
NGC5405;NGC5405;Galaxie;210.2895;7.7023;14.52;0.83;0.76;Boo;
NGC5406;NGC5406;Galaxie;210.0838;38.9154;12.33;1.69;1.22;CVn;
NGC5407;NGC5407;Galaxie;210.2088;39.1562;14.29;1.37;0.89;CVn;
NGC5408;NGC5408;Galaxie;210.8371;-41.3777;11.64;2.84;1.53;Cen;
NGC5409;NGC5409;Galaxie;210.442;9.4903;13.33;1.56;1;Boo;
NGC5410;NGC5410;Galaxie;210.2275;40.9886;14.14;1.15;0.65;CVn;
NGC5411;NGC5411;Galaxie;210.4969;8.9377;13.31;1.51;0.79;Boo;
NGC5412;NGC5412;Galaxie;209.3064;73.6167;14.78;1.17;0.95;UMi;
NGC5413;NGC5413;Galaxie;209.473;64.911;14.34;1.29;1;Dra;
NGC5414;NGC5414;Galaxie;210.5147;9.9293;13.85;0.97;0.66;Boo;
NGC5415;NGC5415;Galaxie;209.2372;70.7544;15;0.87;0.63;UMi;
NGC5416;NGC5416;Galaxie;210.5472;9.4401;13.29;1.29;0.73;Boo;
NGC5417;NGC5417;Galaxie;210.5543;8.0371;13.63;1.67;0.84;Boo;
NGC5418;NGC5418;Galaxie;210.5733;7.6842;14.39;0.95;0.41;Boo;
NGC5419;NGC5419;Galaxie;210.9114;-33.9783;10.77;3.98;2.95;Cen;
NGC5420;NGC5420;Galaxie;210.9996;-14.6169;14.08;1.9;0.7;Vir;
NGC5421;NGC5421;Galaxie;210.4245;33.8238;14.3;1.3;1.3;CVn;
NGC5421 NED01;NGC5421 NED01;Galaxie;210.4225;33.8268;14.39;1.17;0.68;CVn;
NGC5421 NED02;NGC5421 NED02;Galaxie;210.4255;33.8215;15.11;1;0.55;CVn;
NGC5422;NGC5422;Galaxie;210.1752;55.1645;11.8;2.81;0.59;UMa;
NGC5423;NGC5423;Galaxie;210.7026;9.3414;12.86;1.53;0.9;Boo;
NGC5424;NGC5424;Galaxie;210.7321;9.4207;13.14;1.46;1.18;Boo;
NGC5425;NGC5425;Galaxie;210.1986;48.4439;14.23;1.58;0.44;UMa;
NGC5426;NGC5426;Galaxie;210.8535;-6.0691;12.16;3.06;1.21;Vir;
NGC5427;NGC5427;Galaxie;210.8585;-6.0308;12.39;3.61;3.27;Vir;
NGC5428;NGC5428;Autre;210.8668;-5.9845;;;;Vir;
NGC5429;NGC5429;Autre;210.889;-6.0383;;;;Vir;
NGC5430;NGC5430;Galaxie;210.1906;59.3283;12.78;2.18;1.46;UMa;
NGC5431;NGC5431;Galaxie;210.7798;9.3631;15.6;0.9;0.38;Boo;
NGC5432;NGC5432;Autre;210.9194;-5.9754;;;;Vir;
NGC5433;NGC5433;Galaxie;210.6503;32.5104;13.99;1.52;0.36;CVn;
NGC5434;NGC5434;Galaxie;210.8464;9.4481;13.28;1.48;1.39;Boo;
NGC5435;NGC5435;Autre;211.0002;-5.9317;;;;Vir;
NGC5436;NGC5436;Galaxie;210.9213;9.5735;13.83;1.24;0.53;Boo;
NGC5437;NGC5437;Galaxie;210.9472;9.5237;14.91;1.07;0.54;Boo;
NGC5438;NGC5438;Galaxie;210.95;9.6106;14.42;1.18;1.11;Boo;
NGC5439;NGC5439;Galaxie;210.4903;46.3119;14.51;1.27;0.4;CVn;
NGC5440;NGC5440;Galaxie;210.7543;34.7579;13.27;2.84;1.45;CVn;
NGC5441;NGC5441;Galaxie;210.8;34.6846;14.9;0.44;0.38;CVn;
NGC5442;NGC5442;Galaxie;211.1801;-9.7137;13.94;1.19;0.56;Vir;
NGC5443;NGC5443;Galaxie;210.5492;55.814;13.11;1.68;0.57;UMa;
NGC5444;NGC5444;Galaxie;210.8505;35.1321;11.86;2.48;1.94;CVn;
NGC5445;NGC5445;Galaxie;210.8812;35.0253;13.91;1.56;0.56;CVn;
NGC5447;NGC5447;Nebuleuse;210.6183;54.2769;;;;UMa;
NGC5448;NGC5448;Galaxie;210.7085;49.1727;11.88;3.77;1.95;UMa;
NGC5449;NGC5449;Autre;210.6136;54.3302;;;;UMa;
NGC5450;NGC5450;Nebuleuse;210.6241;54.271;;;;UMa;
NGC5451;NGC5451;Nebuleuse;210.6544;54.3625;16.7;0.52;0.31;UMa;
NGC5452;NGC5452;Galaxie;208.6038;78.2206;14.13;1.25;0.8;UMi;
NGC5453;NGC5453;Nebuleuse;210.735;54.308;;;;UMa;
NGC5454;NGC5454;Galaxie;211.1905;14.3821;14.22;1.34;0.79;Boo;
NGC5455;NGC5455;Nebuleuse;210.7549;54.2415;15.22;0.63;0.49;UMa;
NGC5456;NGC5456;Galaxie;211.2454;11.8716;13.99;1.36;1.1;Boo;
NGC5457;NGC5457;Galaxie;210.8023;54.3489;7.9;23.99;23.07;UMa;
NGC5458;NGC5458;Nebuleuse;210.802;54.2983;;;;UMa;
NGC5459;NGC5459;Galaxie;211.2508;13.1319;14.39;1.27;1.11;Boo;
NGC5460;NGC5460;Amas ouvert;211.8659;-48.3425;5.6;13.2;13.2;Cen;
NGC5461;NGC5461;Nebuleuse;210.9225;54.318;14.38;1.62;0.98;UMa;
NGC5462;NGC5462;Nebuleuse;210.9708;54.3656;18.17;0.13;0.11;UMa;
NGC5463;NGC5463;Galaxie;211.5439;9.3534;14.01;1.25;0.45;Boo;
NGC5464;NGC5464;Galaxie;211.7683;-30.0171;12.97;1.38;0.73;Hya;
NGC5465;NGC5465;Autre;211.6137;-5.5063;14.47;;;Vir;
NGC5466;NGC5466;Amas globulaire;211.364;28.5345;9.7;6.6;6.6;Boo;
NGC5467;NGC5467;Autre;211.6229;-5.4815;15.12;;;Vir;
NGC5468;NGC5468;Galaxie;211.6454;-5.4531;12.05;2.28;2.13;Vir;
NGC5469;NGC5469;Galaxie;213.1246;8.6479;14.98;0.92;0.78;Boo;
NGC5470;NGC5470;Galaxie;211.633;6.0297;14.24;2.6;0.42;Vir;
NGC5471;NGC5471;Nebuleuse;211.1209;54.3969;14.54;0.82;0.61;UMa;
NGC5472;NGC5472;Galaxie;211.7292;-5.4605;14.68;1.46;0.29;Vir;
NGC5473;NGC5473;Galaxie;211.1801;54.8926;11.47;1.99;1.54;UMa;
NGC5474;NGC5474;Galaxie;211.2567;53.6622;11.01;2.39;1.57;UMa;
NGC5475;NGC5475;Galaxie;211.3017;55.7419;13.27;1.94;0.58;UMa;
NGC5476;NGC5476;Galaxie;212.0354;-6.0921;13.34;1.41;1.31;Vir;
NGC5477;NGC5477;Galaxie;211.3888;54.4611;13.78;1.11;0.78;UMa;
NGC5478;NGC5478;Galaxie;212.0355;-1.7023;13.64;0.97;0.66;Vir;
NGC5479;NGC5479;Galaxie;211.489;65.6908;15.02;0.93;0.76;UMi;
NGC5480;NGC5480;Galaxie;211.5899;50.7251;12.18;1.67;1.28;UMa;
NGC5481;NGC5481;Galaxie;211.672;50.7233;13.24;1.76;1.22;Boo;
NGC5482;NGC5482;Galaxie;212.1279;8.9319;14;1.17;0.81;Boo;
NGC5483;NGC5483;Galaxie;212.6043;-43.3246;11.13;3.42;3.08;Cen;
NGC5484;NGC5484;Galaxie;211.7009;55.0299;15.74;0.47;0.46;UMa;
NGC5485;NGC5485;Galaxie;211.7973;55.0017;11.5;2.51;1.75;UMa;
NGC5486;NGC5486;Galaxie;211.854;55.1031;14.01;1.36;0.82;UMa;
NGC5487;NGC5487;Galaxie;212.4329;8.0691;14.61;1.05;0.52;Boo;
NGC5488;NGC5488;Galaxie;212.013;-33.3149;13.31;2.63;0.73;Cen;
NGC5489;NGC5489;Galaxie;213.003;-46.0887;13.16;2.29;1.28;Cen;
NGC5490;NGC5490;Galaxie;212.4887;17.5456;12.05;1.66;1.29;Boo;
NGC5490C;NGC5490C;Galaxie;212.5288;17.6158;15.22;0.75;0.61;Boo;
NGC5491;NGC5491;Galaxie;212.739;6.3649;13.82;1.32;0.75;Vir;
NGC5492;NGC5492;Galaxie;212.6467;19.6123;13.71;1.58;0.38;Boo;
NGC5493;NGC5493;Galaxie;212.8724;-5.0436;11.42;2.17;1.92;Vir;
NGC5494;NGC5494;Galaxie;213.1007;-30.6441;12.63;2.33;2.18;Cen;
NGC5495;NGC5495;Galaxie;213.0973;-27.108;13.5;1.52;1.26;Hya;
NGC5496;NGC5496;Galaxie;212.9077;-1.1591;13.45;2.69;0.58;Vir;
NGC5497;NGC5497;Galaxie;212.6318;38.8936;15.11;0.6;0.49;Boo;
NGC5498;NGC5498;Galaxie;212.7689;25.698;14.73;1.23;0.84;Boo;
NGC5499;NGC5499;Galaxie;212.6985;35.9135;14.27;1.12;0.74;Boo;
NGC5500;NGC5500;Galaxie;212.5635;48.5461;14.37;0.92;0.76;Boo;
NGC5501;NGC5501;Galaxie;213.0841;1.2725;15;0.89;0.65;Vir;
NGC5502;NGC5502;Galaxie;212.3915;60.4096;16.23;0.63;0.34;UMa;
NGC5504;NGC5504;Galaxie;213.0659;15.8419;14.04;1.18;1.03;Boo;
NGC5504B;NGC5504B;Galaxie;213.053;15.8689;15.23;0.56;0.38;Boo;
NGC5504C;NGC5504C;Galaxie;213.0658;15.8793;15.65;0.81;0.32;Boo;
NGC5505;NGC5505;Galaxie;213.1321;13.3047;13.13;0.89;0.71;Boo;
NGC5506;NGC5506;Galaxie;213.312;-3.2076;12.56;2.88;0.76;Vir;
NGC5507;NGC5507;Galaxie;213.3328;-3.1489;12.44;1.6;0.79;Vir;
NGC5508;NGC5508;Galaxie;213.121;24.6355;15.03;0.98;0.65;Boo;
NGC5509;NGC5509;Galaxie;213.1649;20.387;14.97;1.19;0.74;Boo;
NGC5510;NGC5510;Galaxie;213.4051;-17.9838;14.26;0.95;0.65;Vir;
NGC5511;NGC5511;Galaxie;213.2726;8.6319;15.62;0.68;0.24;Boo;
NGC5512;NGC5512;Galaxie;213.1714;30.8551;15.3;0.67;0.56;Boo;
NGC5513;NGC5513;Galaxie;213.286;20.4163;13.78;2.02;1.09;Boo;
NGC5514;NGC5514;Galaxie;213.4116;7.6595;;1.3;1.3;Boo;
NGC5514 NED01;NGC5514 NED01;Galaxie;213.4102;7.6605;14.37;1.15;0.65;Boo;
NGC5514 NED02;NGC5514 NED02;Galaxie;213.4141;7.658;15.89;0.85;0.74;Boo;
NGC5515;NGC5515;Galaxie;213.159;39.3103;13.7;1.22;0.64;Boo;
NGC5516;NGC5516;Galaxie;213.9779;-48.1149;11.99;2.39;1.56;Cen;
NGC5517;NGC5517;Galaxie;213.2135;35.7109;14.73;1.01;0.71;Boo;
NGC5518;NGC5518;Galaxie;213.4487;20.8483;14.51;1.28;1.09;Boo;
NGC5519;NGC5519;Galaxie;213.587;7.5159;14.51;1.77;1.08;Boo;
NGC5520;NGC5520;Galaxie;213.095;50.3484;12.75;1.61;0.8;Boo;
NGC5521;NGC5521;Galaxie;213.8488;4.4085;14.62;0.61;0.49;Vir;
NGC5522;NGC5522;Galaxie;213.7099;15.1469;14;1.87;0.42;Boo;
NGC5523;NGC5523;Galaxie;213.718;25.3176;13.13;2.04;0.89;Boo;
NGC5524;NGC5524;Autre;213.5027;36.4174;;;;Boo;
NGC5525;NGC5525;Galaxie;213.9135;14.2826;12.84;1.21;0.66;Boo;
NGC5526;NGC5526;Galaxie;213.474;57.7713;14.24;1.1;0.3;UMa;
NGC5527;NGC5527;Galaxie;213.6135;36.4045;14.94;0.94;0.69;Boo;
NGC5528;NGC5528;Galaxie;214.083;8.2935;14.66;0.99;0.55;Boo;
NGC5529;NGC5529;Galaxie;213.892;36.2266;11.91;5.79;0.68;Boo;
NGC5530;NGC5530;Galaxie;214.6131;-43.3886;11.19;4.86;2.18;Lup;
NGC5531;NGC5531;Galaxie;214.1804;10.8848;14.7;1.07;0.6;Boo;
NGC5532;NGC5532;Galaxie;214.2206;10.8074;11.94;2.34;1.94;Boo;
NGC5533;NGC5533;Galaxie;214.0323;35.3438;11.81;2.86;1.58;Boo;
NGC5534;NGC5534;Galaxie;214.4178;-7.4174;12.49;1.36;1.23;Vir;
NGC5535;NGC5535;Galaxie;214.3803;8.2084;15.74;0.66;0.42;Boo;
NGC5536;NGC5536;Galaxie;214.0994;39.5022;14.41;0.83;0.64;Boo;
NGC5537;NGC5537;Galaxie;214.4045;7.055;15.05;0.94;0.4;Vir;
NGC5538;NGC5538;Galaxie;214.427;7.4767;15.5;0.89;0.31;Boo;
NGC5539;NGC5539;Galaxie;214.4074;8.1796;15.05;1.15;0.75;Boo;
NGC5540;NGC5540;Galaxie;213.7268;60.0111;14.7;1.1;0.88;UMa;
NGC5541;NGC5541;Galaxie;214.1325;39.5891;13.58;0.92;0.59;Boo;
NGC5542;NGC5542;Galaxie;214.4717;7.5588;14.84;0.6;0.35;Boo;
NGC5543;NGC5543;Galaxie;214.517;7.6549;15.18;0.79;0.42;Boo;
NGC5544;NGC5544;Galaxie;214.2605;36.5716;13.89;1.03;0.96;Boo;
NGC5545;NGC5545;Galaxie;214.2715;36.5751;13.2;0.97;0.33;Boo;
NGC5546;NGC5546;Galaxie;214.5385;7.5646;12.29;1.57;1.29;Boo;
NGC5547;NGC5547;Galaxie;212.4383;78.6011;14.83;0.74;0.3;UMi;
NGC5548;NGC5548;Galaxie;214.498;25.1368;13.37;1.33;1.05;Boo;
NGC5549;NGC5549;Galaxie;214.6617;7.3773;13.95;1.53;0.75;Vir;
NGC5550;NGC5550;Galaxie;214.6165;12.8831;14.09;1.1;0.81;Boo;
NGC5551;NGC5551;Galaxie;214.7285;5.4515;14.88;0.81;0.59;Vir;
NGC5552;NGC5552;Galaxie;214.766;7.0317;15.12;0.91;0.39;Vir;
NGC5553;NGC5553;Galaxie;214.6239;26.2878;14.59;1.15;0.25;Boo;
NGC5554;NGC5554;Galaxie;214.8125;7.0211;15.12;0.65;0.45;Vir;
NGC5555;NGC5555;Galaxie;214.7003;-19.1389;15.14;0.61;0.37;Vir;
NGC5556;NGC5556;Galaxie;215.142;-29.2418;11.82;3.45;2.75;Hya;
NGC5557;NGC5557;Galaxie;214.6072;36.4936;11.02;2.28;1.12;Boo;
NGC5559;NGC5559;Galaxie;214.8032;24.7987;14.81;1.31;0.38;Boo;
NGC5560;NGC5560;Galaxie;215.0187;3.9925;12.35;3.45;0.85;Vir;
NGC5561;NGC5561;Galaxie;214.3451;58.7505;15.45;0.65;0.52;UMa;
NGC5562;NGC5562;Galaxie;215.046;10.2628;14.37;0.8;0.74;Boo;
NGC5563;NGC5563;Galaxie;215.0545;7.0554;15.13;0.95;0.45;Vir;
NGC5565;NGC5565;Autre;214.8271;6.9949;;;;Vir;
NGC5566;NGC5566;Galaxie;215.0829;3.9338;10.51;5.36;2.08;Vir;
NGC5567;NGC5567;Galaxie;214.8235;35.1379;14.48;1.06;0.92;Boo;
NGC5568;NGC5568;Galaxie;214.8388;35.0922;15.43;0.74;0.57;Boo;
NGC5569;NGC5569;Galaxie;215.1337;3.9832;14.89;1.11;0.87;Vir;
NGC5571;NGC5571;Autre;214.8835;35.1509;;;;Boo;
NGC5572;NGC5572;Galaxie;214.8971;36.1407;15.04;0.89;0.72;Boo;
NGC5573;NGC5573;Galaxie;215.173;6.9073;15.01;1.24;0.37;Vir;
NGC5574;NGC5574;Galaxie;215.2332;3.238;12.45;1.32;0.83;Vir;
NGC5575;NGC5575;Galaxie;215.2475;6.2027;14.35;0.91;0.75;Vir;
NGC5576;NGC5576;Galaxie;215.2653;3.271;10.9;2.83;1.87;Vir;
NGC5577;NGC5577;Galaxie;215.3046;3.4358;13.47;2.86;0.73;Vir;
NGC5579;NGC5579;Galaxie;215.1103;35.1888;14.54;1.49;1.12;Boo;
NGC5580;NGC5580;Galaxie;215.41;35.2049;13.55;1.54;1.38;Boo;
NGC5581;NGC5581;Galaxie;215.318;23.48;14.67;0.6;0.48;Boo;
NGC5582;NGC5582;Galaxie;215.1797;39.6936;11.62;2.2;1.4;Boo;
NGC5583;NGC5583;Galaxie;215.4187;13.2324;14.2;0.84;0.64;Boo;
NGC5584;NGC5584;Galaxie;215.599;-0.3877;12.77;3.13;2.34;Vir;
NGC5585;NGC5585;Galaxie;214.9508;56.7291;11.02;4.27;2.62;UMa;
NGC5586;NGC5586;Autre;215.5319;13.1843;;;;Boo;
NGC5587;NGC5587;Galaxie;215.5446;13.9181;13.79;2.13;0.67;Boo;
NGC5588;NGC5588;Galaxie;215.3546;35.2706;14.2;0.95;0.8;Boo;
NGC5591;NGC5591;Galaxie;215.6417;13.7167;;1.4;1.4;Boo;
NGC5591 NED01;NGC5591 NED01;Galaxie;215.6387;13.7172;13.88;0.85;0.48;Boo;
NGC5591 NED02;NGC5591 NED02;Galaxie;215.6448;13.7174;15.85;1.02;0.25;Boo;
NGC5592;NGC5592;Galaxie;215.9794;-28.6881;12.73;1.63;0.75;Hya;
NGC5593;NGC5593;Amas ouvert;216.4133;-54.7987;;4.5;4.5;Lup;
NGC5594;NGC5594;Galaxie;215.793;26.2658;14.8;1.47;0.7;Boo;
NGC5595;NGC5595;Galaxie;216.0552;-16.723;12.02;2.12;1.01;Lib;
NGC5596;NGC5596;Galaxie;215.6198;37.1222;13.5;1.04;0.72;Boo;
NGC5597;NGC5597;Galaxie;216.1143;-16.7628;12.89;2;1.55;Lib;
NGC5598;NGC5598;Galaxie;215.6178;40.3198;14.1;1.55;0.99;Boo;
NGC5599;NGC5599;Galaxie;215.9609;6.5761;14.56;1.34;0.51;Vir;
NGC5600;NGC5600;Galaxie;215.9563;14.6388;12.39;1.6;1.57;Boo;
NGC5601;NGC5601;Galaxie;215.722;40.3096;15.47;0.83;0.33;Boo;
NGC5602;NGC5602;Galaxie;215.5785;50.5014;12.53;1.31;0.68;Boo;
NGC5603;NGC5603;Galaxie;215.7564;40.3774;13.01;1.11;1.04;Boo;
NGC5604;NGC5604;Galaxie;216.1783;-3.2122;12.87;1.8;0.92;Vir;
NGC5605;NGC5605;Galaxie;216.2815;-13.163;12.5;1.5;1.23;Lib;
NGC5606;NGC5606;Amas ouvert;216.947;-59.6322;7.7;3.6;3.6;Cen;
NGC5607;NGC5607;Galaxie;214.8612;71.5882;13.5;0.87;0.73;UMi;
NGC5608;NGC5608;Galaxie;215.8245;41.7759;13.36;1.66;0.74;Boo;
NGC5609;NGC5609;Galaxie;215.9512;34.8428;16.18;0.48;0.39;Boo;
NGC5610;NGC5610;Galaxie;216.0956;24.6141;14.29;1.73;0.6;Boo;
NGC5611;NGC5611;Galaxie;216.0199;33.0474;13.46;1.36;0.59;Boo;
NGC5612;NGC5612;Galaxie;218.5052;-78.3875;12.08;1.94;1.15;Aps;
NGC5613;NGC5613;Galaxie;216.0248;34.8921;15.6;0.56;0.37;Boo;
NGC5614;NGC5614;Galaxie;216.0316;34.8589;11.71;2.43;2;Boo;
NGC5615;NGC5615;Galaxie;216.0271;34.865;15.29;0.16;0.16;Boo;
NGC5616;NGC5616;Galaxie;216.0863;36.4614;14.55;2.13;0.41;Boo;
NGC5617;NGC5617;Amas ouvert;217.4336;-60.7108;6.3;5.1;5.1;Cen;
NGC5618;NGC5618;Galaxie;216.7992;-2.2624;13.4;1.45;0.78;Vir;
NGC5619;NGC5619;Galaxie;216.826;4.8028;13.89;2.29;0.93;Vir;
NGC5619B;NGC5619B;Galaxie;216.8849;4.8216;14.76;1.05;0.44;Vir;
NGC5621;NGC5621;Autre;216.9575;8.2402;;;;Boo;
NGC5622;NGC5622;Galaxie;216.5508;48.564;13.44;1.34;0.76;Boo;
NGC5623;NGC5623;Galaxie;216.7862;33.2526;12.53;1.65;1.08;Boo;
NGC5624;NGC5624;Galaxie;216.6467;51.5854;13.69;1.02;0.68;Boo;
NGC5625;NGC5625;Galaxie;216.7562;39.9569;;1.2;1.2;Boo;
NGC5625 NED01;NGC5625 NED01;Galaxie;216.7525;39.9562;16.74;0.48;0.28;Boo;
NGC5625 NED02;NGC5625 NED02;Galaxie;216.7597;39.9573;14.84;1;0.78;Boo;
NGC5626;NGC5626;Galaxie;217.4545;-29.7485;14.02;1.37;1.05;Hya;
NGC5627;NGC5627;Galaxie;217.1428;11.3783;14.55;1.28;0.78;Boo;
NGC5628;NGC5628;Galaxie;217.1075;17.9244;14.45;0.97;0.63;Boo;
NGC5629;NGC5629;Galaxie;217.0682;25.8488;12.19;1.71;1.58;Boo;
NGC5630;NGC5630;Galaxie;216.9025;41.2578;13.61;1.48;0.52;Boo;
NGC5631;NGC5631;Galaxie;216.6387;56.5826;11.56;1.95;1.95;UMa;
NGC5633;NGC5633;Galaxie;216.8682;46.1465;12.46;1.09;0.72;Boo;
NGC5634;NGC5634;Amas globulaire;217.4053;-5.9764;10.05;4.5;4.5;Vir;
NGC5635;NGC5635;Galaxie;217.1323;27.4089;13.9;2.62;1;Boo;
NGC5636;NGC5636;Galaxie;217.4126;3.2663;13.85;1.36;0.89;Vir;
NGC5637;NGC5637;Galaxie;217.2483;23.1915;14.5;0.84;0.44;Boo;
NGC5638;NGC5638;Galaxie;217.4182;3.2333;11.21;1.94;1.71;Vir;
NGC5639;NGC5639;Galaxie;217.194;30.4129;14.53;1.26;0.81;Boo;
NGC5640;NGC5640;Galaxie;215.17;80.1231;15.5;0.78;0.47;Cam;
NGC5641;NGC5641;Galaxie;217.3192;28.8219;13.29;2.07;1.03;Boo;
NGC5642;NGC5642;Galaxie;217.3062;30.0264;14.2;1.77;1.13;Boo;
NGC5643;NGC5643;Galaxie;218.1698;-44.1744;11.49;5.27;4.6;Lup;
NGC5644;NGC5644;Galaxie;217.6066;11.928;13.93;1.24;1.14;Boo;
NGC5645;NGC5645;Galaxie;217.664;7.2751;12.41;2.02;1.09;Vir;
NGC5646;NGC5646;Galaxie;217.3917;35.4619;15.03;1.19;0.45;Boo;
NGC5647;NGC5647;Galaxie;217.6504;11.8767;15.41;1.02;0.24;Boo;
NGC5648;NGC5648;Galaxie;217.6358;14.0231;14.29;0.77;0.63;Boo;
NGC5650;NGC5650;Galaxie;217.7545;5.9784;13.8;1.05;0.24;Vir;
NGC5653;NGC5653;Galaxie;217.5434;31.2155;12.22;1.6;1.33;Boo;
NGC5654;NGC5654;Galaxie;217.5055;36.3609;14.12;1.25;0.73;Boo;
NGC5655;NGC5655;Galaxie;217.7122;13.9688;14.06;0.73;0.47;Boo;
NGC5656;NGC5656;Galaxie;217.6063;35.321;12.43;1.26;0.89;Boo;
NGC5657;NGC5657;Galaxie;217.6817;29.1808;14.34;1.75;0.71;Boo;
NGC5659;NGC5659;Galaxie;217.7756;25.3551;14.75;1.79;0.51;Boo;
NGC5660;NGC5660;Galaxie;217.4575;49.6227;11.91;2.64;2.43;Boo;
NGC5661;NGC5661;Galaxie;217.9891;6.2504;14.24;1.14;0.61;Vir;
NGC5662;NGC5662;Amas ouvert;218.9066;-56.6181;5.5;8.1;8.1;Cen;
NGC5663;NGC5663;Galaxie;218.4846;-16.5811;15.1;0.92;0.87;Lib;
NGC5664;NGC5664;Galaxie;218.4318;-14.6197;14.52;0.85;0.39;Lib;
NGC5665;NGC5665;Galaxie;218.1072;8.0786;12.61;1.88;1.17;Boo;
NGC5665A;NGC5665A;Autre;218.1139;8.0787;;;;Boo;
NGC5666;NGC5666;Galaxie;218.2884;10.5108;13.52;0.97;0.75;Boo;
NGC5667;NGC5667;Galaxie;217.5955;59.4698;12.95;1.62;0.82;Dra;
NGC5668;NGC5668;Galaxie;218.3514;4.4504;11.71;1.91;1.61;Vir;
NGC5669;NGC5669;Galaxie;218.1812;9.8904;12.97;2.57;1.46;Boo;
NGC5670;NGC5670;Galaxie;218.9001;-45.967;11.96;2.59;1.18;Lup;
NGC5671;NGC5671;Galaxie;216.925;69.6942;14.32;1.41;1.02;UMi;
NGC5672;NGC5672;Galaxie;218.1598;31.6702;13.52;0.91;0.75;Boo;
NGC5673;NGC5673;Galaxie;217.8788;49.9587;12.17;2.33;0.45;Boo;
NGC5674;NGC5674;Galaxie;218.4677;5.4582;13.7;1.15;0.3;Vir;
NGC5675;NGC5675;Galaxie;218.166;36.3022;14;2.27;0.72;Boo;
NGC5676;NGC5676;Galaxie;218.1952;49.4579;11.22;3.59;1.61;Boo;
NGC5677;NGC5677;Galaxie;218.5531;25.468;14.7;0.94;0.7;Boo;
NGC5678;NGC5678;Galaxie;218.0234;57.9214;11.43;2.96;1.55;Dra;
NGC5679;NGC5679;Galaxie;218.7863;5.3564;;1.6;1.6;Vir;
NGC5679A;NGC5679A;Galaxie;218.7766;5.3568;14.2;0.78;0.47;Vir;
NGC5679B;NGC5679B;Galaxie;218.7865;5.3589;14.33;1.08;0.62;Vir;
NGC5679C;NGC5679C;Galaxie;218.7958;5.3543;17.43;0.27;0.18;Vir;
NGC5680;NGC5680;Galaxie;218.9355;-0.0134;15.32;0.96;0.67;Vir;
NGC5681;NGC5681;Galaxie;218.9286;8.3006;14.3;0.86;0.61;Boo;
NGC5682;NGC5682;Galaxie;218.6874;48.6702;14.34;0.65;0.24;Boo;
NGC5683;NGC5683;Galaxie;218.7185;48.6619;15.04;0.57;0.49;Boo;
NGC5684;NGC5684;Galaxie;218.959;36.5432;12.72;1.41;1.12;Boo;
NGC5685;NGC5685;Galaxie;219.064;29.9084;14.72;1.05;0.94;Boo;
NGC5686;NGC5686;Galaxie;219.0108;36.5032;14.92;0.77;0.73;Boo;
NGC5687;NGC5687;Galaxie;218.7183;54.4759;11.74;2.41;1.37;Boo;
NGC5688;NGC5688;Galaxie;219.8965;-45.019;11.81;4.13;1.91;Lup;
NGC5689;NGC5689;Galaxie;218.8737;48.7416;11.8;3.66;0.91;Boo;
NGC5690;NGC5690;Galaxie;219.4211;2.2908;12.48;3.2;0.99;Vir;
NGC5691;NGC5691;Galaxie;219.4723;-0.3989;12.38;1.86;1.4;Vir;
NGC5692;NGC5692;Galaxie;219.5755;3.4103;13.41;0.95;0.6;Vir;
NGC5693;NGC5693;Galaxie;219.0466;48.585;14.26;1.57;1.07;Boo;
NGC5694;NGC5694;Amas globulaire;219.9021;-26.5383;10.89;3.3;3.3;Hya;
NGC5695;NGC5695;Galaxie;219.3422;36.5678;12.93;0.99;0.49;Boo;
NGC5696;NGC5696;Galaxie;219.2378;41.8281;13.95;1.21;0.84;Boo;
NGC5697;NGC5697;Galaxie;219.1336;41.6859;14.66;1;0.64;Boo;
NGC5698;NGC5698;Galaxie;219.3113;38.4543;14.01;1.73;0.74;Boo;
NGC5699;NGC5699;Galaxie;219.6765;30.4659;15.66;0.61;0.56;Boo;
NGC5700;NGC5700;Galaxie;219.2565;48.5448;15.09;0.99;0.55;Boo;
NGC5701;NGC5701;Galaxie;219.7962;5.3635;11.2;2;1.6;Vir;
NGC5702;NGC5702;Galaxie;219.7295;20.5067;14.31;1.19;0.91;Boo;
NGC5703;NGC5703;Galaxie;219.7084;30.4425;14.38;1.51;0.44;Boo;
NGC5704;NGC5704;Galaxie;219.5678;40.4567;13.81;1.56;0.57;Boo;
NGC5705;NGC5705;Galaxie;219.957;-0.7185;14.03;1.35;0.6;Vir;
NGC5707;NGC5707;Galaxie;219.3782;51.5619;13.21;2.38;0.6;Boo;
NGC5710;NGC5710;Galaxie;219.8175;20.0437;12.99;1.42;1.03;Boo;
NGC5711;NGC5711;Galaxie;219.844;19.9909;15.14;1.03;0.46;Boo;
NGC5712;NGC5712;Galaxie;217.4238;78.8642;15.22;0.72;0.68;UMi;
NGC5713;NGC5713;Galaxie;220.048;-0.289;11.32;2.47;1.7;Vir;
NGC5714;NGC5714;Galaxie;219.548;46.6382;14.1;2.84;0.5;Boo;
NGC5715;NGC5715;Amas ouvert;220.8737;-57.577;9.8;3.6;3.6;Cir;
NGC5716;NGC5716;Galaxie;220.273;-17.477;13.53;1.57;1.19;Lib;
NGC5717;NGC5717;Galaxie;219.657;46.6631;15.23;1.02;0.63;Boo;
NGC5718;NGC5718;Galaxie;220.1785;3.4654;14.27;1.54;1.09;Vir;
NGC5719;NGC5719;Galaxie;220.2348;-0.3182;13.37;3.08;1.29;Vir;
NGC5720;NGC5720;Galaxie;219.6387;50.8152;14.45;1.9;1.23;Boo;
NGC5721;NGC5721;Galaxie;219.7207;46.6744;14.4;0.35;0.28;Boo;
NGC5722;NGC5722;Galaxie;219.7267;46.6656;15.38;0.72;0.63;Boo;
NGC5723;NGC5723;Galaxie;219.7413;46.6896;16.55;0.64;0.23;Boo;
NGC5724;NGC5724;Autre;219.7589;46.692;18;;;Boo;
NGC5725;NGC5725;Galaxie;220.243;2.1866;14.45;0.95;0.57;Vir;
NGC5726;NGC5726;Galaxie;220.7335;-18.4449;13.97;1.2;0.93;Lib;
NGC5727;NGC5727;Galaxie;220.1088;33.9891;13.65;0.78;0.31;Boo;
NGC5728;NGC5728;Galaxie;220.5996;-17.2531;11.51;3.2;1.87;Lib;
NGC5729;NGC5729;Galaxie;220.5287;-9.0094;12.98;2.47;0.62;Lib;
NGC5730;NGC5730;Galaxie;219.9673;42.7424;14.45;2.01;0.38;Boo;
NGC5731;NGC5731;Galaxie;220.0384;42.7796;14.1;1.5;0.37;Boo;
NGC5732;NGC5732;Galaxie;220.1623;38.6378;14.34;1.23;0.65;Boo;
NGC5733;NGC5733;Galaxie;220.6914;-0.3511;14.68;0.99;0.34;Vir;
NGC5734;NGC5734;Galaxie;221.2877;-20.8705;13.77;1.4;0.92;Lib;
NGC5735;NGC5735;Galaxie;220.6385;28.7264;13.36;2;1.47;Boo;
NGC5736;NGC5736;Galaxie;220.8784;11.2027;14.69;0.96;0.62;Boo;
NGC5737;NGC5737;Galaxie;220.7993;18.8799;14.58;1.14;0.78;Boo;
NGC5738;NGC5738;Galaxie;220.9849;1.6042;14.64;0.94;0.48;Vir;
NGC5739;NGC5739;Galaxie;220.6205;41.8423;13.27;1.75;1.26;Boo;
NGC5740;NGC5740;Galaxie;221.1019;1.6798;11.9;2.7;1.34;Vir;
NGC5741;NGC5741;Galaxie;221.4655;-11.9143;14.58;1.05;0.99;Lib;
NGC5742;NGC5742;Galaxie;221.4037;-11.8096;13.86;1.17;0.87;Lib;
NGC5743;NGC5743;Galaxie;221.2958;-20.9135;13.89;1.29;0.47;Lib;
NGC5744;NGC5744;Galaxie;221.661;-18.5133;14.28;1.05;0.69;Lib;
NGC5745;NGC5745;Galaxie;221.259;-13.9462;14;1.62;0.81;Lib;
NGC5746;NGC5746;Galaxie;221.233;1.955;10.55;7.24;1.08;Vir;
NGC5747;NGC5747;Galaxie;221.0867;12.1297;;1.3;1.3;Boo;
NGC5747 NED01;NGC5747 NED01;Galaxie;221.0867;12.1283;14.4;0.43;0.2;Boo;
NGC5747 NED02;NGC5747 NED02;Galaxie;221.0867;12.132;14.36;1;0.78;Boo;
NGC5748;NGC5748;Galaxie;221.2713;21.9162;15.28;0.96;0.63;Boo;
NGC5749;NGC5749;Amas ouvert;222.2248;-54.4977;8.8;7.2;7.2;Lup;
NGC5750;NGC5750;Galaxie;221.5463;-0.2229;11.69;2.65;1.37;Vir;
NGC5751;NGC5751;Galaxie;220.9549;53.4007;13.8;1.3;0.68;Boo;
NGC5752;NGC5752;Galaxie;221.309;38.7289;15.16;0.77;0.24;Boo;
NGC5753;NGC5753;Galaxie;221.3287;38.8059;15.96;0.54;0.43;Boo;
NGC5754;NGC5754;Galaxie;221.3319;38.7312;13.99;1.28;1.1;Boo;
NGC5755;NGC5755;Galaxie;221.3522;38.7799;14.89;0.46;0.31;Boo;
NGC5756;NGC5756;Galaxie;221.8905;-14.8536;12.28;2.95;1.13;Lib;
NGC5757;NGC5757;Galaxie;221.9432;-19.0786;13.6;2.09;1.39;Lib;
NGC5758;NGC5758;Galaxie;221.7587;13.6684;13.65;1.11;0.81;Boo;
NGC5759;NGC5759;Galaxie;221.8109;13.4579;14.9;1.1;0.51;Boo;
NGC5760;NGC5760;Galaxie;221.9261;18.502;14.19;1.57;0.65;Boo;
NGC5761;NGC5761;Galaxie;222.2853;-20.376;12.49;1.79;1.41;Lib;
NGC5762;NGC5762;Galaxie;222.1774;12.4572;14.17;1.34;0.97;Boo;
NGC5763;NGC5763;Galaxie;222.2447;12.4901;15.44;0.64;0.55;Boo;
NGC5764;NGC5764;Amas ouvert;223.3843;-52.6705;12.6;4.2;4.2;Lup;
NGC5765;NGC5765;Galaxie;222.7125;5.1169;;1.2;1.2;Vir;
NGC5765A;NGC5765A;Galaxie;222.7113;5.1194;14.6;0.8;0.35;Vir;
NGC5765B;NGC5765B;Galaxie;222.7146;5.1145;14.52;0.81;0.56;Vir;
NGC5766;NGC5766;Galaxie;223.2898;-21.3941;14.21;0.96;0.63;Lib;
NGC5767;NGC5767;Galaxie;222.3935;47.3762;14.81;0.95;0.68;Boo;
NGC5768;NGC5768;Galaxie;223.0331;-2.5297;13.57;1.28;0.97;Lib;
NGC5769;NGC5769;Galaxie;223.173;7.9318;14.88;0.98;0.79;Boo;
NGC5770;NGC5770;Galaxie;223.3126;3.9597;12.27;1.1;0.9;Vir;
NGC5771;NGC5771;Galaxie;223.0597;29.8454;14.78;0.86;0.75;Boo;
NGC5772;NGC5772;Galaxie;222.912;40.5992;13.71;1.38;0.52;Boo;
NGC5773;NGC5773;Galaxie;223.1268;29.8074;14.62;0.89;0.89;Boo;
NGC5774;NGC5774;Galaxie;223.4269;3.5825;12.24;1.7;1.06;Vir;
NGC5775;NGC5775;Galaxie;223.49;3.5444;11.43;3.7;0.85;Vir;
NGC5776;NGC5776;Galaxie;223.6365;2.9664;14.56;1.21;0.8;Vir;
NGC5777;NGC5777;Galaxie;222.8244;58.9779;14.03;2.96;0.42;Dra;
NGC5778;NGC5778;Galaxie;223.6312;18.6423;13.93;1.23;0.79;Boo;
NGC5779;NGC5779;Galaxie;223.0398;55.8994;15.53;0.73;0.69;Dra;
NGC5780;NGC5780;Galaxie;223.5945;28.9397;13.96;0.69;0.45;Boo;
NGC5781;NGC5781;Galaxie;224.1718;-17.2439;13.82;1.29;0.7;Lib;
NGC5782;NGC5782;Galaxie;223.9803;11.8615;14.76;0.95;0.84;Boo;
NGC5783;NGC5783;Galaxie;223.368;52.0761;13.84;2.45;1.49;Boo;
NGC5784;NGC5784;Galaxie;223.5685;42.5579;13.65;1.48;1.36;Boo;
NGC5786;NGC5786;Galaxie;224.7344;-42.0134;11.89;2.4;1.32;Cen;
NGC5787;NGC5787;Galaxie;223.8149;42.5069;13.95;1.15;1.04;Boo;
NGC5788;NGC5788;Galaxie;223.3208;52.0442;15.6;0.73;0.59;Boo;
NGC5789;NGC5789;Galaxie;224.148;30.234;13.84;1.15;1.03;Boo;
NGC5790;NGC5790;Galaxie;224.3992;8.2853;14.79;1.18;0.78;Boo;
NGC5791;NGC5791;Galaxie;224.6926;-19.2669;11.85;2.71;1.43;Lib;
NGC5792;NGC5792;Galaxie;224.5946;-1.0911;11.26;3.55;1.38;Lib;
NGC5793;NGC5793;Galaxie;224.8532;-16.6934;13.23;1.94;0.65;Lib;
NGC5794;NGC5794;Galaxie;223.9735;49.7261;14.32;1.07;0.91;Boo;
NGC5795;NGC5795;Galaxie;224.0828;49.4001;14.67;0.78;0.33;Boo;
NGC5796;NGC5796;Galaxie;224.8505;-16.6239;11.58;2.65;2.18;Lib;
NGC5797;NGC5797;Galaxie;224.1002;49.6962;13.51;1.58;1.01;Boo;
NGC5798;NGC5798;Galaxie;224.4082;29.9685;13.43;1.24;0.83;Boo;
NGC5799;NGC5799;Galaxie;226.3967;-72.4328;14.02;1.2;1.09;Aps;
NGC5800;NGC5800;Amas ouvert;225.4495;-51.9186;;4.5;4.5;Lup;
NGC5801;NGC5801;Galaxie;225.1081;-13.9043;15.86;0.71;0.53;Lib;
NGC5802;NGC5802;Galaxie;225.125;-13.919;15.3;1.29;0.81;Lib;
NGC5803;NGC5803;Galaxie;225.1439;-13.8945;15.78;0.67;0.5;Lib;
NGC5804;NGC5804;Galaxie;224.2783;49.669;15.94;1.17;1.05;Boo;
NGC5805;NGC5805;Galaxie;224.2996;49.6278;;0.7;0.7;Boo;
NGC5805 NED01;NGC5805 NED01;Galaxie;224.2984;49.629;15.91;0.66;0.41;Boo;
NGC5805 NED02;NGC5805 NED02;Galaxie;224.3005;49.6269;17.58;0.38;0.38;Boo;
NGC5806;NGC5806;Galaxie;225.0017;1.8913;11.65;3.03;1.63;Vir;
NGC5807;NGC5807;Galaxie;223.9528;63.9035;15.25;0.78;0.65;Dra;
NGC5808;NGC5808;Galaxie;223.5117;73.1317;14.25;0.95;0.78;UMi;
NGC5809;NGC5809;Galaxie;225.218;-14.1652;14.42;1.65;0.6;Lib;
NGC5810;NGC5810;Galaxie;225.678;-17.868;14.02;0.98;0.52;Lib;
NGC5811;NGC5811;Galaxie;225.1121;1.6239;14.8;1.02;0.91;Vir;
NGC5812;NGC5812;Galaxie;225.2321;-7.4574;11.23;2.66;2.29;Lib;
NGC5813;NGC5813;Galaxie;225.2968;1.702;10.53;4.13;2.7;Vir;
NGC5814;NGC5814;Galaxie;225.3381;1.6371;14.51;0.82;0.56;Vir;
NGC5815;NGC5815;Galaxie;225.122;-16.8343;14.43;0.78;0.26;Lib;
NGC5816;NGC5816;Galaxie;225.0203;-16.0936;15.62;0.95;0.66;Lib;
NGC5817;NGC5817;Galaxie;224.9202;-16.1804;15.4;1.04;0.85;Lib;
NGC5818;NGC5818;Galaxie;224.7433;49.8214;14.76;0.99;0.77;Boo;
NGC5820;NGC5820;Galaxie;224.6659;53.8861;12.24;1.66;1.13;Boo;
NGC5821;NGC5821;Galaxie;224.7486;53.9233;14.71;1.49;0.79;Boo;
NGC5822;NGC5822;Amas ouvert;226.0885;-54.3964;6.5;18;18;Lup;
NGC5823;NGC5823;Amas ouvert;226.3776;-55.6037;7.9;3.9;3.9;Cir;
NGC5824;NGC5824;Amas globulaire;225.9943;-33.0681;9.56;5.1;5.1;Lup;
NGC5826;NGC5826;Galaxie;226.641;55.4791;15.11;1.39;1.04;Dra;
NGC5827;NGC5827;Galaxie;225.4739;25.9645;13.72;1.04;0.75;Boo;
NGC5828;NGC5828;Galaxie;225.1921;49.9937;14.35;0.84;0.29;Boo;
NGC5829;NGC5829;Galaxie;225.675;23.3336;13.47;1.42;1.08;Boo;
NGC5830;NGC5830;Galaxie;225.4621;47.8754;14.99;0.9;0.48;Boo;
NGC5831;NGC5831;Galaxie;226.0292;1.2199;11.46;2.24;1.98;Vir;
NGC5832;NGC5832;Galaxie;224.4405;71.6823;12.26;1.86;0.78;UMi;
NGC5833;NGC5833;Galaxie;227.9735;-72.8594;11.93;3.1;0.98;Aps;
NGC5835;NGC5835;Galaxie;225.6057;48.8777;15.48;1.13;0.78;Boo;
NGC5836;NGC5836;Galaxie;224.8791;73.8932;14.84;1.16;0.93;UMi;
NGC5837;NGC5837;Galaxie;226.1691;12.6334;14.4;1;0.62;Boo;
NGC5838;NGC5838;Galaxie;226.3594;2.0993;10.81;3.86;1.29;Vir;
NGC5839;NGC5839;Galaxie;226.3645;1.6348;12.19;1.44;1.29;Vir;
NGC5840;NGC5840;Autre;226.0856;29.506;;;;Boo;
NGC5841;NGC5841;Galaxie;226.646;2.0048;14.5;1.19;0.49;Vir;
NGC5842;NGC5842;Galaxie;226.2166;21.0694;15.26;0.52;0.5;Boo;
NGC5843;NGC5843;Galaxie;226.8662;-36.3274;13.13;1.96;1.24;Lup;
NGC5844;NGC5844;Nebuleuse;227.6706;-64.6737;13.2;0.88;0.88;TrA;
NGC5845;NGC5845;Galaxie;226.5034;1.6338;11.4;1;0.71;Vir;
NGC5846;NGC5846;Galaxie;226.622;1.6056;10.18;4.27;4.05;Vir;
NGC5846A;NGC5846A;Galaxie;226.6217;1.5949;13.37;3.16;2.22;Vir;
NGC5847;NGC5847;Galaxie;226.5928;6.3799;15.17;0.7;0.47;Vir;
NGC5849;NGC5849;Galaxie;226.7112;-14.5718;15.74;1.05;0.78;Lib;
NGC5850;NGC5850;Galaxie;226.782;1.5442;11;3.35;2.37;Vir;
NGC5851;NGC5851;Galaxie;226.7226;12.8589;15;1.07;0.38;Boo;
NGC5852;NGC5852;Galaxie;226.735;12.8468;14.59;1.1;0.71;Boo;
NGC5853;NGC5853;Galaxie;226.472;39.5222;14.59;1.1;0.65;Boo;
NGC5854;NGC5854;Galaxie;226.9487;2.5686;11.8;3.02;0.71;Vir;
NGC5855;NGC5855;Galaxie;226.9543;3.9842;15.34;0.83;0.61;Vir;
NGC5856;NGC5856;Autre;226.8343;18.4424;6.03;;;Boo;
NGC5857;NGC5857;Galaxie;226.8638;19.5976;13.09;1.14;0.57;Boo;
NGC5858;NGC5858;Galaxie;227.2047;-11.2078;14.12;2.16;1.19;Lib;
NGC5859;NGC5859;Galaxie;226.8948;19.5823;12.43;2.55;0.63;Boo;
NGC5860;NGC5860;Galaxie;226.6408;42.6414;;0.8;0.8;Boo;
NGC5860 NED01;NGC5860 NED01;Galaxie;226.6401;42.6404;14.26;1.07;0.95;Boo;
NGC5860 NED02;NGC5860 NED02;Galaxie;226.6408;42.6428;15.19;0.28;0.28;Boo;
NGC5861;NGC5861;Galaxie;227.317;-11.3217;11.69;2.78;1.11;Lib;
NGC5862;NGC5862;Galaxie;226.5138;55.5739;15.56;0.77;0.51;Dra;
NGC5863;NGC5863;Galaxie;227.7015;-18.431;13.23;1.45;1.16;Lib;
NGC5864;NGC5864;Galaxie;227.3898;3.0527;12.72;2.49;0.77;Vir;
NGC5865;NGC5865;Galaxie;227.4549;0.5298;14.77;1.25;1.03;Vir;
NGC5866;NGC5866;Galaxie;226.6229;55.7632;9.89;6.31;2.72;Dra;
NGC5866B;NGC5866B;Galaxie;228.0301;55.7851;15.43;2.33;1.66;Dra;
NGC5867;NGC5867;Galaxie;226.6013;55.7316;16.77;0.44;0.36;Dra;
NGC5869;NGC5869;Galaxie;227.456;0.47;12.19;2.17;1.39;Vir;
NGC5871;NGC5871;Autre;227.52;0.498;;;;Vir;
NGC5872;NGC5872;Galaxie;227.7319;-11.4801;14.21;1.77;0.96;Lib;
NGC5873;NGC5873;Nebuleuse;228.2117;-38.1256;11;0.12;0.12;Lup;
NGC5874;NGC5874;Galaxie;226.966;54.7528;12.49;2.38;1.56;Boo;
NGC5875;NGC5875;Galaxie;227.3048;52.5284;13.34;2.42;1.08;Boo;
NGC5876;NGC5876;Galaxie;227.3815;54.5065;13.71;2.46;1.16;Boo;
NGC5877;NGC5877;Autre;228.2211;-4.9272;;;;Lib;
NGC5878;NGC5878;Galaxie;228.4405;-14.2698;11.67;3.27;1.21;Lib;
NGC5879;NGC5879;Galaxie;227.4447;57.0002;11.47;3.79;1.42;Dra;
NGC5880;NGC5880;Galaxie;228.7548;-14.579;15.04;0.87;0.67;Lib;
NGC5881;NGC5881;Galaxie;226.5867;62.981;14.06;0.81;0.58;Dra;
NGC5882;NGC5882;Nebuleuse;229.2083;-45.6493;10.18;0.23;0.23;Lup;
NGC5883;NGC5883;Galaxie;228.7924;-14.6171;14.54;1.29;0.85;Lib;
NGC5884;NGC5884;Autre;228.288;31.8611;;;;Boo;
NGC5885;NGC5885;Galaxie;228.7673;-10.086;11.7;3.07;2.59;Lib;
NGC5886;NGC5886;Galaxie;228.1893;41.2336;14.87;0.86;0.6;Boo;
NGC5887;NGC5887;Galaxie;228.6832;1.1542;14.87;1.38;1.08;Se1;
NGC5888;NGC5888;Galaxie;228.2807;41.2646;14.17;1.33;0.81;Boo;
NGC5889;NGC5889;Galaxie;228.3156;41.328;15.93;0.7;0.27;Boo;
NGC5890;NGC5890;Galaxie;229.4632;-17.5892;14.22;1.56;1.08;Lib;
NGC5891;NGC5891;Galaxie;229.0558;-11.4942;14.59;0.83;0.54;Lib;
NGC5892;NGC5892;Galaxie;228.4509;-15.4639;12.17;3.05;2.39;Lib;
NGC5893;NGC5893;Galaxie;228.3924;41.9588;14.07;1.05;0.97;Boo;
NGC5894;NGC5894;Galaxie;227.9207;59.8089;13.22;2.98;0.47;Dra;
NGC5895;NGC5895;Galaxie;228.4583;42.0081;15.2;0.87;0.23;Boo;
NGC5896;NGC5896;Galaxie;228.4612;42.0243;15.38;0.29;0.26;Boo;
NGC5897;NGC5897;Amas globulaire;229.3517;-21.0101;8.52;9.9;9.9;Lib;
NGC5898;NGC5898;Galaxie;229.5565;-24.0979;11.38;2.66;2.37;Lib;
NGC5899;NGC5899;Galaxie;228.7634;42.0498;12.28;2.1;0.85;Boo;
NGC5900;NGC5900;Galaxie;228.7715;42.2094;13.39;1.49;0.54;Boo;
NGC5901;NGC5901;Autre;228.7608;42.2281;;;;Boo;
NGC5902;NGC5902;Galaxie;228.5933;50.3297;14.72;1.26;1.11;Boo;
NGC5903;NGC5903;Galaxie;229.6522;-24.0686;11.27;3;2.23;Lib;
NGC5904;NGC5904;Amas globulaire;229.6406;2.0827;5.95;15;15;Se1;
NGC5905;NGC5905;Galaxie;228.8472;55.5174;12.5;3.22;2.6;Dra;
NGC5907;NGC5907;Galaxie;228.974;56.3288;10.37;11.3;1.75;Dra;
NGC5908;NGC5908;Galaxie;229.1801;55.4093;11.89;3.37;1.61;Dra;
NGC5909;NGC5909;Galaxie;227.8668;75.3838;13.58;1;0.56;UMi;
NGC5910;NGC5910;Galaxie;229.8546;20.895;;1.1;1.1;Se1;
NGC5910 NED01;NGC5910 NED01;Galaxie;229.8511;20.8908;15.62;0.74;0.56;Se1;
NGC5910 NED02;NGC5910 NED02;Galaxie;229.8531;20.8964;14.59;1.15;0.47;Se1;
NGC5910 NED03;NGC5910 NED03;Galaxie;229.8576;20.8995;16.55;0.55;0.36;Se1;
NGC5911;NGC5911;Galaxie;230.0759;3.5183;14.59;1.09;0.69;Se1;
NGC5912;NGC5912;Galaxie;227.9204;75.3848;12.98;1.04;0.91;UMi;
NGC5913;NGC5913;Galaxie;230.231;-2.5779;14.18;1.85;0.75;Se1;
NGC5914;NGC5914;Galaxie;229.6826;41.8655;14.51;0.92;0.36;Boo;
NGC5914B;NGC5914B;Galaxie;229.6888;41.8908;15.31;0.5;0.43;Boo;
NGC5915;NGC5915;Galaxie;230.3878;-13.0918;12.41;1.67;1.23;Lib;
NGC5916;NGC5916;Galaxie;230.408;-13.1693;13.48;3.09;0.7;Lib;
NGC5916A;NGC5916A;Galaxie;230.3077;-13.1006;14.56;1.38;0.44;Lib;
NGC5917;NGC5917;Galaxie;230.3857;-7.3772;13.81;1.68;1.05;Lib;
NGC5918;NGC5918;Galaxie;229.8553;45.8803;13.91;2.01;0.84;Boo;
NGC5919;NGC5919;Galaxie;230.4037;7.7193;14.44;1;0.59;Se1;
NGC5920;NGC5920;Galaxie;230.466;7.7088;13.77;1.28;0.7;Se1;
NGC5921;NGC5921;Galaxie;230.4857;5.0705;11.02;3.02;2.03;Se1;
NGC5923;NGC5923;Galaxie;230.3093;41.7259;13.13;1.33;1.22;Boo;
NGC5924;NGC5924;Galaxie;230.5083;31.2331;15.34;0.65;0.33;CrB;
NGC5925;NGC5925;Amas ouvert;231.8618;-54.5288;8.4;4.8;4.8;Nor;
NGC5926;NGC5926;Galaxie;230.8537;12.7153;14.71;0.91;0.91;Se1;
NGC5927;NGC5927;Amas globulaire;232.0018;-50.6728;8.86;6.6;6.6;Lup;
NGC5928;NGC5928;Galaxie;231.512;18.0736;13.68;1.64;1.08;Se1;
NGC5929;NGC5929;Galaxie;231.5257;41.6707;14;0.9;0.83;Boo;
NGC5930;NGC5930;Galaxie;231.5331;41.6761;12.53;1.85;0.79;Boo;
NGC5931;NGC5931;Galaxie;232.3735;7.5732;14.49;1.58;0.93;Se1;
NGC5932;NGC5932;Galaxie;231.7009;48.615;14.82;1.1;1.06;Boo;
NGC5933;NGC5933;Galaxie;231.7565;48.6133;15.6;0.82;0.59;Boo;
NGC5934;NGC5934;Galaxie;232.0533;42.9299;14.44;0.61;0.29;Boo;
NGC5935;NGC5935;Galaxie;232.0696;42.9441;14.85;0.85;0.4;Boo;
NGC5936;NGC5936;Galaxie;232.5035;12.9893;12.46;1.18;1.12;Se1;
NGC5937;NGC5937;Galaxie;232.6922;-2.8295;13.08;1.89;1.08;Se1;
NGC5938;NGC5938;Galaxie;234.1095;-66.8597;11.49;2.31;1.59;TrA;
NGC5939;NGC5939;Galaxie;231.1918;68.7306;13.66;0.82;0.43;UMi;
NGC5940;NGC5940;Galaxie;232.8253;7.4577;14.9;0.78;0.74;Se1;
NGC5941;NGC5941;Galaxie;232.9177;7.339;14.91;0.9;0.71;Se1;
NGC5942;NGC5942;Galaxie;232.9034;7.3124;15.27;0.71;0.67;Se1;
NGC5943;NGC5943;Galaxie;232.4338;42.778;14.45;1.24;1.11;Boo;
NGC5944;NGC5944;Galaxie;232.9483;7.3081;15.87;0.86;0.21;Se1;
NGC5945;NGC5945;Galaxie;232.4376;42.9187;14.16;1.66;0.72;Boo;
NGC5946;NGC5946;Amas globulaire;233.869;-50.6597;10.72;3.6;3.6;Nor;
NGC5947;NGC5947;Galaxie;232.6525;42.7171;14.58;1.17;0.82;Boo;
NGC5948;NGC5948;Autre;233.2443;3.9828;;;;Se1;
NGC5949;NGC5949;Galaxie;232.0028;64.7632;12.75;1.84;0.76;Dra;
NGC5950;NGC5950;Galaxie;232.8783;40.43;14.55;1.25;0.63;Boo;
NGC5951;NGC5951;Galaxie;233.4294;15.0073;13.67;3.03;0.66;Se1;
NGC5952;NGC5952;Galaxie;233.7352;4.9588;15.77;0.56;0.43;Se1;
NGC5953;NGC5953;Galaxie;233.6349;15.1938;12.45;1.47;1.12;Se1;
NGC5954;NGC5954;Galaxie;233.6459;15.2001;12.81;1.02;0.48;Se1;
NGC5955;NGC5955;Galaxie;233.802;5.063;15.24;0.72;0.5;Se1;
NGC5956;NGC5956;Galaxie;233.7439;11.7503;13.27;1.49;1.49;Se1;
NGC5957;NGC5957;Galaxie;233.8467;12.0476;12.25;2.44;2.34;Se1;
NGC5958;NGC5958;Galaxie;233.7048;28.6552;13.25;1.07;1;CrB;
NGC5959;NGC5959;Galaxie;234.3435;-16.5958;14.79;2.09;1.44;Lib;
NGC5960;NGC5960;Galaxie;234.0768;5.6654;14.88;0.88;0.71;Se1;
NGC5961;NGC5961;Galaxie;233.818;30.8642;13.78;0.81;0.33;CrB;
NGC5962;NGC5962;Galaxie;234.132;16.6078;11.5;2.48;1.61;Se1;
NGC5963;NGC5963;Galaxie;233.3661;56.5597;12.12;3.14;2.47;Dra;
NGC5964;NGC5964;Galaxie;234.4009;5.974;11.82;3.42;2.56;Se1;
NGC5965;NGC5965;Galaxie;233.5102;56.6856;11.78;5.08;0.78;Dra;
NGC5966;NGC5966;Galaxie;233.9673;39.7689;12.22;1.53;0.98;Boo;
NGC5967;NGC5967;Galaxie;237.0664;-75.6729;12.2;2.37;1.55;Aps;
NGC5967A;NGC5967A;Galaxie;236.7447;-75.7874;14.15;1.5;1.14;Aps;
NGC5968;NGC5968;Galaxie;234.9882;-30.5528;12.23;2.29;2.13;Lup;
NGC5969;NGC5969;Galaxie;233.7126;56.4511;15.15;0.79;0.65;Dra;
NGC5970;NGC5970;Galaxie;234.6249;12.1866;11.61;2.77;1.91;Se1;
NGC5971;NGC5971;Galaxie;233.9037;56.4617;14.72;1.25;0.53;Dra;
NGC5972;NGC5972;Galaxie;234.7257;17.0262;14.27;0.7;0.57;Se1;
NGC5973;NGC5973;Galaxie;235.0645;-8.6009;15.16;0.92;0.26;Lib;
NGC5974;NGC5974;Galaxie;234.7601;31.7599;14.16;0.58;0.33;CrB;
NGC5975;NGC5975;Galaxie;234.9915;21.4708;14.56;0.93;0.24;Se1;
NGC5976;NGC5976;Galaxie;234.1999;59.3978;14.77;0.98;0.33;Dra;
NGC5977;NGC5977;Galaxie;235.1394;17.128;15.24;0.91;0.82;Se1;
NGC5978;NGC5978;Galaxie;235.6134;-13.2344;15.55;0.81;0.74;Lib;
NGC5979;NGC5979;Nebuleuse;236.9211;-61.2179;11.5;0.13;0.13;TrA;
NGC5980;NGC5980;Galaxie;235.3767;15.7877;13.21;1.63;0.52;Se1;
NGC5981;NGC5981;Galaxie;234.4727;59.3918;12.93;2.73;0.37;Dra;
NGC5982;NGC5982;Galaxie;234.666;59.3558;11.07;3.07;2;Dra;
NGC5983;NGC5983;Galaxie;235.6901;8.2411;15.03;0.97;0.92;Se1;
NGC5984;NGC5984;Galaxie;235.7215;14.2315;13.28;2.48;0.57;Se1;
NGC5985;NGC5985;Galaxie;234.9045;59.3319;11.81;3.98;2.01;Dra;
NGC5986;NGC5986;Amas globulaire;236.5143;-37.7861;6.92;5.4;5.4;Lup;
NGC5987;NGC5987;Galaxie;234.989;58.0795;11.72;3.84;1.32;Dra;
NGC5988;NGC5988;Galaxie;236.1411;10.2931;15.01;1.12;0.77;Se1;
NGC5989;NGC5989;Galaxie;235.3867;59.7552;13.56;0.88;0.82;Dra;
NGC5990;NGC5990;Galaxie;236.5682;2.4154;13.3;1.59;0.95;Se1;
NGC5991;NGC5991;Galaxie;236.3199;24.6305;14.42;1;0.78;Se1;
NGC5992;NGC5992;Galaxie;236.0896;41.0864;13.97;0.69;0.47;Boo;
NGC5993;NGC5993;Galaxie;236.1151;41.1208;13.51;0.95;0.6;Boo;
NGC5994;NGC5994;Galaxie;236.7219;17.8726;15.6;0.6;0.3;Se1;
NGC5995;NGC5995;Galaxie;237.104;-13.7578;13.69;1.02;0.79;Lib;
NGC5996;NGC5996;Galaxie;236.7453;17.8842;12.79;1.5;0.68;Se1;
NGC5997;NGC5997;Galaxie;236.8653;8.3212;15.61;0.68;0.3;Se1;
NGC5998;NGC5998;Amas ouvert;237.4092;-28.5782;;5.4;5.4;Sco;
NGC5999;NGC5999;Amas ouvert;238.036;-56.4728;9;3.3;3.3;Nor;
NGC6000;NGC6000;Galaxie;237.4565;-29.3868;13;1.91;1.66;Sco;
NGC6001;NGC6001;Galaxie;236.9415;28.6417;14.26;1.06;0.95;CrB;
NGC6002;NGC6002;Autre;236.935;28.6097;;;;CrB;
NGC6003;NGC6003;Galaxie;237.3568;19.0321;13.36;0.97;0.87;Se1;
NGC6004;NGC6004;Galaxie;237.5947;18.9393;13.37;1.89;1.49;Se1;
NGC6005;NGC6005;Amas ouvert;238.9529;-57.4374;10.7;4.2;4.2;Nor;
NGC6006;NGC6006;Galaxie;238.2607;12.0054;15.51;0.71;0.42;Se1;
NGC6007;NGC6007;Galaxie;238.3466;11.9592;13.2;1.55;1.19;Se1;
NGC6008;NGC6008;Galaxie;238.2335;21.1005;14.09;1.16;0.89;Se1;
NGC6009;NGC6009;Galaxie;238.3503;12.0587;15.63;0.66;0.26;Se1;
NGC6010;NGC6010;Galaxie;238.5798;0.5431;13.17;1.82;0.4;Se1;
NGC6011;NGC6011;Galaxie;236.637;72.1692;14.4;1.77;0.48;UMi;
NGC6012;NGC6012;Galaxie;238.5581;14.6013;11.96;1.77;1.27;Se1;
NGC6013;NGC6013;Galaxie;238.2202;40.6467;13.63;1.44;0.76;Her;
NGC6014;NGC6014;Galaxie;238.9892;5.9319;13.71;1.75;1.42;Se1;
NGC6015;NGC6015;Galaxie;237.8551;62.31;11.17;5.81;2.57;Dra;
NGC6016;NGC6016;Galaxie;238.9786;26.9665;15;0.98;0.48;CrB;
NGC6017;NGC6017;Galaxie;239.3143;5.9984;13.8;0.8;0.75;Se1;
NGC6018;NGC6018;Galaxie;239.374;15.8726;13.44;1.32;0.62;Se1;
NGC6019;NGC6019;Galaxie;238.0381;64.8407;15.72;0.43;0.39;Dra;
NGC6020;NGC6020;Galaxie;239.2839;22.4046;12.73;1.74;1.1;Se1;
NGC6021;NGC6021;Galaxie;239.3779;15.9561;13.03;1.55;0.91;Se1;
NGC6022;NGC6022;Galaxie;239.449;16.2823;14.72;0.8;0.57;Se1;
NGC6023;NGC6023;Galaxie;239.4567;16.3102;13.13;1.61;1.16;Se1;
NGC6024;NGC6024;Galaxie;238.2828;64.9181;15.02;0.98;0.73;Dra;
NGC6025;NGC6025;Amas ouvert;240.8241;-60.4314;5.1;11.4;11.4;TrA;
NGC6026;NGC6026;Nebuleuse;240.3371;-34.5442;12.9;0.67;0.67;Lup;
NGC6027;NGC6027;Galaxie;239.8022;20.7634;15.28;1.64;1.02;Se1;
NGC6027A;NGC6027A;Galaxie;239.7964;20.7549;14.79;1.79;1.73;Se1;
NGC6027B;NGC6027B;Galaxie;239.7951;20.7622;15.23;0.91;0.41;Se1;
NGC6027C;NGC6027C;Galaxie;239.7995;20.7476;16.58;1.1;0.22;Se1;
NGC6027D;NGC6027D;Galaxie;239.8037;20.7599;16.45;0.3;0.26;Se1;
NGC6027E;NGC6027E;Galaxie;239.8103;20.7659;14.39;2.28;1.29;Se1;
NGC6028;NGC6028;Galaxie;240.3707;19.3599;13.48;1.31;1.18;Her;
NGC6029;NGC6029;Galaxie;240.4953;12.574;15.75;0.8;0.45;Se1;
NGC6030;NGC6030;Galaxie;240.4643;17.9575;12.93;1.29;0.94;Her;
NGC6031;NGC6031;Amas ouvert;241.8974;-54.0149;8.5;4.8;4.8;Nor;
NGC6032;NGC6032;Galaxie;240.7547;20.9559;13.56;0.83;0.51;Her;
NGC6033;NGC6033;Galaxie;241.1166;-2.121;14.93;1;0.91;Se1;
NGC6034;NGC6034;Galaxie;240.8837;17.1987;13.53;1.15;0.83;Her;
NGC6035;NGC6035;Galaxie;240.8508;20.8912;13.5;0.97;0.85;Her;
NGC6036;NGC6036;Galaxie;241.1281;3.8685;13.87;1.04;0.39;Se1;
NGC6037;NGC6037;Galaxie;241.1246;3.8151;15.34;0.75;0.67;Se1;
NGC6038;NGC6038;Galaxie;240.669;37.3595;14.32;1.21;1.05;CrB;
NGC6039;NGC6039;Galaxie;241.1649;17.7009;14.1;1;0.81;Her;
NGC6040;NGC6040;Galaxie;241.111;17.7451;14.6;1.41;0.44;Her;
NGC6041;NGC6041;Galaxie;241.147;17.7192;14.9;1.48;1.17;Her;
NGC6043;NGC6043;Galaxie;241.255;17.7739;15.4;0.74;0.5;Her;
NGC6044;NGC6044;Galaxie;241.2487;17.8704;14.3;0.65;0.6;Her;
NGC6045;NGC6045;Galaxie;241.2829;17.7577;13.97;1.4;0.32;Her;
NGC6047;NGC6047;Galaxie;241.2875;17.7299;13.49;1.18;0.73;Her;
NGC6048;NGC6048;Galaxie;239.376;70.6891;13.54;1.95;1.32;UMi;
NGC6049;NGC6049;Autre;241.408;8.0963;6.27;;;Se1;
NGC6050;NGC6050;Galaxie;241.3474;17.7572;14.71;0.86;0.57;Her;
NGC6050B;NGC6050B;Galaxie;241.3426;17.7542;15.43;0.62;0.42;Her;
NGC6051;NGC6051;Galaxie;241.2361;23.9327;13.02;2.69;0.79;Se1;
NGC6052;NGC6052;Galaxie;241.3041;20.5424;;1.2;1.2;Her;
NGC6052 NED01;NGC6052 NED01;Galaxie;241.3036;20.5424;13.18;0.83;0.65;Her;
NGC6052 NED02;NGC6052 NED02;Galaxie;241.3051;20.5424;15.3;0.69;0.3;Her;
NGC6054;NGC6054;Galaxie;241.409;17.7679;14.18;0.83;0.48;Her;
NGC6055;NGC6055;Galaxie;241.4152;18.1644;14.62;0.68;0.52;Her;
NGC6056;NGC6056;Galaxie;241.3803;17.9636;13.89;0.98;0.59;Her;
NGC6057;NGC6057;Galaxie;241.3857;18.1596;13.84;1.22;0.69;Her;
NGC6058;NGC6058;Nebuleuse;241.1106;40.6831;12.9;0.38;0.38;Her;
NGC6059;NGC6059;Autre;241.7;-6.3931;;;;Oph;
NGC6060;NGC6060;Galaxie;241.4666;21.485;14.08;1.89;1.02;Her;
NGC6061;NGC6061;Galaxie;241.5668;18.2499;13.64;1.13;0.95;Her;
NGC6062;NGC6062;Galaxie;241.5951;19.778;13.7;1.19;0.79;Her;
NGC6062B;NGC6062B;Galaxie;241.579;19.7632;16.19;0.54;0.49;Her;
NGC6063;NGC6063;Galaxie;241.8041;7.979;13.95;1.63;0.85;Se1;
NGC6065;NGC6065;Galaxie;241.8457;13.8879;14.86;0.98;0.94;Se1;
NGC6066;NGC6066;Galaxie;241.8973;13.9437;15.05;1;0.77;Se1;
NGC6067;NGC6067;Amas ouvert;243.296;-54.2189;5.6;8.1;8.1;Nor;
NGC6068;NGC6068;Galaxie;238.8583;78.9968;12.34;1.29;0.79;UMi;
NGC6068A;NGC6068A;Galaxie;238.698;78.9851;14.1;0.94;0.35;UMi;
NGC6069;NGC6069;Galaxie;241.9235;38.9307;15.06;1.09;1.02;CrB;
NGC6070;NGC6070;Galaxie;242.4945;0.7093;11.75;3.49;1.84;Se1;
NGC6071;NGC6071;Galaxie;240.5293;70.417;14.72;0.75;0.56;UMi;
NGC6072;NGC6072;Nebuleuse;243.2425;-36.23;11.7;1.17;1.17;Sco;
NGC6073;NGC6073;Galaxie;242.5452;16.6996;13.55;1.31;0.65;Her;
NGC6074;NGC6074;Galaxie;242.8208;14.2569;;0.8;0.8;Her;
NGC6074 NED01;NGC6074 NED01;Galaxie;242.8198;14.255;15.61;0.46;0.36;Her;
NGC6074 NED02;NGC6074 NED02;Galaxie;242.8217;14.2587;15.08;0.85;0.71;Her;
NGC6075;NGC6075;Galaxie;242.8441;23.965;14.95;1.03;0.8;Her;
NGC6076;NGC6076;Galaxie;242.8058;26.8725;;0.8;0.8;CrB;
NGC6076 NED01;NGC6076 NED01;Galaxie;242.8042;26.872;15.31;1;0.46;CrB;
NGC6076 NED02;NGC6076 NED02;Galaxie;242.8075;26.8733;15.4;0.57;0.53;CrB;
NGC6077;NGC6077;Galaxie;242.8088;26.9234;14.84;1.16;1.09;CrB;
NGC6078;NGC6078;Galaxie;243.0227;14.2088;14.43;0.93;0.48;Her;
NGC6079;NGC6079;Galaxie;241.1217;69.6658;13.86;1.37;0.94;UMi;
NGC6080;NGC6080;Galaxie;243.2458;2.1792;;1.3;1.3;Se1;
NGC6080 NED01;NGC6080 NED01;Galaxie;243.2443;2.1773;14.24;1.23;1.17;Se1;
NGC6080 NED02;NGC6080 NED02;Galaxie;243.2477;2.1811;15.58;1.2;0.66;Se1;
NGC6081;NGC6081;Galaxie;243.2369;9.8671;14.33;1.55;0.56;Her;
NGC6082;NGC6082;Autre;243.8648;-34.2328;;;;Sco;
NGC6083;NGC6083;Galaxie;243.3027;14.1854;15.44;0.79;0.56;Her;
NGC6084;NGC6084;Galaxie;243.5697;17.7574;13.89;1.24;0.79;Her;
NGC6085;NGC6085;Galaxie;243.1467;29.3651;14.48;1.31;1.09;CrB;
NGC6086;NGC6086;Galaxie;243.148;29.4848;12.8;1.9;1.23;CrB;
NGC6087;NGC6087;Amas ouvert;244.7108;-57.9346;5.4;10.2;10.2;Nor;S Nor Cluster
NGC6088;NGC6088;Galaxie;242.6813;57.4642;;1.1;1.1;Dra;
NGC6088 NED01;NGC6088 NED01;Galaxie;242.6776;57.4665;13.8;1.07;0.62;Dra;
NGC6088 NED02;NGC6088 NED02;Galaxie;242.6849;57.4621;14.1;0.78;0.72;Dra;
NGC6089;NGC6089;Galaxie;243.1696;33.0364;;1.1;1.1;CrB;
NGC6089 NED01;NGC6089 NED01;Galaxie;243.1673;33.0349;14.81;0.85;0.68;CrB;
NGC6089 NED02;NGC6089 NED02;Galaxie;243.1723;33.0377;15.49;1.41;0.71;CrB;
NGC6090;NGC6090;Galaxie;242.9196;52.4567;;0.8;0.8;Dra;
NGC6090 NED01;NGC6090 NED01;Galaxie;242.918;52.4566;14.69;0.85;0.74;Dra;
NGC6090 NED02;NGC6090 NED02;Galaxie;242.9201;52.4575;14.53;0.44;0.19;Dra;
NGC6091;NGC6091;Galaxie;241.9708;69.9048;14.77;0.93;0.66;UMi;
NGC6092;NGC6092;Autre;243.5192;28.1256;;;;CrB;
NGC6093;NGC6093;Amas globulaire;244.2605;-22.9751;7.3;5.7;5.7;Sco;
NGC6094;NGC6094;Galaxie;241.6413;72.4944;14.42;1.85;1.38;UMi;
NGC6095;NGC6095;Galaxie;242.7957;61.268;12.65;1.9;1.25;Dra;
NGC6096;NGC6096;Galaxie;243.6946;26.5588;15.4;0.99;0.5;CrB;
NGC6097;NGC6097;Galaxie;243.609;35.1092;14.65;1.12;0.59;CrB;
NGC6098;NGC6098;Galaxie;243.8924;19.462;14.41;1.56;1.1;Her;
NGC6099;NGC6099;Galaxie;243.8982;19.4534;14.94;1.42;0.97;Her;
NGC6100;NGC6100;Galaxie;244.2182;0.8413;14.62;1.42;0.99;Se1;
NGC6101;NGC6101;Amas globulaire;246.4524;-72.2016;10.08;4.5;4.5;Aps;
NGC6102;NGC6102;Galaxie;243.9038;28.1586;15.3;0.78;0.57;CrB;
NGC6103;NGC6103;Galaxie;243.9359;31.9639;14.44;0.72;0.45;CrB;
NGC6104;NGC6104;Galaxie;244.1279;35.7081;13.62;0.87;0.69;CrB;
NGC6105;NGC6105;Galaxie;244.2888;34.8789;15.47;0.71;0.57;CrB;
NGC6106;NGC6106;Galaxie;244.6965;7.4109;12.2;2.19;1.18;Her;
NGC6107;NGC6107;Galaxie;244.3339;34.9019;13.76;1.59;1.02;CrB;
NGC6108;NGC6108;Galaxie;244.3568;35.1357;15.05;0.95;0.64;CrB;
NGC6109;NGC6109;Galaxie;244.4188;35.0043;12.81;1.02;0.97;CrB;
NGC6110;NGC6110;Galaxie;244.4332;35.087;15.57;0.69;0.33;CrB;
NGC6111;NGC6111;Galaxie;243.595;63.2611;15.2;0.85;0.72;Dra;
NGC6112;NGC6112;Galaxie;244.5023;35.1103;14.87;0.78;0.73;CrB;
NGC6113;NGC6113;Galaxie;244.7939;14.1336;14.6;1.23;0.58;Her;
NGC6114;NGC6114;Galaxie;244.5985;35.1743;15.1;0.93;0.53;CrB;
NGC6115;NGC6115;Amas ouvert;246.1099;-51.9482;9.8;;;Nor;
NGC6116;NGC6116;Galaxie;244.7275;35.154;15.08;0.94;0.58;CrB;
NGC6117;NGC6117;Galaxie;244.8257;37.0952;14.57;1.05;0.87;CrB;
NGC6118;NGC6118;Galaxie;245.4526;-2.2834;11.71;4.45;1.78;Se1;
NGC6119;NGC6119;Galaxie;244.9249;37.8063;15.39;0.6;0.46;CrB;
NGC6120;NGC6120;Galaxie;244.9504;37.7745;14.31;0.48;0.37;CrB;
NGC6121;NGC6121;Amas globulaire;245.8975;-26.5255;5.4;28.2;28.2;Sco;
NGC6122;NGC6122;Galaxie;245.0397;37.7982;15.54;1.1;0.25;CrB;
NGC6123;NGC6123;Galaxie;244.3323;61.9391;14.36;0.91;0.32;Dra;
NGC6124;NGC6124;Amas ouvert;246.3336;-40.6537;5.8;13.5;13.5;Sco;
NGC6125;NGC6125;Galaxie;244.7981;57.9842;12;1.38;1.38;Dra;
NGC6126;NGC6126;Galaxie;245.3664;36.3766;13.62;0.93;0.77;CrB;
NGC6129;NGC6129;Galaxie;245.4303;37.996;14.69;0.93;0.84;CrB;
NGC6130;NGC6130;Galaxie;244.8893;57.615;14.25;1.22;0.78;Dra;
NGC6131;NGC6131;Galaxie;245.4677;38.9324;13.28;1.08;1.04;CrB;
NGC6132;NGC6132;Galaxie;245.9118;11.7862;14.71;1.28;0.43;Her;
NGC6133;NGC6133;Autre;245.0717;56.6524;;;;Dra;
NGC6134;NGC6134;Amas ouvert;246.9437;-49.1512;7.2;6.9;6.9;Nor;
NGC6135;NGC6135;Galaxie;243.6037;64.9827;14.71;1.01;0.35;Dra;
NGC6136;NGC6136;Galaxie;245.2476;55.9705;15.37;0.91;0.49;Dra;
NGC6137;NGC6137;Galaxie;245.7629;37.9224;12.45;1.78;0.92;CrB;
NGC6139;NGC6139;Amas globulaire;246.9188;-38.8498;9.68;4.5;4.5;Sco;
NGC6140;NGC6140;Galaxie;245.2423;65.3906;11.66;2.09;1.78;Dra;
NGC6141;NGC6141;Galaxie;245.7767;40.8583;15.59;0.43;0.35;Her;
NGC6142;NGC6142;Galaxie;245.8378;37.2584;14.65;1.49;0.48;CrB;
NGC6143;NGC6143;Galaxie;245.4262;55.0861;13.92;1.1;0.99;Dra;
NGC6144;NGC6144;Amas globulaire;246.8089;-26.0247;9.63;5.4;5.4;Sco;
NGC6145;NGC6145;Galaxie;246.2598;40.9466;14.89;0.98;0.51;Her;
NGC6146;NGC6146;Galaxie;246.2932;40.8929;12.52;1.66;1.26;Her;
NGC6147;NGC6147;Galaxie;246.2743;40.9288;15.44;0.57;0.48;Her;
NGC6148;NGC6148;Galaxie;246.7668;24.0933;16.75;0.42;0.24;Her;
NGC6149;NGC6149;Galaxie;246.851;19.5972;14.55;1.24;0.43;Her;
NGC6150;NGC6150;Galaxie;246.4585;40.4886;14.48;1.61;0.85;Her;
NGC6151;NGC6151;Autre;249.6009;-73.2524;;;;Aps;
NGC6152;NGC6152;Amas ouvert;248.1901;-52.644;8.1;6.6;6.6;Nor;
NGC6153;NGC6153;Nebuleuse;247.8777;-40.2534;10.9;0.4;0.4;Sco;
NGC6154;NGC6154;Galaxie;246.377;49.8403;13.87;1.4;1;Her;
NGC6155;NGC6155;Galaxie;246.5347;48.3668;13.06;1.33;0.85;Her;
NGC6156;NGC6156;Galaxie;248.719;-60.6188;11.98;1.87;1.6;TrA;
NGC6157;NGC6157;Galaxie;246.4516;55.3606;15.35;0.9;0.74;Dra;
NGC6158;NGC6158;Galaxie;246.9204;39.383;13.69;1.22;0.99;Her;
NGC6159;NGC6159;Galaxie;246.8551;42.6797;14.3;1.5;1.02;Her;
NGC6160;NGC6160;Galaxie;246.9214;40.927;14.23;1.79;1.22;Her;
NGC6161;NGC6161;Galaxie;247.086;32.8106;15.62;0.72;0.26;Her;
NGC6162;NGC6162;Galaxie;247.0932;32.8493;14.63;1.11;0.72;Her;
NGC6163;NGC6163;Galaxie;247.1163;32.8464;15.26;0.9;0.61;Her;
NGC6164;NGC6164;Nebuleuse;248.4243;-48.0801;6.71;1.41;0.6;Nor;
NGC6165;NGC6165;Nebuleuse;248.5144;-48.1505;6.71;2.5;0.5;Nor;
NGC6166;NGC6166;Galaxie;247.1603;39.5516;11.91;2.14;1.54;Her;
NGC6166B;NGC6166B;Galaxie;247.2217;39.56;15.72;0.43;0.35;Her;
NGC6166C;NGC6166C;Galaxie;247.0971;39.5703;15.22;0.74;0.71;Her;
NGC6167;NGC6167;Amas ouvert;248.6457;-49.7719;6.7;7.2;7.2;Nor;
NGC6168;NGC6168;Galaxie;247.8388;20.1849;14.61;1.65;0.48;Her;
NGC6169;NGC6169;Amas ouvert;248.5193;-44.0456;6.6;4.2;4.2;Nor;
NGC6170;NGC6170;Galaxie;246.9021;59.5625;14.84;0.8;0.67;Dra;
NGC6171;NGC6171;Amas globulaire;248.133;-13.0536;8.85;7.8;7.8;Oph;
NGC6172;NGC6172;Galaxie;245.5429;-1.5149;14.15;0.9;0.89;Se1;
NGC6173;NGC6173;Galaxie;247.4371;40.8116;12.14;2.03;1.4;Her;
NGC6174;NGC6174;Galaxie;247.4487;40.872;;0.9;0.9;Her;
NGC6174 NED01;NGC6174 NED01;Galaxie;247.4437;40.8749;16.56;0.41;0.29;Her;
NGC6174 NED02;NGC6174 NED02;Galaxie;247.4472;40.8727;15.67;0.72;0.65;Her;
NGC6175;NGC6175;Galaxie;247.4913;40.6292;;1.5;1.5;Her;
NGC6175 NED01;NGC6175 NED01;Galaxie;247.4897;40.6307;14.74;1.45;0.85;Her;
NGC6175 NED02;NGC6175 NED02;Galaxie;247.4919;40.6286;14.73;1.32;1.05;Her;
NGC6177;NGC6177;Galaxie;247.662;35.0564;14.61;1.62;1.09;Her;
NGC6178;NGC6178;Amas ouvert;248.9469;-45.6437;7.2;6.9;6.9;Sco;
NGC6179;NGC6179;Galaxie;247.696;35.1022;15.97;0.36;0.31;Her;
NGC6180;NGC6180;Galaxie;247.6413;40.5394;14.72;1.09;0.85;Her;
NGC6181;NGC6181;Galaxie;248.0873;19.8266;11.82;2.39;0.99;Her;
NGC6182;NGC6182;Galaxie;247.3917;55.5178;14.46;1.51;0.56;Dra;
NGC6183;NGC6183;Galaxie;250.4246;-69.3722;14.09;2.36;0.8;TrA;
NGC6184;NGC6184;Galaxie;247.8939;40.5656;14.91;0.93;0.56;Her;
NGC6185;NGC6185;Galaxie;248.3243;35.3423;14.42;1.47;0.8;Her;
NGC6186;NGC6186;Galaxie;248.6062;21.5409;14.23;1.57;0.7;Her;
NGC6187;NGC6187;Galaxie;247.9029;57.7067;15.34;0.75;0.62;Dra;
NGC6188;NGC6188;Nebuleuse;250.0243;-48.6623;;20;12;Ara;Rim Nebula
NGC6189;NGC6189;Galaxie;247.9204;59.6261;13.22;1.49;0.75;Dra;
NGC6190;NGC6190;Galaxie;248.0279;58.439;13.12;1.42;1.04;Dra;
NGC6191;NGC6191;Galaxie;242.877;58.7858;14.85;1.3;0.49;Dra;
NGC6192;NGC6192;Amas ouvert;250.0995;-43.3668;8.5;7.5;7.5;Sco;
NGC6193;NGC6193;Amas ouvert;250.3343;-48.7625;;8.1;8.1;Ara;
NGC6194;NGC6194;Galaxie;249.1548;36.2004;14.41;0.9;0.7;Her;
NGC6195;NGC6195;Galaxie;249.1357;39.0279;13.22;1.44;0.97;Her;
NGC6196;NGC6196;Galaxie;249.4747;36.0731;12.91;1.14;0.82;Her;
NGC6197;NGC6197;Galaxie;249.4995;35.9955;15.2;0.75;0.38;Her;
NGC6198;NGC6198;Galaxie;248.8777;57.4868;14.97;0.88;0.6;Dra;
NGC6199;NGC6199;Autre;249.8707;36.059;15;;;Her;
NGC6200;NGC6200;Amas ouvert;251.0306;-47.4627;7.4;8.1;8.1;Ara;
NGC6201;NGC6201;Galaxie;250.06;23.7653;15.3;0.56;0.48;Her;
NGC6202;NGC6202;Galaxie;250.8468;61.9839;13.77;0.72;0.4;Dra;
NGC6203;NGC6203;Galaxie;250.1142;23.7748;15.29;1.07;1.07;Her;
NGC6204;NGC6204;Amas ouvert;251.5396;-47.017;8.2;4.5;4.5;Ara;
NGC6205;NGC6205;Amas globulaire;250.4235;36.4613;5.8;16.5;16.5;Her;Hercules Globular Cluster
NGC6206;NGC6206;Galaxie;250.0329;58.6174;14.49;0.72;0.63;Dra;
NGC6207;NGC6207;Galaxie;250.7656;36.8324;11.64;3.46;1.61;Her;
NGC6208;NGC6208;Amas ouvert;252.3675;-53.7283;7.2;8.4;8.4;Ara;
NGC6209;NGC6209;Galaxie;253.7402;-72.5866;13.16;2.11;1.54;Aps;
NGC6210;NGC6210;Nebuleuse;251.123;23.7998;9.65;0.5;0.5;Her;
NGC6211;NGC6211;Galaxie;250.3652;57.7836;14.3;1.3;0.95;Dra;
NGC6212;NGC6212;Galaxie;250.8464;39.8064;15;0.91;0.81;Her;
NGC6213;NGC6213;Galaxie;250.405;57.8149;15.66;0.69;0.31;Dra;
NGC6214;NGC6214;Galaxie;249.883;66.0395;14.25;0.96;0.82;Dra;
NGC6215;NGC6215;Galaxie;252.7784;-58.9935;11.16;2.64;2.34;Ara;
NGC6215A;NGC6215A;Galaxie;253.2477;-58.948;14.24;1.96;0.64;Ara;
NGC6216;NGC6216;Amas ouvert;252.3484;-44.7315;10.1;4.2;4.2;Sco;
NGC6217;NGC6217;Galaxie;248.1633;78.1982;12.82;2.24;1.63;UMi;
NGC6218;NGC6218;Amas globulaire;251.8105;-1.9478;6.07;11.1;11.1;Oph;
NGC6219;NGC6219;Galaxie;251.5938;9.0379;15.14;0.8;0.65;Her;
NGC6220;NGC6220;Galaxie;251.8053;-0.2755;15.2;1.53;0.97;Oph;
NGC6221;NGC6221;Galaxie;253.192;-59.2186;10.54;4.84;3.15;Ara;
NGC6223;NGC6223;Galaxie;250.768;61.5789;12.96;3.16;2.33;Dra;
NGC6224;NGC6224;Galaxie;252.0773;6.3122;14.94;1.1;1.01;Her;
NGC6225;NGC6225;Galaxie;252.0899;6.2228;14.94;1.18;0.79;Her;
NGC6227;NGC6227;Autre;252.8905;-41.2305;5.22;;;Sco;
NGC6228;NGC6228;Galaxie;252.0111;26.2136;15.35;0.93;0.39;Her;
NGC6229;NGC6229;Amas globulaire;251.7452;47.5278;9.86;4.8;4.8;Her;
NGC6230;NGC6230;Galaxie;252.6862;4.605;;1.7;1.7;Her;
NGC6230 NED01;NGC6230 NED01;Galaxie;252.678;4.605;16.19;0.58;0.35;Her;
NGC6230 NED02;NGC6230 NED02;Galaxie;252.6946;4.6046;15.47;0.72;0.52;Her;
NGC6231;NGC6231;Amas ouvert;253.5455;-41.8243;2.6;13.8;13.8;Sco;
NGC6232;NGC6232;Galaxie;250.8343;70.6325;13.42;1.47;1.16;Dra;
NGC6233;NGC6233;Galaxie;252.5654;23.5798;14.61;1.46;0.73;Her;
NGC6234;NGC6234;Galaxie;252.9889;4.3835;15.33;0.74;0.67;Oph;
NGC6235;NGC6235;Amas globulaire;253.3557;-22.1774;7.2;4.2;4.2;Oph;
NGC6236;NGC6236;Galaxie;251.1444;70.7802;13.93;1.82;1.07;Dra;
NGC6237;NGC6237;Autre;251.0314;70.6348;;;;Dra;
NGC6238;NGC6238;Galaxie;251.8193;62.147;14.47;0.68;0.41;Dra;
NGC6239;NGC6239;Galaxie;252.5207;42.7397;12.4;2.3;1.07;Her;
NGC6240;NGC6240;Galaxie;253.2453;2.4009;13.27;2.2;1.03;Oph;
NGC6241;NGC6241;Galaxie;252.5456;45.4206;14.8;0.52;0.36;Her;
NGC6242;NGC6242;Amas ouvert;253.8893;-39.4609;6.4;6.6;6.6;Sco;
NGC6243;NGC6243;Galaxie;253.1095;23.3326;14.85;1.21;0.6;Her;
NGC6244;NGC6244;Galaxie;252.0163;62.2004;14.21;1.54;0.34;Dra;
NGC6245;NGC6245;Autre;251.3437;70.8046;;;;Dra;
NGC6246;NGC6246;Galaxie;252.4697;55.5421;13.63;1.38;0.73;Dra;
NGC6246A;NGC6246A;Galaxie;252.5582;55.3846;12.49;2.17;1.28;Dra;
NGC6247;NGC6247;Galaxie;252.0843;62.9764;13.81;0.89;0.28;Dra;
NGC6248;NGC6248;Galaxie;251.5916;70.3588;14.03;1.23;0.76;Dra;
NGC6249;NGC6249;Amas ouvert;254.4229;-44.8119;8.2;7.6;7.6;Sco;
NGC6250;NGC6250;Amas ouvert;254.4836;-45.9366;5.9;9.6;9.6;Ara;
NGC6251;NGC6251;Galaxie;248.1332;82.5379;14;1.67;1.44;UMi;
NGC6252;NGC6252;Galaxie;248.169;82.5768;15.27;0.76;0.36;UMi;
NGC6253;NGC6253;Amas ouvert;254.7714;-52.7088;10.2;6;6;Ara;
NGC6254;NGC6254;Amas globulaire;254.2875;-4.0993;4.98;9.3;9.3;Oph;
NGC6255;NGC6255;Galaxie;253.6998;36.5011;12.87;3.1;1.37;Her;
NGC6256;NGC6256;Amas globulaire;254.8862;-37.1214;;4.2;4.2;Sco;
NGC6257;NGC6257;Galaxie;254.0146;39.6455;15.61;0.87;0.27;Her;
NGC6258;NGC6258;Galaxie;253.1241;60.5145;14.48;0.87;0.67;Dra;
NGC6259;NGC6259;Amas ouvert;255.1892;-44.655;8;6;6;Sco;
NGC6260;NGC6260;Galaxie;252.9609;63.7146;14.66;0.93;0.77;Dra;
NGC6261;NGC6261;Galaxie;254.1272;27.9775;15.15;1.09;0.44;Her;
NGC6262;NGC6262;Galaxie;254.6783;57.0984;14.55;0.78;0.32;Dra;
NGC6263;NGC6263;Galaxie;254.18;27.8221;14.74;1.05;0.31;Her;
NGC6264;NGC6264;Galaxie;254.3172;27.8496;15.4;0.82;0.52;Her;
NGC6265;NGC6265;Galaxie;254.3712;27.8442;15.21;0.88;0.57;Her;
NGC6266;NGC6266;Amas globulaire;255.3025;-30.1124;7.39;7.8;7.8;Oph;
NGC6267;NGC6267;Galaxie;254.5361;22.9851;13.93;1.3;0.99;Her;
NGC6268;NGC6268;Amas ouvert;255.5433;-39.7282;9.5;6;6;Sco;
NGC6269;NGC6269;Galaxie;254.492;27.8543;12.31;1.84;1.32;Her;
NGC6270;NGC6270;Galaxie;254.6835;27.8591;15.55;0.72;0.47;Her;
NGC6271;NGC6271;Galaxie;254.7115;27.9646;15.65;0.67;0.54;Her;
NGC6272;NGC6272;Galaxie;254.7428;27.9309;15.49;0.56;0.29;Her;
NGC6273;NGC6273;Amas globulaire;255.657;-26.2679;5.57;7.5;7.5;Oph;
NGC6274;NGC6274;Galaxie;254.8372;29.9438;;1.2;1.2;Her;
NGC6274 NED01;NGC6274 NED01;Galaxie;254.8354;29.9464;14.33;0.6;0.43;Her;
NGC6274 NED02;NGC6274 NED02;Galaxie;254.8393;29.9406;16.6;0.83;0.17;Her;
NGC6275;NGC6275;Galaxie;253.889;63.2422;17.37;0.76;0.47;Dra;
NGC6276;NGC6276;Galaxie;255.1879;23.044;15.08;0.64;0.55;Her;
NGC6277;NGC6277;Autre;255.2037;23.0394;;;;Her;
NGC6278;NGC6278;Galaxie;255.2097;23.011;13.75;1.73;0.86;Her;
NGC6279;NGC6279;Galaxie;254.756;47.2372;14.78;1.04;0.87;Her;
NGC6280;NGC6280;Galaxie;255.4895;6.6658;15.5;0.71;0.62;Oph;
NGC6281;NGC6281;Amas ouvert;256.1721;-37.9852;5.4;10.2;10.2;Sco;
NGC6282;NGC6282;Galaxie;255.1963;29.8206;15.15;0.73;0.54;Her;
NGC6283;NGC6283;Galaxie;254.8607;49.922;13.64;1.11;0.98;Her;
NGC6284;NGC6284;Amas globulaire;256.1198;-24.7643;7.43;6.6;6.6;Oph;
NGC6285;NGC6285;Galaxie;254.6;58.956;14.5;1.08;0.57;Dra;
NGC6286;NGC6286;Galaxie;254.6308;58.9362;14.13;1.22;1.12;Dra;
NGC6287;NGC6287;Amas globulaire;256.2889;-22.708;10.3;5.4;5.4;Oph;
NGC6288;NGC6288;Galaxie;254.3519;68.457;15.24;0.72;0.52;Dra;
NGC6289;NGC6289;Galaxie;254.4375;68.5147;15.4;1.1;0.76;Dra;
NGC6290;NGC6290;Galaxie;255.2351;58.9705;13.56;0.99;0.9;Dra;
NGC6291;NGC6291;Galaxie;255.233;58.9376;14.78;0.62;0.5;Dra;
NGC6292;NGC6292;Galaxie;255.7645;61.0439;14.32;1.32;0.63;Dra;
NGC6293;NGC6293;Amas globulaire;257.5434;-26.5817;9.02;4.5;4.5;Oph;
NGC6294;NGC6294;Autre;257.5676;-26.5746;;;;Oph;
NGC6295;NGC6295;Galaxie;255.814;60.3377;15.38;0.98;0.42;Dra;
NGC6296;NGC6296;Galaxie;257.1853;3.8941;14.16;0.89;0.7;Oph;
NGC6297;NGC6297;Galaxie;255.9023;62.0256;14.42;0.64;0.45;Dra;
NGC6299;NGC6299;Galaxie;256.2684;62.4578;14.9;0.95;0.59;Dra;
NGC6300;NGC6300;Galaxie;259.2478;-62.8206;10.27;5.33;3.37;Ara;
NGC6301;NGC6301;Galaxie;257.1364;42.3391;14.5;1.77;1;Her;
NGC6302;NGC6302;Nebuleuse;258.436;-37.1031;9.6;0.74;0.74;Sco;Bug Nebula
NGC6303;NGC6303;Galaxie;256.2615;68.8276;15.02;1.47;0.67;Dra;
NGC6304;NGC6304;Amas globulaire;258.6355;-29.4623;9.03;3.6;3.6;Oph;
NGC6305;NGC6305;Galaxie;259.5038;-59.1721;12.15;1.69;1.32;Ara;
NGC6306;NGC6306;Galaxie;256.9041;60.7289;13.86;1.32;0.49;Dra;
NGC6307;NGC6307;Galaxie;256.9186;60.7508;13.61;1.36;1.03;Dra;
NGC6308;NGC6308;Galaxie;257.9988;23.3799;14.24;1.19;0.95;Her;
NGC6309;NGC6309;Nebuleuse;258.5179;-12.9106;11.5;0.26;0.26;Oph;Box Nebula
NGC6310;NGC6310;Galaxie;256.9895;60.9902;13.79;1.68;0.35;Dra;
NGC6311;NGC6311;Galaxie;257.6815;41.6511;14.57;1.23;1.17;Her;
NGC6312;NGC6312;Galaxie;257.7007;42.2877;14.98;0.87;0.74;Her;
NGC6313;NGC6313;Galaxie;257.5867;48.3318;14.72;1.45;0.52;Her;
NGC6314;NGC6314;Galaxie;258.1613;23.2701;13.1;1.37;0.7;Her;
NGC6315;NGC6315;Galaxie;258.1923;23.2236;13.31;0.76;0.59;Her;
NGC6316;NGC6316;Amas globulaire;259.1559;-28.14;9.03;4.8;4.8;Oph;
NGC6317;NGC6317;Galaxie;257.248;62.898;15.01;0.96;0.61;Dra;
NGC6318;NGC6318;Amas ouvert;259.0483;-39.425;11.8;3.3;3.3;Sco;
NGC6319;NGC6319;Galaxie;257.4337;62.9731;14.33;1.17;1.14;Dra;
NGC6320;NGC6320;Galaxie;258.2322;40.2665;14.83;1.26;0.82;Her;
NGC6321;NGC6321;Galaxie;258.6009;20.3139;14.45;1;0.91;Her;
NGC6322;NGC6322;Amas ouvert;259.6075;-42.934;6;6.3;6.3;Sco;
NGC6323;NGC6323;Galaxie;258.3253;43.7824;14.73;1.2;0.55;Her;
NGC6324;NGC6324;Galaxie;256.3555;75.407;13.45;0.98;0.52;UMi;
NGC6325;NGC6325;Amas globulaire;259.497;-23.766;11.49;4.02;4.02;Oph;
NGC6326;NGC6326;Nebuleuse;260.1932;-51.7544;12.2;0.21;0.21;Ara;
NGC6327;NGC6327;Galaxie;258.5095;43.6495;15.72;0.58;0.56;Her;
NGC6328;NGC6328;Galaxie;260.921;-65.0102;15.5;1.61;1.56;Ara;
NGC6329;NGC6329;Galaxie;258.5626;43.6847;14.22;1.18;1.15;Her;
NGC6330;NGC6330;Galaxie;258.9351;29.4043;15.16;1.19;0.55;Her;
NGC6331;NGC6331;Galaxie;255.8999;78.629;15.2;1.04;1;UMi;
NGC6332;NGC6332;Galaxie;258.7621;43.6602;14.51;1.74;0.89;Her;
NGC6333;NGC6333;Amas globulaire;259.7991;-18.5162;8.42;6.9;6.9;Oph;
NGC6334;NGC6334;Nebuleuse;260.2071;-36.1027;;8.4;8.4;Sco;
NGC6335;NGC6335;Amas ouvert;259.883;-30.1642;;;;Sco;
NGC6336;NGC6336;Galaxie;259.069;43.8205;14.45;1.05;0.73;Her;
NGC6337;NGC6337;Nebuleuse;260.565;-38.4837;12.3;0.85;0.85;Sco;
NGC6338;NGC6338;Galaxie;258.8458;57.4112;12.42;1.73;1.04;Dra;
NGC6339;NGC6339;Galaxie;259.2771;40.845;13.76;1.86;1.17;Her;
NGC6340;NGC6340;Galaxie;257.6035;72.3044;11.11;3.04;2.88;Dra;
NGC6341;NGC6341;Amas globulaire;259.2803;43.1365;6.52;14.4;14.4;Her;
NGC6342;NGC6342;Amas globulaire;260.2923;-19.5874;10.01;6.6;6.6;Oph;
NGC6343;NGC6343;Galaxie;259.3178;41.0527;14.51;1.24;0.94;Her;
NGC6344;NGC6344;Autre;259.3256;42.4342;;;;Her;
NGC6345;NGC6345;Galaxie;258.8512;57.3503;15.12;0.95;0.39;Dra;
NGC6346;NGC6346;Galaxie;258.852;57.3225;14.97;0.91;0.58;Dra;
NGC6347;NGC6347;Galaxie;259.9778;16.6607;13.45;1.22;0.57;Her;
NGC6348;NGC6348;Galaxie;259.5883;41.6476;15.31;0.85;0.57;Her;
NGC6349;NGC6349;Galaxie;259.7773;36.0609;15.2;1.07;0.25;Her;
NGC6350;NGC6350;Galaxie;259.676;41.6943;14.23;1.24;1.04;Her;
NGC6351;NGC6351;Galaxie;259.7975;36.0606;;0.4;0.4;Her;
NGC6351 NED01;NGC6351 NED01;Galaxie;259.7962;36.0604;16;0.31;0.27;Her;
NGC6351 NED02;NGC6351 NED02;Galaxie;259.7986;36.0611;17.27;0.08;0.07;Her;
NGC6352;NGC6352;Amas globulaire;261.3715;-48.4227;8.87;7.2;7.2;Ara;
NGC6353;NGC6353;Autre;260.302;15.6886;;;;Her;
NGC6354;NGC6354;Autre;261.1428;-38.5416;;;;Sco;
NGC6355;NGC6355;Amas globulaire;260.9944;-26.3534;11.05;2.7;2.7;Oph;
NGC6356;NGC6356;Amas globulaire;260.8958;-17.813;7.42;5.4;5.4;Oph;
NGC6357;NGC6357;Amas ouvert;261.1815;-34.2013;;3.9;3.9;Sco;the War and Peace Nebula
NGC6358;NGC6358;Galaxie;259.7209;52.6153;15.05;1;0.4;Dra;
NGC6359;NGC6359;Galaxie;259.4708;61.7808;12.62;1.06;0.75;Dra;
NGC6360;NGC6360;Amas ouvert;261.1151;-29.8716;;5.1;5.1;Oph;
NGC6361;NGC6361;Galaxie;259.6712;60.6082;13.8;2.06;0.56;Dra;
NGC6362;NGC6362;Amas globulaire;262.9785;-67.0479;8.86;8.4;8.4;Ara;
NGC6363;NGC6363;Galaxie;260.6667;41.1017;14.61;1.02;0.84;Her;
NGC6364;NGC6364;Galaxie;261.1139;29.3902;14.36;1.38;1.08;Her;
NGC6365;NGC6365;Galaxie;260.6821;62.17;;1.5;1.5;Dra;
NGC6365A;NGC6365A;Galaxie;260.6825;62.1661;17.98;0.98;0.78;Dra;
NGC6365B;NGC6365B;Galaxie;260.6814;62.1737;16.23;1.13;0.24;Dra;
NGC6366;NGC6366;Amas globulaire;261.9347;-5.0766;;13.8;13.8;Oph;
NGC6367;NGC6367;Galaxie;261.2875;37.7599;14.91;0.99;0.79;Her;
NGC6368;NGC6368;Galaxie;261.7981;11.5436;13.55;3.44;0.8;Oph;
NGC6369;NGC6369;Nebuleuse;262.3354;-23.7594;11.4;0.63;0.63;Oph;Little Ghost Nebula
NGC6370;NGC6370;Galaxie;260.8549;56.9745;14.2;1.31;1.08;Dra;
NGC6371;NGC6371;Galaxie;261.8358;26.5051;15.12;0.72;0.55;Her;
NGC6372;NGC6372;Galaxie;261.8827;26.4751;12.92;1.61;0.94;Her;
NGC6373;NGC6373;Galaxie;261.0337;58.9951;14.56;1.04;0.7;Dra;
NGC6374;NGC6374;Amas ouvert;263.6773;-32.5814;5.5;6.9;6.9;Sco;
NGC6375;NGC6375;Galaxie;262.3412;16.2067;14.53;1.53;1.48;Her;
NGC6376;NGC6376;Galaxie;261.3299;58.8174;14.1;0.52;0.29;Dra;
NGC6377;NGC6377;Galaxie;261.3467;58.8228;14.84;0.64;0.27;Dra;
NGC6378;NGC6378;Galaxie;262.6749;6.2823;15.04;1.13;0.77;Oph;
NGC6379;NGC6379;Galaxie;262.6455;16.2888;12.89;1.04;0.85;Her;
NGC6380;NGC6380;Amas globulaire;263.6184;-39.0697;;3.9;3.9;Sco;
NGC6381;NGC6381;Galaxie;261.8202;60.0141;13.68;1.22;0.85;Dra;
NGC6382;NGC6382;Galaxie;261.9799;56.8687;14.87;1.16;0.71;Dra;
NGC6384;NGC6384;Galaxie;263.1013;7.0603;10.63;2.45;1.11;Oph;
NGC6385;NGC6385;Galaxie;262.0059;57.5218;14.09;1.14;1.08;Dra;
NGC6386;NGC6386;Galaxie;262.2158;52.7234;15.23;0.97;0.97;Dra;
NGC6387;NGC6387;Galaxie;262.0993;57.5454;16.81;0.31;0.15;Dra;
NGC6388;NGC6388;Amas globulaire;264.0726;-44.7356;7.4;8.4;8.4;Sco;
NGC6389;NGC6389;Galaxie;263.1657;16.4018;12.1;1.2;0.92;Her;
NGC6390;NGC6390;Galaxie;262.117;60.0942;14.48;0.88;0.45;Dra;
NGC6391;NGC6391;Galaxie;262.2041;58.8509;14.85;0.75;0.52;Dra;
NGC6392;NGC6392;Galaxie;265.8765;-69.7852;12.27;1.94;1.71;Aps;
NGC6393;NGC6393;Galaxie;262.5352;59.5318;15.84;0.43;0.4;Dra;
NGC6394;NGC6394;Galaxie;262.5892;59.6399;15.4;1.14;0.43;Dra;
NGC6395;NGC6395;Galaxie;261.6303;71.0963;12.69;2.25;0.73;Dra;
NGC6396;NGC6396;Amas ouvert;264.4014;-35.0259;8.5;3.3;3.3;Sco;
NGC6397;NGC6397;Amas globulaire;265.1723;-53.6737;5.17;15.3;15.3;Ara;
NGC6398;NGC6398;Galaxie;265.6822;-61.6943;13.46;2.44;0.85;Pav;
NGC6399;NGC6399;Galaxie;262.9596;59.6155;14.6;1.21;0.58;Dra;
NGC6400;NGC6400;Amas ouvert;265.0533;-36.9477;8.8;6;6;Sco;
NGC6401;NGC6401;Amas globulaire;264.6539;-23.9088;10.71;4.5;4.5;Oph;
NGC6402;NGC6402;Amas globulaire;264.4007;-3.2459;5.73;;;Oph;
NGC6403;NGC6403;Galaxie;265.8482;-61.6821;14.34;1.15;0.89;Pav;
NGC6404;NGC6404;Amas ouvert;264.9057;-33.2467;10.6;4.2;4.2;Sco;
NGC6405;NGC6405;Amas ouvert;265.0865;-32.2542;4.2;15.6;15.6;Sco;Butterfly Cluster
NGC6406;NGC6406;Autre;264.5794;18.8331;;;;Her;
NGC6407;NGC6407;Galaxie;266.2404;-60.7398;12.99;2.47;1.93;Pav;
NGC6408;NGC6408;Galaxie;264.6973;18.8779;14.4;1.55;1.26;Her;
NGC6409;NGC6409;Galaxie;264.1475;50.7659;14.6;0.72;0.61;Dra;
NGC6410;NGC6410;Autre;263.8353;60.7931;;;;Dra;
NGC6411;NGC6411;Galaxie;263.8869;60.8134;11.86;1.76;1.15;Dra;
NGC6412;NGC6412;Galaxie;262.4063;75.7044;11.83;2.13;1.84;Dra;
NGC6413;NGC6413;Autre;265.1697;12.6239;;;;Oph;
NGC6414;NGC6414;Galaxie;262.6536;74.3761;15.71;1;0.47;Dra;
NGC6415;NGC6415;Amas ouvert;266.0856;-35.071;;;;Sco;
NGC6416;NGC6416;Amas ouvert;266.0833;-32.361;;6.9;6.9;Sco;
NGC6417;NGC6417;Galaxie;265.4493;23.6722;14.32;1.42;1.17;Her;
NGC6418;NGC6418;Galaxie;264.5388;58.7149;14.5;0.65;0.52;Dra;
NGC6419;NGC6419;Galaxie;264.0246;68.1558;15.26;0.97;0.25;Dra;
NGC6420;NGC6420;Galaxie;264.0679;68.0524;15.41;1.02;0.56;Dra;
NGC6421;NGC6421;Amas ouvert;266.4342;-33.6926;;;;Sco;
NGC6422;NGC6422;Galaxie;264.125;68.0586;14.99;1.17;0.93;Dra;
NGC6423;NGC6423;Galaxie;264.2222;68.1715;15.6;0.63;0.59;Dra;
NGC6424;NGC6424;Galaxie;264.0503;69.9889;14.66;0.81;0.78;Dra;
NGC6425;NGC6425;Amas ouvert;266.757;-31.5294;7.2;4.8;4.8;Sco;
NGC6426;NGC6426;Amas globulaire;266.228;3.1701;;5.7;5.7;Oph;
NGC6427;NGC6427;Galaxie;265.9108;25.4939;14.52;1.55;0.52;Her;
NGC6428;NGC6428;Autre;265.97;25.5548;;;;Her;
NGC6429;NGC6429;Galaxie;266.0223;25.3507;14.2;1.82;0.7;Her;
NGC6430;NGC6430;Galaxie;266.3095;18.1389;14.71;1.68;0.58;Her;
NGC6432;NGC6432;Autre;266.8434;-24.8875;;;;Sgr;
NGC6433;NGC6433;Galaxie;265.9842;36.8001;14;1.91;0.5;Her;
NGC6434;NGC6434;Galaxie;264.2034;72.089;13.2;2.09;0.86;Dra;
NGC6435;NGC6435;Galaxie;265.0462;62.6418;14.86;0.87;0.58;Dra;
NGC6436;NGC6436;Galaxie;265.3052;60.4497;14.85;1.04;0.6;Dra;
NGC6437;NGC6437;Amas ouvert;267.088;-35.3662;;;;Sco;
NGC6438;NGC6438;Galaxie;275.5728;-85.4021;11.61;1.76;1.49;Oct;
NGC6438A;NGC6438A;Galaxie;275.6479;-85.4063;12.58;3.44;1.36;Oct;
NGC6439;NGC6439;Nebuleuse;267.0825;-16.4789;12.6;0.08;0.08;Sgr;
NGC6440;NGC6440;Amas globulaire;267.2195;-20.3596;10.1;5.1;5.1;Sgr;
NGC6441;NGC6441;Amas globulaire;267.5535;-37.0511;8;4.8;4.8;Sco;
NGC6442;NGC6442;Galaxie;266.7139;20.7611;14.44;1.42;0.97;Her;
NGC6443;NGC6443;Galaxie;266.141;48.1141;14.74;1.13;0.5;Her;
NGC6444;NGC6444;Amas ouvert;267.3966;-34.8197;;6.9;6.9;Sco;
NGC6445;NGC6445;Nebuleuse;267.3127;-20.0095;11.2;0.55;0.55;Sgr;Little Gem
NGC6446;NGC6446;Galaxie;266.5313;35.5694;15.03;0.58;0.42;Her;
NGC6447;NGC6447;Galaxie;266.5718;35.572;12.99;1.35;0.73;Her;
NGC6448;NGC6448;Autre;265.9283;53.5461;;;;Dra;
NGC6449;NGC6449;Galaxie;265.9431;56.8041;14.56;0.9;0.75;Dra;
NGC6450;NGC6450;Autre;266.8848;18.5752;;;;Her;
NGC6451;NGC6451;Amas ouvert;267.6693;-30.2116;8.2;7.2;7.2;Sco;
NGC6452;NGC6452;Galaxie;266.9939;20.8378;15.1;0.7;0.55;Her;
NGC6453;NGC6453;Amas globulaire;267.7155;-34.5999;10.49;5.4;5.4;Sco;
NGC6454;NGC6454;Galaxie;266.2359;55.7048;13.5;1.41;1.07;Dra;
NGC6455;NGC6455;Amas ouvert;267.7837;-35.3378;;7.8;7.8;Sco;
NGC6456;NGC6456;Galaxie;265.6327;67.5923;15.5;0.51;0.41;Dra;
NGC6457;NGC6457;Galaxie;265.7202;66.476;15.24;1.08;0.72;Dra;
NGC6458;NGC6458;Galaxie;267.2959;20.8043;14.91;1.08;0.72;Her;
NGC6459;NGC6459;Galaxie;266.4466;55.7767;15.23;0.86;0.46;Dra;
NGC6460;NGC6460;Galaxie;267.3765;20.7637;14.66;1.72;0.98;Her;
NGC6461;NGC6461;Galaxie;264.9855;74.0342;15.56;0.82;0.47;Dra;
NGC6462;NGC6462;Galaxie;266.2036;61.9106;14.9;0.55;0.52;Dra;
NGC6463;NGC6463;Galaxie;265.893;67.6035;15.12;0.95;0.81;Dra;
NGC6464;NGC6464;Galaxie;266.448;60.8975;15.29;0.56;0.53;Dra;
NGC6465;NGC6465;Autre;268.2316;-25.3977;;;;Sgr;
NGC6466;NGC6466;Galaxie;267.0337;51.3992;14.8;0.7;0.41;Dra;
NGC6467;NGC6467;Galaxie;267.6673;17.5378;14.83;1.41;0.75;Her;
NGC6469;NGC6469;Amas ouvert;268.3005;-22.2751;8.2;9;9;Sgr;
NGC6470;NGC6470;Galaxie;266.062;67.6194;15.14;1.08;0.69;Dra;
NGC6471;NGC6471;Galaxie;266.065;67.5919;;1.2;1.2;Dra;
NGC6471 NED01;NGC6471 NED01;Galaxie;266.0543;67.5931;15.35;0.93;0.31;Dra;
NGC6471 NED02;NGC6471 NED02;Galaxie;266.0757;67.5911;16.03;0.52;0.47;Dra;
NGC6472;NGC6472;Galaxie;266.0129;67.6303;16.27;0.65;0.45;Dra;
NGC6473;NGC6473;Galaxie;266.491;57.2571;15.26;0.91;0.71;Dra;
NGC6474;NGC6474;Galaxie;266.7732;57.3012;14.96;0.87;0.42;Dra;
NGC6475;NGC6475;Amas ouvert;268.4632;-34.7928;3.3;22.2;22.2;Sco;Ptolemy's Cluster
NGC6476;NGC6476;Amas ouvert;268.5084;-29.1442;;;;Sgr;
NGC6477;NGC6477;Galaxie;266.1251;67.6106;16.65;0.55;0.35;Dra;
NGC6478;NGC6478;Galaxie;267.1598;51.1572;14.02;1.45;0.44;Dra;
NGC6479;NGC6479;Galaxie;267.09;54.149;14.45;0.94;0.83;Dra;
NGC6480;NGC6480;Amas ouvert;268.6085;-30.4521;;2.7;2.7;Sco;
NGC6481;NGC6481;Autre;268.2038;4.1678;;3.9;3.9;Oph;
NGC6482;NGC6482;Galaxie;267.9534;23.0719;11.33;2.03;1.71;Her;
NGC6483;NGC6483;Galaxie;269.8784;-63.6687;11.96;1.83;1.49;Pav;
NGC6484;NGC6484;Galaxie;267.9458;24.4835;13.35;1.74;0.91;Her;
NGC6485;NGC6485;Galaxie;267.9698;31.4618;14.13;1.23;1.16;Her;
NGC6486;NGC6486;Galaxie;268.1471;29.818;15.04;0.61;0.56;Her;
NGC6487;NGC6487;Galaxie;268.1744;29.8386;11.97;1.8;1.57;Her;
NGC6488;NGC6488;Galaxie;267.3374;62.2229;14.81;0.65;0.25;Dra;
NGC6489;NGC6489;Galaxie;267.5055;60.0922;16.24;0.51;0.4;Dra;
NGC6490;NGC6490;Galaxie;268.627;18.3758;14.73;1.01;0.78;Her;
NGC6491;NGC6491;Galaxie;267.5029;61.5318;14.43;1.25;0.46;Dra;
NGC6492;NGC6492;Galaxie;270.7015;-66.4306;11.94;2.38;1.38;Pav;
NGC6493;NGC6493;Galaxie;267.5944;61.5594;15.44;1.07;1.02;Dra;
NGC6494;NGC6494;Amas ouvert;269.2699;-18.9853;5.5;16.8;16.8;Sgr;
NGC6495;NGC6495;Galaxie;268.7115;18.3269;13.86;1.44;1.07;Her;
NGC6496;NGC6496;Amas globulaire;269.7654;-44.2663;9.96;4.62;4.62;Sco;
NGC6497;NGC6497;Galaxie;267.8249;59.4709;14.22;1.45;0.66;Dra;
NGC6499;NGC6499;Autre;268.8334;18.3598;;;;Her;
NGC6500;NGC6500;Galaxie;268.9991;18.3382;12.54;2.08;1.65;Her;
NGC6501;NGC6501;Galaxie;269.0156;18.3731;13.11;1.73;1.52;Her;
NGC6502;NGC6502;Galaxie;271.0572;-65.4099;13.63;1.4;1.23;Pav;
NGC6503;NGC6503;Galaxie;267.3601;70.1444;10.12;5.94;1.98;Dra;
NGC6504;NGC6504;Galaxie;269.0238;33.2084;13.3;1.94;0.41;Her;
NGC6505;NGC6505;Galaxie;267.781;65.5308;15.28;1.15;0.84;Dra;
NGC6506;NGC6506;Amas ouvert;269.9729;-24.6853;;;;Sgr;
NGC6507;NGC6507;Amas ouvert;269.9616;-17.4503;9.6;4.8;4.8;Sgr;
NGC6508;NGC6508;Galaxie;267.4435;72.0211;14.03;1.29;1.09;Dra;
NGC6509;NGC6509;Galaxie;269.8553;6.287;13.32;1.45;1.24;Oph;
NGC6510;NGC6510;Galaxie;268.6637;60.8179;14.26;0.83;0.48;Dra;
NGC6512;NGC6512;Galaxie;268.7096;62.6451;14.74;0.81;0.66;Dra;
NGC6513;NGC6513;Galaxie;269.8939;24.8805;14.64;1.08;0.77;Her;
NGC6514;NGC6514;Nebuleuse;270.6755;-22.9719;8.5;28;28;Sgr;Trifid Nebula
NGC6515;NGC6515;Galaxie;269.355;50.7281;14.25;1.53;1.14;Dra;
NGC6516;NGC6516;Galaxie;268.8199;62.6699;15.65;0.74;0.32;Dra;
NGC6517;NGC6517;Amas globulaire;270.46;-8.9595;11.08;4.8;4.8;Oph;
NGC6518;NGC6518;Galaxie;269.9323;28.8667;14.94;0.8;0.64;Her;
NGC6519;NGC6519;Autre;270.8339;-29.8042;;;;Sgr;
NGC6520;NGC6520;Amas ouvert;270.8506;-27.8861;7.6;5.4;5.4;Sgr;
NGC6521;NGC6521;Galaxie;268.9518;62.6123;13.9;1.55;1.01;Dra;
NGC6522;NGC6522;Amas globulaire;270.892;-30.034;9.48;3.9;3.9;Sgr;
NGC6523;NGC6523;Nebuleuse;270.922;-24.3802;5.8;45;30;Sgr;Lagoon Nebula
NGC6524;NGC6524;Galaxie;269.8113;45.8871;13.91;1.63;0.99;Her;
NGC6525;NGC6525;Amas ouvert;270.5198;11.0383;;5.4;5.4;Oph;
NGC6526;NGC6526;Nebuleuse;271.0256;-24.4419;;40;40;Sgr;
NGC6527;NGC6527;Galaxie;270.443;19.7287;14.89;1.48;1.13;Her;
NGC6528;NGC6528;Amas globulaire;271.2067;-30.0558;10.65;3.6;3.6;Sgr;
NGC6529;NGC6529;Amas ouvert;271.3702;-36.2954;;;;Sgr;
NGC6530;NGC6530;Amas ouvert;271.1293;-24.3581;4.6;6;6;Sgr;
NGC6531;NGC6531;Amas ouvert;271.056;-22.4901;5.9;6;6;Sgr;
NGC6532;NGC6532;Galaxie;269.8081;56.2318;14.91;1.69;0.66;Dra;
NGC6534;NGC6534;Galaxie;269.0357;64.2837;15.42;0.93;0.49;Dra;
NGC6535;NGC6535;Amas globulaire;270.9612;-0.2969;9.85;3.6;3.6;Se2;
NGC6536;NGC6536;Galaxie;269.3181;64.9381;14.24;1.14;0.92;Dra;
NGC6537;NGC6537;Nebuleuse;271.3046;-19.843;11.6;0.17;0.17;Sgr;Red Spider Nebula
NGC6538;NGC6538;Galaxie;268.5692;73.4239;14.05;0.94;0.52;Dra;
NGC6539;NGC6539;Amas globulaire;271.2073;-7.5859;;6;6;Se2;
NGC6540;NGC6540;Amas globulaire;271.5331;-27.7628;;4.08;4.08;Sgr;
NGC6541;NGC6541;Amas globulaire;272.0097;-43.7159;7.32;7.5;7.5;CrA;
NGC6542;NGC6542;Galaxie;269.9109;61.3594;13.92;1.38;0.4;Dra;
NGC6543;NGC6543;Nebuleuse;269.6391;66.6332;9.01;0.9;0.9;Dra;Cat's Eye Nebula
NGC6544;NGC6544;Amas globulaire;271.8333;-24.9984;9.9;6;6;Sgr;
NGC6545;NGC6545;Galaxie;273.0615;-63.7761;14.24;1.11;0.97;Pav;
NGC6546;NGC6546;Amas ouvert;271.844;-23.2962;8;6.9;6.9;Sgr;
NGC6547;NGC6547;Galaxie;271.2917;25.2326;14.21;1.63;0.58;Her;
NGC6548;NGC6548;Galaxie;271.4968;18.5872;11.73;2.65;2.37;Her;
NGC6549;NGC6549;Galaxie;271.4563;18.538;14.73;1.22;0.3;Her;
NGC6551;NGC6551;Autre;272.2486;-29.5577;;;;Sgr;
NGC6552;NGC6552;Galaxie;270.0301;66.6151;14.6;1.06;0.73;Dra;
NGC6553;NGC6553;Amas globulaire;272.3228;-25.9079;9.08;5.4;5.4;Sgr;
NGC6554;NGC6554;Amas ouvert;272.3499;-18.3787;;8.7;8.7;Sgr;
NGC6555;NGC6555;Galaxie;271.9549;17.6049;12.39;1.96;1.61;Her;
NGC6556;NGC6556;Amas ouvert;272.49;-27.5248;;;;Sgr;
NGC6557;NGC6557;Galaxie;275.3534;-76.583;13.99;1.38;0.92;Oct;
NGC6558;NGC6558;Amas globulaire;272.5766;-31.7635;11.29;5.4;5.4;Sgr;
NGC6559;NGC6559;Nebuleuse;272.4869;-24.1064;;15;10;Sgr;
NGC6560;NGC6560;Galaxie;271.3082;46.8816;13.61;1.12;0.61;Her;
NGC6561;NGC6561;Amas ouvert;272.6286;-16.7257;;6;6;Sgr;
NGC6562;NGC6562;Galaxie;271.2538;56.2631;14.7;1;0.95;Dra;
NGC6563;NGC6563;Nebuleuse;273.0104;-33.8683;11;0.79;0.79;Sgr;
NGC6564;NGC6564;Autre;272.2599;17.3946;;;;Her;
NGC6565;NGC6565;Nebuleuse;272.9692;-28.1783;11.6;0.23;0.23;Sgr;
NGC6566;NGC6566;Galaxie;271.7528;52.2601;15.47;0.67;0.6;Dra;
NGC6567;NGC6567;Nebuleuse;273.4383;-19.0758;11;0.13;0.13;Sgr;
NGC6568;NGC6568;Amas ouvert;273.1844;-21.628;8.6;7.8;7.8;Sgr;
NGC6569;NGC6569;Amas globulaire;273.4111;-31.8277;9.47;4.5;4.5;Sgr;
NGC6570;NGC6570;Galaxie;272.7804;14.0931;12.7;1.59;0.86;Oph;
NGC6571;NGC6571;Galaxie;272.7057;21.2385;15.2;0.79;0.58;Her;
NGC6572;NGC6572;Nebuleuse;273.0259;6.8537;8.1;0.18;0.18;Oph;
NGC6573;NGC6573;Amas ouvert;273.5958;-22.1744;;3.18;3.18;Sgr;
NGC6574;NGC6574;Galaxie;272.9635;14.9818;11.96;1.57;1.2;Her;
NGC6575;NGC6575;Galaxie;272.7395;31.1162;14.35;1.5;1.08;Her;
NGC6576;NGC6576;Galaxie;272.9501;21.4283;15.68;0.76;0.65;Her;
NGC6577;NGC6577;Galaxie;273.0051;21.4634;12.68;1.23;1.06;Her;
NGC6578;NGC6578;Nebuleuse;274.0687;-20.4509;12.9;0.14;0.14;Sgr;
NGC6579;NGC6579;Galaxie;273.1325;21.4207;14.28;1.15;0.78;Her;
NGC6580;NGC6580;Galaxie;273.1404;21.4261;13.9;1.39;0.82;Her;
NGC6581;NGC6581;Galaxie;273.0768;25.6624;15.35;0.6;0.44;Her;
NGC6582;NGC6582;Galaxie;272.7646;49.9106;;1.4;1.4;Her;
NGC6582 NED01;NGC6582 NED01;Galaxie;272.7578;49.9119;14.41;0.76;0.76;Her;
NGC6582 NED02;NGC6582 NED02;Galaxie;272.7715;49.9092;15.18;1.45;1;Her;
NGC6583;NGC6583;Amas ouvert;273.9539;-22.1376;10;3.6;3.6;Sgr;
NGC6584;NGC6584;Amas globulaire;274.6569;-52.2152;8.17;5.1;5.1;Tel;
NGC6585;NGC6585;Galaxie;273.0908;39.633;13.49;2.01;0.45;Her;
NGC6586;NGC6586;Galaxie;273.4104;21.0901;14.54;1.15;0.59;Her;
NGC6587;NGC6587;Galaxie;273.462;18.8252;13.74;1.82;1.82;Her;
NGC6588;NGC6588;Autre;275.2452;-63.81;;5.4;5.4;Pav;
NGC6589;NGC6589;Nebuleuse;274.2307;-19.7771;10.5;4;3;Sgr;
NGC6590;NGC6590;Nebuleuse;274.2708;-19.8661;9.8;4;3;Sgr;
NGC6591;NGC6591;Galaxie;273.5163;21.0639;16.39;0.54;0.21;Her;
NGC6592;NGC6592;Galaxie;272.4612;61.422;15.12;0.81;0.65;Dra;
NGC6593;NGC6593;Galaxie;273.5148;22.2839;15.1;0.81;0.67;Her;
NGC6594;NGC6594;Galaxie;272.523;61.1335;15.33;0.86;0.5;Dra;
NGC6596;NGC6596;Amas ouvert;274.3905;-16.6504;;6.6;6.6;Sgr;
NGC6597;NGC6597;Galaxie;272.806;61.1807;15.44;0.89;0.5;Dra;
NGC6598;NGC6598;Galaxie;272.2333;69.0679;14.14;1.18;0.87;Dra;
NGC6599;NGC6599;Galaxie;273.9291;24.9124;12.82;1.23;1.14;Her;
NGC6601;NGC6601;Galaxie;272.9348;61.4533;15.54;0.79;0.49;Dra;
NGC6602;NGC6602;Galaxie;274.1429;25.044;14.57;0.77;0.57;Her;
NGC6603;NGC6603;Amas ouvert;274.6124;-18.4061;11.1;4.2;4.2;Sgr;
NGC6604;NGC6604;Amas ouvert;274.5123;-12.2431;6.5;9.6;9.6;Se2;
NGC6605;NGC6605;Amas ouvert;274.0903;-15.0152;6;6.3;6.3;Se2;
NGC6606;NGC6606;Galaxie;273.6733;43.2686;14.36;0.91;0.71;Lyr;
NGC6607;NGC6607;Galaxie;273.0614;61.3329;15.59;0.55;0.48;Dra;
NGC6608;NGC6608;Galaxie;273.1203;61.2982;16.6;0.86;0.19;Dra;
NGC6609;NGC6609;Galaxie;273.1399;61.3319;15.24;0.83;0.72;Dra;
NGC6611;NGC6611;Nebuleuse;274.7007;-13.8072;6;120;25;Se2;Eagle Nebula
NGC6612;NGC6612;Galaxie;274.0452;36.0786;15.51;1.02;0.66;Lyr;
NGC6613;NGC6613;Amas ouvert;274.9937;-17.102;6.9;6;6;Sgr;
NGC6614;NGC6614;Galaxie;276.28;-63.2484;13.8;1.64;1.26;Pav;
NGC6615;NGC6615;Galaxie;274.6395;13.265;14.47;1.37;0.87;Oph;
NGC6616;NGC6616;Galaxie;274.4212;22.2384;15.12;1.35;0.57;Her;
NGC6617;NGC6617;Galaxie;273.5105;61.3196;15.56;0.9;0.52;Dra;
NGC6618;NGC6618;Nebuleuse;275.1963;-16.1715;7;12.6;12.6;Sgr;Checkmark Nebula
NGC6619;NGC6619;Galaxie;274.7314;23.6556;14.26;1.38;0.89;Her;
NGC6620;NGC6620;Nebuleuse;275.7256;-26.8217;12.7;0.13;0.13;Sgr;
NGC6621;NGC6621;Galaxie;273.2305;68.3634;13.41;2.15;0.87;Dra;
NGC6622;NGC6622;Galaxie;273.2492;68.3539;14.08;0.97;0.87;Dra;
NGC6623;NGC6623;Galaxie;274.9288;23.7056;;1.3;1.3;Her;
NGC6623 NED01;NGC6623 NED01;Galaxie;274.9284;23.7018;14.4;0.15;0.15;Her;
NGC6623 NED02;NGC6623 NED02;Galaxie;274.9286;23.7096;14.36;1.35;1.2;Her;
NGC6624;NGC6624;Amas globulaire;275.919;-30.3613;;3.3;3.3;Sgr;
NGC6625;NGC6625;Amas ouvert;275.6971;-11.955;9;6;6;Sct;
NGC6626;NGC6626;Amas globulaire;276.137;-24.8698;6.9;5.1;5.1;Sgr;
NGC6627;NGC6627;Galaxie;275.6622;15.698;13.32;1.07;0.96;Her;
NGC6628;NGC6628;Galaxie;275.5913;23.4786;14.72;1.52;0.91;Her;
NGC6629;NGC6629;Nebuleuse;276.4269;-23.2029;11.3;0.26;0.26;Sgr;
NGC6630;NGC6630;Galaxie;278.1464;-63.2933;13.91;0.81;0.68;Pav;
NGC6631;NGC6631;Amas ouvert;276.7973;-12.0312;11.7;5.7;5.7;Sct;
NGC6632;NGC6632;Galaxie;276.2629;27.5353;12.15;2.4;1.16;Her;
NGC6633;NGC6633;Amas ouvert;276.8135;6.5082;4.6;12;12;Oph;
NGC6635;NGC6635;Galaxie;276.9046;14.8191;13.4;1.14;1.03;Her;
NGC6636;NGC6636;Galaxie;275.5146;66.6202;;2.2;2.2;Dra;
NGC6636 NED01;NGC6636 NED01;Galaxie;275.512;66.6166;14.03;1.91;0.46;Dra;
NGC6636 NED02;NGC6636 NED02;Galaxie;275.5213;66.622;16;0.72;0.39;Dra;
NGC6637;NGC6637;Amas globulaire;277.8468;-32.348;8.31;5.7;5.7;Sgr;
NGC6638;NGC6638;Amas globulaire;277.7344;-25.4964;9.68;4.2;4.2;Sgr;
NGC6639;NGC6639;Amas ouvert;277.7471;-13.1558;;6;6;Sct;
NGC6640;NGC6640;Galaxie;277.0345;34.3027;14.16;0.83;0.18;Lyr;
NGC6641;NGC6641;Galaxie;277.239;22.903;14.25;0.93;0.81;Her;
NGC6642;NGC6642;Amas globulaire;277.9759;-23.4761;10.24;3.9;3.9;Sgr;
NGC6643;NGC6643;Galaxie;274.9434;74.5684;11.11;3.32;1.63;Dra;
NGC6644;NGC6644;Nebuleuse;278.1447;-25.1294;10.7;0.04;0.04;Sgr;
NGC6645;NGC6645;Amas ouvert;278.1579;-16.8839;8.5;5.4;5.4;Sgr;
NGC6646;NGC6646;Galaxie;277.4114;39.8651;12.64;1.49;1.25;Lyr;
NGC6647;NGC6647;Amas ouvert;278.2056;-17.2287;8;3.6;3.6;Sgr;
NGC6648;NGC6648;Autre;276.4075;64.9762;;;;Dra;
NGC6649;NGC6649;Amas ouvert;278.3665;-10.4028;8.9;5.58;5.58;Sct;
NGC6650;NGC6650;Galaxie;276.3666;68.0058;14.6;0.73;0.66;Dra;
NGC6651;NGC6651;Galaxie;276.0821;71.6019;13.63;1.34;0.71;Dra;
NGC6652;NGC6652;Amas globulaire;278.9406;-32.9903;9.75;5.1;5.1;Sgr;
NGC6653;NGC6653;Galaxie;281.1599;-73.2634;13.39;1.64;1.41;Pav;
NGC6654;NGC6654;Galaxie;276.0315;73.1832;11.84;2.91;2.23;Dra;
NGC6654A;NGC6654A;Galaxie;279.8539;73.5797;13.49;2.11;0.44;Dra;
NGC6655;NGC6655;Autre;278.6288;-5.9209;;;;Sct;
NGC6656;NGC6656;Amas globulaire;279.1008;-23.9034;6.17;12.6;12.6;Sgr;
NGC6657;NGC6657;Galaxie;278.2561;34.0605;14.17;0.77;0.44;Lyr;
NGC6658;NGC6658;Galaxie;278.4819;22.8883;11.8;1.5;0.25;Her;
NGC6659;NGC6659;Amas ouvert;278.4997;23.5949;;5.4;5.4;Her;
NGC6660;NGC6660;Galaxie;278.6528;22.9097;12.36;1.95;1.13;Her;
NGC6662;NGC6662;Galaxie;278.5466;32.0646;14.81;1.65;0.51;Lyr;
NGC6663;NGC6663;Galaxie;278.3903;40.0489;14.76;0.86;0.74;Lyr;
NGC6664;NGC6664;Amas ouvert;279.139;-8.2208;7.8;6;6;Sct;
NGC6665;NGC6665;Galaxie;278.625;30.7206;14.52;0.95;0.47;Lyr;
NGC6666;NGC6666;Autre;278.6872;33.5876;;;;Lyr;
NGC6667;NGC6667;Galaxie;277.6658;67.987;12.63;1.88;1.05;Dra;
NGC6669;NGC6669;Autre;279.3129;22.1957;;;;Her;
NGC6670;NGC6670;Galaxie;278.3977;59.8888;;1.2;1.2;Dra;
NGC6670A;NGC6670A;Galaxie;278.4072;59.8897;15.26;0.68;0.32;Dra;
NGC6670B;NGC6670B;Galaxie;278.392;59.8882;16.01;0.78;0.25;Dra;
NGC6670 NED03;NGC6670 NED03;Galaxie;278.4126;59.8881;;0.27;0.17;Dra;
NGC6671;NGC6671;Galaxie;279.359;26.4172;13.72;1.39;1.39;Lyr;
NGC6672;NGC6672;Autre;279.06;42.9476;;;;Lyr;
NGC6673;NGC6673;Galaxie;281.2763;-62.2972;11.72;2.6;1.44;Pav;
NGC6674;NGC6674;Galaxie;279.6411;25.3751;12.07;4.01;2.04;Her;
NGC6675;NGC6675;Galaxie;279.3603;40.0577;13.33;1.31;0.94;Lyr;
NGC6676;NGC6676;Galaxie;278.2915;66.9591;15.22;1.5;0.37;Dra;
NGC6677;NGC6677;Galaxie;278.4005;67.1107;13.86;0.84;0.35;Dra;
NGC6679;NGC6679;Galaxie;278.3771;67.1373;13.6;0.6;0.35;Dra;
NGC6680;NGC6680;Galaxie;279.9332;22.3164;15.38;0.63;0.41;Her;
NGC6681;NGC6681;Amas globulaire;280.8027;-32.2919;9.06;6.6;6.6;Sgr;
NGC6682;NGC6682;Amas ouvert;279.9057;-4.8137;;4.5;4.5;Sct;
NGC6683;NGC6683;Amas ouvert;280.5582;-6.2123;9.4;3;3;Sct;
NGC6684;NGC6684;Galaxie;282.2412;-65.1734;10.5;4.19;2.96;Pav;
NGC6684A;NGC6684A;Galaxie;283.095;-64.8315;13.22;1.95;1.34;Pav;
NGC6685;NGC6685;Galaxie;279.9943;39.9818;14.59;0.95;0.7;Lyr;
NGC6686;NGC6686;Galaxie;280.0293;40.1376;14.75;0.63;0.56;Lyr;
NGC6687;NGC6687;Galaxie;279.3421;59.643;14.83;1.25;0.94;Dra;
NGC6688;NGC6688;Galaxie;280.1672;36.2896;13.85;1.64;1.59;Lyr;
NGC6689;NGC6689;Galaxie;278.7094;70.5239;12.28;3.29;0.91;Dra;
NGC6691;NGC6691;Galaxie;279.801;55.6418;12.9;1.47;1.37;Dra;
NGC6692;NGC6692;Galaxie;280.4229;34.8436;14.3;1.05;0.55;Lyr;
NGC6694;NGC6694;Amas ouvert;281.3278;-9.3836;8.87;6;6;Sct;
NGC6695;NGC6695;Galaxie;280.6781;40.3669;13.49;1.21;0.67;Lyr;
NGC6696;NGC6696;Galaxie;280.021;59.334;16.01;0.91;0.23;Dra;
NGC6697;NGC6697;Galaxie;281.3123;25.5126;14.46;1.19;0.95;Her;
NGC6698;NGC6698;Amas ouvert;282.0209;-25.4772;;4.98;4.98;Sgr;
NGC6699;NGC6699;Galaxie;283.0085;-57.3208;12.21;1.74;1.71;Pav;
NGC6700;NGC6700;Galaxie;281.5183;32.2796;14.12;1.52;1.01;Lyr;
NGC6701;NGC6701;Galaxie;280.8019;60.6533;12.82;1.42;1.36;Dra;
NGC6702;NGC6702;Galaxie;281.7399;45.7057;12.24;1.64;1.42;Lyr;
NGC6703;NGC6703;Galaxie;281.8285;45.5506;11.38;2.43;2.38;Lyr;
NGC6704;NGC6704;Amas ouvert;282.6907;-5.2054;9.2;3.3;3.3;Sct;
NGC6705;NGC6705;Amas ouvert;282.775;-6.27;5.8;9;9;Sct;Amas de l'Ecu de Sobieski
NGC6706;NGC6706;Galaxie;284.2127;-63.1662;14.03;1.7;0.77;Pav;
NGC6707;NGC6707;Galaxie;283.8419;-53.8184;12.62;2.62;1.05;Tel;
NGC6708;NGC6708;Galaxie;283.8985;-53.7234;12.93;1.16;0.86;Tel;
NGC6709;NGC6709;Amas ouvert;282.8289;10.3187;6.7;8.7;8.7;Aql;
NGC6710;NGC6710;Galaxie;282.6423;26.8384;13.06;1.68;0.93;Lyr;
NGC6711;NGC6711;Galaxie;282.2537;47.6581;12.94;1.03;0.94;Dra;
NGC6712;NGC6712;Amas globulaire;283.2704;-8.7055;8.69;5.7;5.7;Sct;
NGC6713;NGC6713;Galaxie;282.6857;33.9598;14.21;0.48;0.44;Lyr;
NGC6714;NGC6714;Amas ouvert;281.7083;66.745;;;;Dra;
NGC6715;NGC6715;Amas globulaire;283.7636;-30.4785;7.7;5.1;5.1;Sgr;
NGC6716;NGC6716;Amas ouvert;283.6432;-19.9011;7.5;7.2;7.2;Sgr;
NGC6717;NGC6717;Amas globulaire;283.7752;-22.7016;10.35;3.9;3.9;Sgr;
NGC6718;NGC6718;Galaxie;285.3693;-66.1102;14.17;1.48;0.74;Pav;
NGC6719;NGC6719;Galaxie;285.7812;-68.5884;13.5;1.66;0.84;Pav;
NGC6720;NGC6720;Nebuleuse;283.3959;33.0286;8.8;1.27;1.27;Lyr;Ring Nebula
NGC6721;NGC6721;Galaxie;285.2117;-57.7594;12.04;1.9;1.58;Pav;
NGC6722;NGC6722;Galaxie;285.9182;-64.8945;13.57;2.93;0.51;Pav;
NGC6723;NGC6723;Amas globulaire;284.8881;-36.6315;;9.3;9.3;Sgr;
NGC6724;NGC6724;Amas ouvert;284.1953;10.4286;;3.18;3.18;Aql;
NGC6725;NGC6725;Galaxie;285.4859;-53.8631;12.45;2.65;0.52;Tel;
NGC6726;NGC6726;Nebuleuse;285.4137;-36.8913;;9;7;CrA;
NGC6727;NGC6727;Nebuleuse;285.4261;-36.8762;;80;80;CrA;
NGC6728;NGC6728;Amas ouvert;284.6877;-8.966;;4.5;4.5;Sct;
NGC6729;NGC6729;Nebuleuse;285.4808;-36.9576;;25;20;CrA;
NGC6730;NGC6730;Galaxie;286.8902;-68.9128;12.06;2.2;1.83;Pav;
NGC6731;NGC6731;Autre;284.3061;43.0768;;;;Lyr;
NGC6732;NGC6732;Galaxie;284.1001;52.3776;14.37;0.94;0.68;Dra;
NGC6733;NGC6733;Galaxie;286.5443;-62.1969;13.44;1.96;1.39;Pav;
NGC6734;NGC6734;Galaxie;286.8097;-65.4619;13.76;1.38;0.9;Pav;
NGC6735;NGC6735;Amas ouvert;285.1557;-0.4754;;5.1;5.1;Aql;
NGC6736;NGC6736;Galaxie;286.8719;-65.4286;14.32;1.11;0.88;Pav;
NGC6737;NGC6737;Amas ouvert;285.5728;-18.547;;6.6;6.6;Sgr;
NGC6738;NGC6738;Amas ouvert;285.3398;11.6156;8.3;5.4;5.4;Aql;
NGC6739;NGC6739;Galaxie;286.9532;-61.3681;12.14;2.65;0.89;Pav;
NGC6740;NGC6740;Galaxie;285.2105;28.7712;15.5;1.09;0.76;Lyr;
NGC6741;NGC6741;Nebuleuse;285.6542;-0.4494;11.5;0.13;0.13;Aql;Phantom Streak Nebula
NGC6742;NGC6742;Nebuleuse;284.8329;48.4653;13.4;0.55;0.55;Dra;
NGC6743;NGC6743;Amas ouvert;285.3361;29.2775;8.2;6.9;6.9;Lyr;
NGC6744;NGC6744;Galaxie;287.4421;-63.8575;9.25;15.67;9.75;Pav;
NGC6744A;NGC6744A;Galaxie;287.1823;-63.7305;15.15;1.64;0.6;Pav;
NGC6745;NGC6745;Galaxie;285.4237;40.7531;;2.3;2.3;Lyr;
NGC6745 NED01;NGC6745 NED01;Galaxie;285.4227;40.7479;13.22;0.95;0.46;Lyr;
NGC6745 NED02;NGC6745 NED02;Galaxie;285.4239;40.76;16.93;0.69;0.22;Lyr;
NGC6745 NED03;NGC6745 NED03;Galaxie;285.4249;40.7514;;0.33;0.18;Lyr;
NGC6746;NGC6746;Galaxie;287.5917;-61.9702;13.69;1.56;1.09;Pav;
NGC6747;NGC6747;Galaxie;283.8402;72.7715;14.97;0.65;0.5;Dra;
NGC6749;NGC6749;Amas globulaire;286.315;1.9006;12.4;5.1;5.1;Aql;
NGC6750;NGC6750;Galaxie;285.1505;59.1668;13.64;1.08;0.69;Dra;
NGC6751;NGC6751;Nebuleuse;286.4815;-5.9923;11.9;0.34;0.34;Aql;
NGC6752;NGC6752;Amas globulaire;287.7158;-59.9819;6.28;13.2;13.2;Pav;
NGC6753;NGC6753;Galaxie;287.8485;-57.0496;11.04;2.97;2.6;Pav;
NGC6754;NGC6754;Galaxie;287.8572;-50.6418;12.22;2.02;1.08;Tel;
NGC6755;NGC6755;Amas ouvert;286.9544;4.2664;7.5;6;6;Aql;
NGC6756;NGC6756;Amas ouvert;287.1774;4.7058;10.6;3.6;3.6;Aql;
NGC6757;NGC6757;Galaxie;286.2641;55.7152;13.91;1.71;1.15;Dra;
NGC6758;NGC6758;Galaxie;288.4681;-56.3099;11.39;2.75;2.14;Tel;
NGC6759;NGC6759;Galaxie;286.7368;50.3442;15.12;0.97;0.67;Dra;
NGC6760;NGC6760;Amas globulaire;287.8003;1.0305;9.78;5.4;5.4;Aql;
NGC6761;NGC6761;Galaxie;288.77;-50.6568;13.36;1.63;1.42;Tel;
NGC6762;NGC6762;Galaxie;286.4045;63.934;14.12;1.55;0.34;Dra;
NGC6764;NGC6764;Galaxie;287.0682;50.9332;13.63;2.49;1.22;Cyg;
NGC6765;NGC6765;Nebuleuse;287.7771;30.5456;12.9;0.67;0.67;Lyr;
NGC6767;NGC6767;Autre;287.8913;37.7254;;;;Lyr;
NGC6768;NGC6768;Galaxie;289.1358;-40.2092;13.7;1.26;1;CrA;
NGC6769;NGC6769;Galaxie;289.5945;-60.5011;11.77;2.86;2.19;Pav;
NGC6770;NGC6770;Galaxie;289.6555;-60.4965;11.86;2.39;1.72;Pav;
NGC6771;NGC6771;Galaxie;289.6646;-60.546;12.52;2.38;0.54;Pav;
NGC6772;NGC6772;Nebuleuse;288.6513;-2.7068;12.7;1.07;1.07;Aql;
NGC6773;NGC6773;Amas ouvert;288.7852;4.8566;;;;Aql;
NGC6774;NGC6774;Amas ouvert;289.0679;-16.2607;;30;30;Sgr;
NGC6775;NGC6775;Amas ouvert;289.1786;-0.9334;;4.8;4.8;Aql;
NGC6776;NGC6776;Galaxie;291.3298;-63.8602;12.07;2;1.62;Pav;
NGC6776A;NGC6776A;Galaxie;291.2724;-63.6834;14.86;1.44;0.36;Pav;
NGC6778;NGC6778;Nebuleuse;289.6035;-1.5964;12.3;0.26;0.26;Aql;
NGC6779;NGC6779;Amas globulaire;289.148;30.1845;8.4;5.8;5.8;Lyr;
NGC6780;NGC6780;Galaxie;290.712;-55.7758;12.73;2.01;1.55;Tel;
NGC6781;NGC6781;Nebuleuse;289.6178;6.5397;11.4;1.8;1.8;Aql;
NGC6782;NGC6782;Galaxie;290.9913;-59.9225;11.98;2.45;1.49;Pav;
NGC6783;NGC6783;Galaxie;289.1984;46.0172;15.2;0.66;0.62;Cyg;
NGC6784;NGC6784;Galaxie;291.65;-65.6177;14.85;1.04;0.56;Pav;
NGC6784A;NGC6784A;Galaxie;291.6299;-65.6261;15.03;0.95;0.54;Pav;
NGC6786;NGC6786;Galaxie;287.7246;73.4102;13.8;0.81;0.48;Dra;
NGC6787;NGC6787;Galaxie;289.0441;60.4175;14.87;0.8;0.74;Dra;
NGC6788;NGC6788;Galaxie;291.7073;-54.9513;12.05;3.2;1.05;Tel;
NGC6789;NGC6789;Galaxie;289.1757;63.9715;13.54;0.97;0.84;Dra;
NGC6790;NGC6790;Nebuleuse;290.7371;1.5133;10.5;0.12;0.12;Aql;
NGC6791;NGC6791;Amas ouvert;290.2217;37.7719;9.5;6.3;6.3;Lyr;
NGC6792;NGC6792;Galaxie;290.2392;43.1325;13.29;2.08;1.11;Lyr;
NGC6793;NGC6793;Amas ouvert;290.81;22.141;;8.1;8.1;Vul;
NGC6794;NGC6794;Galaxie;292.0162;-38.9187;12.88;1.51;1.26;Sgr;
NGC6795;NGC6795;Amas ouvert;291.5917;3.5144;;;;Aql;
NGC6796;NGC6796;Galaxie;290.3786;61.1449;12.65;1.73;0.4;Dra;
NGC6797;NGC6797;Autre;292.2531;-25.6666;;;;Sgr;
NGC6798;NGC6798;Galaxie;291.0132;53.6248;14.45;1.78;0.8;Cyg;
NGC6799;NGC6799;Galaxie;293.0689;-55.9079;13.51;1.83;1.36;Tel;
NGC6800;NGC6800;Amas ouvert;291.782;25.1405;;6;6;Vul;
NGC6801;NGC6801;Galaxie;291.8992;54.3729;14.72;1.36;0.71;Cyg;
NGC6802;NGC6802;Amas ouvert;292.646;20.261;8.8;4.5;4.5;Vul;
NGC6803;NGC6803;Nebuleuse;292.8185;10.056;11.4;0.09;0.09;Aql;
NGC6804;NGC6804;Nebuleuse;292.8975;9.2252;12;0.58;0.58;Aql;
NGC6805;NGC6805;Galaxie;294.1905;-37.5544;14.31;1.16;1.03;Sgr;
NGC6806;NGC6806;Galaxie;294.271;-42.2963;13.19;1.22;0.96;Sgr;
NGC6807;NGC6807;Nebuleuse;293.6396;5.6842;12;0.03;0.03;Aql;
NGC6808;NGC6808;Galaxie;295.975;-70.6334;12.9;0.8;0.25;Pav;
NGC6809;NGC6809;Amas globulaire;294.9975;-30.9621;6.49;12;12;Sgr;
NGC6810;NGC6810;Galaxie;295.8927;-58.6556;11.42;3.79;1.05;Pav;
NGC6811;NGC6811;Amas ouvert;294.3246;46.3888;6.8;7.2;7.2;Cyg;
NGC6812;NGC6812;Galaxie;296.3509;-55.3468;13.57;1.75;1.12;Tel;
NGC6813;NGC6813;Nebuleuse;295.0935;27.3096;;3;3;Vul;
NGC6814;NGC6814;Galaxie;295.6693;-10.3235;11.32;3.08;0.74;Aql;
NGC6815;NGC6815;Amas ouvert;295.1846;26.759;;;;Vul;
NGC6816;NGC6816;Galaxie;296.0093;-28.4008;12.87;1.72;1.4;Sgr;
NGC6817;NGC6817;Galaxie;294.3433;62.3831;;0.9;0.9;Dra;
NGC6817 NED01;NGC6817 NED01;Galaxie;294.3385;62.3827;16.34;0.26;0.18;Dra;
NGC6817 NED02;NGC6817 NED02;Galaxie;294.3474;62.3836;15.57;0.66;0.55;Dra;
NGC6818;NGC6818;Nebuleuse;295.9905;-14.1532;9.3;0.77;0.77;Sgr;Little Gem Nebula
NGC6819;NGC6819;Amas ouvert;295.3254;40.1867;7.3;6.9;6.9;Cyg;Foxhead Cluster
NGC6820;NGC6820;Nebuleuse;295.6167;23.0881;15;0.5;0.5;Vul;
NGC6821;NGC6821;Galaxie;296.1003;-6.8334;13.07;1.03;0.93;Aql;
NGC6822;NGC6822;Galaxie;296.2406;-14.8034;10.05;17.38;16.75;Sgr;Barnard's Galaxy
NGC6823;NGC6823;Amas ouvert;295.7912;23.2999;7.1;6;6;Vul;
NGC6824;NGC6824;Galaxie;295.9196;56.1095;11.76;1.91;1.39;Cyg;
NGC6825;NGC6825;Galaxie;295.4783;64.0731;15.3;0.72;0.32;Dra;
NGC6826;NGC6826;Nebuleuse;296.2005;50.525;9.44;0.42;0.42;Cyg;Blinking Planetary
NGC6827;NGC6827;Amas ouvert;297.2227;21.2151;;2.1;2.1;Vul;
NGC6828;NGC6828;Amas ouvert;297.5734;7.9026;;6;6;Aql;
NGC6829;NGC6829;Galaxie;296.7815;59.9071;14.92;1.49;0.35;Dra;
NGC6830;NGC6830;Amas ouvert;297.7482;23.1001;7.9;4.2;4.2;Vul;
NGC6831;NGC6831;Galaxie;296.9887;59.8925;14.55;1.29;1.17;Dra;
NGC6832;NGC6832;Amas ouvert;297.0636;59.4212;;3.3;3.3;Cyg;
NGC6833;NGC6833;Nebuleuse;297.4442;48.9611;12.1;0.03;0.03;Cyg;
NGC6834;NGC6834;Amas ouvert;298.0523;29.4082;7.8;4.5;4.5;Cyg;
NGC6835;NGC6835;Galaxie;298.6373;-12.5676;12.46;2.74;0.61;Sgr;
NGC6836;NGC6836;Galaxie;298.6669;-12.6879;13.01;1.42;1.11;Sgr;
NGC6837;NGC6837;Amas ouvert;298.286;11.699;;3;3;Aql;
NGC6838;NGC6838;Amas globulaire;298.4421;18.7784;6.1;6.9;6.9;Sge;
NGC6839;NGC6839;Autre;298.5;18.0033;;;;Sge;
NGC6840;NGC6840;Amas ouvert;298.8177;12.1146;;4.5;4.5;Aql;
NGC6841;NGC6841;Galaxie;299.4544;-31.8107;12.59;1.63;1.46;Sgr;
NGC6842;NGC6842;Nebuleuse;298.7594;29.2892;13.1;0.95;0.95;Vul;
NGC6843;NGC6843;Amas ouvert;299.0259;12.1638;;3.6;3.6;Aql;
NGC6844;NGC6844;Galaxie;300.7089;-65.2299;13.58;1.26;0.97;Pav;
NGC6845;NGC6845;Galaxie;300.2428;-47.07;;4.1;4.1;Tel;
NGC6845A;NGC6845A;Galaxie;300.2434;-47.0703;13.22;1.08;0.61;Tel;
NGC6845B;NGC6845B;Galaxie;300.2721;-47.0591;13.89;0.78;0.6;Tel;
NGC6845C;NGC6845C;Galaxie;300.2367;-47.0842;15.43;0.94;0.31;Tel;
NGC6845D;NGC6845D;Galaxie;300.2233;-47.0952;14.68;0.79;0.22;Tel;
NGC6846;NGC6846;Amas ouvert;299.1172;32.3497;14.2;2.4;2.4;Cyg;
NGC6847;NGC6847;Amas ouvert;299.1576;30.2129;;10;10;Cyg;
NGC6848;NGC6848;Galaxie;300.6969;-56.0903;13.35;2.34;1.38;Tel;
NGC6849;NGC6849;Galaxie;301.5651;-40.1983;12.12;2.15;1.42;Sgr;
NGC6850;NGC6850;Galaxie;300.8754;-54.8448;13.07;2.03;1.09;Tel;
NGC6851;NGC6851;Galaxie;300.8932;-48.2845;11.84;2.18;1.7;Tel;
NGC6851A;NGC6851A;Galaxie;301.4521;-47.9783;14.89;1.35;0.7;Tel;
NGC6851B;NGC6851B;Galaxie;301.4164;-47.9791;14.81;1.12;0.18;Tel;
NGC6852;NGC6852;Nebuleuse;300.1632;1.7281;12.6;0.47;0.47;Aql;
NGC6853;NGC6853;Nebuleuse;299.9016;22.721;7.4;6.7;6.7;Vul;Dumbbell Nebula
NGC6854;NGC6854;Galaxie;301.4117;-54.3756;12.35;2.28;1.62;Tel;
NGC6855;NGC6855;Galaxie;301.708;-56.3899;13.85;1.27;0.95;Tel;
NGC6856;NGC6856;Amas ouvert;299.8214;56.1309;;3;3;Cyg;
NGC6857;NGC6857;Nebuleuse;300.4505;33.5259;11.4;0.63;0.63;Cyg;
NGC6858;NGC6858;Amas ouvert;300.7475;11.2594;;4.2;4.2;Aql;
NGC6859;NGC6859;Autre;300.9563;0.4446;;;;Aql;
NGC6860;NGC6860;Galaxie;302.1954;-61.1002;13.53;1.31;0.75;Pav;
NGC6861;NGC6861;Galaxie;301.8312;-48.3702;11.04;3.18;2.36;Tel;
NGC6861B;NGC6861B;Galaxie;301.5226;-48.4744;15.12;1.21;0.4;Tel;
NGC6861C;NGC6861C;Galaxie;301.6712;-48.6498;15.09;1.11;0.42;Tel;
NGC6861D;NGC6861D;Galaxie;302.0812;-48.2114;11.94;2.36;0.85;Tel;
NGC6861E;NGC6861E;Galaxie;302.7563;-48.6906;15.11;1.48;0.31;Tel;
NGC6861F;NGC6861F;Galaxie;302.7992;-48.2758;15.26;1.82;0.35;Tel;
NGC6862;NGC6862;Galaxie;302.2274;-56.3918;12.74;1.43;1.32;Tel;
NGC6863;NGC6863;Autre;301.2805;-3.5551;;;;Aql;
NGC6864;NGC6864;Amas globulaire;301.5202;-21.9222;8.26;3.6;3.6;Sgr;
NGC6865;NGC6865;Galaxie;301.4853;-9.0409;14.74;0.63;0.48;Aql;
NGC6866;NGC6866;Amas ouvert;300.9799;44.1591;7.6;5.1;5.1;Cyg;
NGC6867;NGC6867;Galaxie;302.6236;-54.7833;13.93;1.61;0.55;Tel;
NGC6868;NGC6868;Galaxie;302.4753;-48.3796;10.59;3.58;3.13;Tel;
NGC6869;NGC6869;Galaxie;300.1767;66.2275;12.23;1.44;1.44;Dra;
NGC6870;NGC6870;Galaxie;302.5453;-48.2871;11.94;2.56;1.08;Tel;
NGC6871;NGC6871;Amas ouvert;301.4977;35.7773;5.2;9.3;9.3;Cyg;
NGC6872;NGC6872;Galaxie;304.2357;-70.7679;11.64;4.7;1.8;Pav;
NGC6873;NGC6873;Amas ouvert;301.8079;21.1023;;3;3;Sge;
NGC6874;NGC6874;Amas ouvert;301.8878;38.2461;;;;Cyg;
NGC6875;NGC6875;Galaxie;303.302;-46.1616;12.03;2.15;1.3;Tel;
NGC6875A;NGC6875A;Galaxie;302.9828;-46.1441;13.95;2.97;0.61;Tel;
NGC6876;NGC6876;Galaxie;304.5798;-70.8588;10.83;3.46;3;Pav;
NGC6876A;NGC6876A;Galaxie;302.8202;-71.0129;14.86;1.38;0.46;Pav;
NGC6877;NGC6877;Galaxie;304.6508;-70.8531;12.23;2.38;1.14;Pav;
NGC6878;NGC6878;Galaxie;303.4718;-44.5267;12.42;1.61;1.26;Sgr;
NGC6878A;NGC6878A;Galaxie;303.4;-44.8162;13.25;1.87;0.86;Sgr;
NGC6879;NGC6879;Nebuleuse;302.6108;16.9228;12.5;0.08;0.08;Sge;
NGC6880;NGC6880;Galaxie;304.8735;-70.8599;13.35;2.46;1.06;Pav;
NGC6881;NGC6881;Nebuleuse;302.7188;37.4114;13.9;0.07;0.07;Cyg;
NGC6882;NGC6882;Amas ouvert;302.9828;26.4888;14.1;7.5;7.5;Vul;
NGC6883;NGC6883;Amas ouvert;302.8323;35.8322;8;4.5;4.5;Cyg;
NGC6884;NGC6884;Nebuleuse;302.5987;46.4608;10.9;0.1;0.1;Cyg;
NGC6886;NGC6886;Nebuleuse;303.1788;19.9897;11.4;0.09;0.09;Sge;
NGC6887;NGC6887;Galaxie;304.322;-52.7967;12.08;3.44;1.18;Tel;
NGC6888;NGC6888;Nebuleuse;303.0273;38.3549;7.44;20;10;Cyg;Crescent Nebula
NGC6889;NGC6889;Galaxie;304.7218;-53.9571;13.71;1.71;1.08;Tel;
NGC6890;NGC6890;Galaxie;304.5754;-44.8067;12.65;1.59;1.27;Sgr;
NGC6891;NGC6891;Nebuleuse;303.7868;12.7044;10.5;0.25;0.25;Del;
NGC6892;NGC6892;Autre;304.2385;18.0197;;;;Sge;
NGC6893;NGC6893;Galaxie;305.2068;-48.2391;11.71;2.87;1.78;Tel;
NGC6894;NGC6894;Nebuleuse;304.1002;30.5651;12.3;0.67;0.67;Cyg;
NGC6895;NGC6895;Amas ouvert;304.1348;50.2405;;5.1;5.1;Cyg;
NGC6896;NGC6896;Autre;304.5149;30.6401;;;;Cyg;
NGC6897;NGC6897;Galaxie;305.2553;-12.2547;14.57;0.94;0.6;Cap;
NGC6898;NGC6898;Galaxie;305.2835;-12.3589;14.04;1.03;0.94;Cap;
NGC6899;NGC6899;Galaxie;306.0927;-50.4339;12.85;1.79;0.89;Tel;
NGC6900;NGC6900;Galaxie;305.3963;-2.5692;14.67;0.94;0.74;Aql;
NGC6901;NGC6901;Galaxie;305.5896;6.4299;14.83;1.25;0.49;Aql;
NGC6902;NGC6902;Galaxie;306.1172;-43.6535;11.48;2.69;2.11;Sgr;
NGC6902A;NGC6902A;Galaxie;305.749;-44.2715;14.59;0.98;0.74;Sgr;
NGC6902B;NGC6902B;Galaxie;305.7794;-43.8686;13.8;1.32;1.2;Sgr;
NGC6903;NGC6903;Galaxie;305.9369;-19.3254;12.9;2.24;2.04;Cap;
NGC6904;NGC6904;Amas ouvert;305.4506;25.7415;;4.2;4.2;Vul;
NGC6905;NGC6905;Nebuleuse;305.5958;20.1045;11.1;0.67;0.67;Del;Blue Flash Nebula
NGC6906;NGC6906;Galaxie;305.8913;6.4437;12.56;1.12;0.48;Aql;
NGC6907;NGC6907;Galaxie;306.2776;-24.8092;11.16;3.33;2.68;Cap;
NGC6908;NGC6908;Galaxie;306.2874;-24.8011;12.31;1.87;1.01;Cap;
NGC6909;NGC6909;Galaxie;306.912;-47.027;11.99;2.36;1.29;Tel;
NGC6910;NGC6910;Amas ouvert;305.8002;40.7786;7.4;6.3;6.3;Cyg;
NGC6911;NGC6911;Galaxie;304.9097;66.7283;15.6;1.84;1.01;Dra;
NGC6912;NGC6912;Galaxie;306.717;-18.6173;13.22;1.3;1.03;Cap;
NGC6913;NGC6913;Amas ouvert;305.9907;38.5077;6.6;3.6;3.6;Cyg;
NGC6914;NGC6914;Nebuleuse;306.1804;42.4826;;3;3;Cyg;
NGC6915;NGC6915;Galaxie;306.9419;-3.0771;13.77;1.65;1.15;Aql;
NGC6916;NGC6916;Galaxie;305.8878;58.3441;15.21;1.64;1.11;Cyg;
NGC6917;NGC6917;Galaxie;306.8682;8.0981;14.24;1.11;0.45;Del;
NGC6918;NGC6918;Galaxie;307.6963;-47.4737;14.47;0.99;0.76;Ind;
NGC6919;NGC6919;Galaxie;307.9088;-44.2164;13.11;1.39;1.11;Mic;
NGC6920;NGC6920;Galaxie;310.9892;-80.0008;11.97;2.3;1.86;Oct;
NGC6921;NGC6921;Galaxie;307.1202;25.7234;13.44;1.08;0.35;Vul;
NGC6922;NGC6922;Galaxie;307.4704;-2.1912;13.6;1.17;0.92;Aql;
NGC6923;NGC6923;Galaxie;307.9128;-30.8319;12.01;2.54;1.24;Mic;
NGC6924;NGC6924;Galaxie;308.3301;-25.4744;12.79;1.7;1.45;Cap;
NGC6925;NGC6925;Galaxie;308.5857;-31.9809;11.35;4.68;1.16;Mic;
NGC6926;NGC6926;Galaxie;308.2755;-2.0275;13.43;1.33;0.37;Aql;
NGC6927;NGC6927;Galaxie;308.1592;9.9164;14.46;0.6;0.2;Del;
NGC6927A;NGC6927A;Galaxie;308.1529;9.8839;17;0.38;0.13;Del;
NGC6928;NGC6928;Galaxie;308.2093;9.9264;12.61;2.08;0.51;Del;
NGC6929;NGC6929;Galaxie;308.3403;-2.0372;13.71;0.43;0.33;Aql;
NGC6930;NGC6930;Galaxie;308.245;9.8744;12.9;1.43;0.46;Del;
NGC6931;NGC6931;Galaxie;308.4223;-11.3689;14;1.27;0.46;Cap;
NGC6932;NGC6932;Galaxie;310.5358;-73.6194;13.3;2.45;1.44;Pav;
NGC6933;NGC6933;Autre;308.4091;7.3873;11.61;;;Del;
NGC6934;NGC6934;Amas globulaire;308.5479;7.4041;9.75;5.4;5.4;Del;
NGC6935;NGC6935;Galaxie;309.5842;-52.1104;12;2.18;1.91;Ind;
NGC6936;NGC6936;Galaxie;308.9846;-25.28;13.96;1.82;0.91;Cap;
NGC6937;NGC6937;Galaxie;309.691;-52.1433;12.87;2.55;1.69;Ind;
NGC6938;NGC6938;Amas ouvert;308.677;22.2146;;5.4;5.4;Vul;
NGC6939;NGC6939;Amas ouvert;307.8755;60.6621;7.8;12;12;Cep;
NGC6940;NGC6940;Amas ouvert;308.6112;28.2827;6.3;10.8;10.8;Vul;
NGC6941;NGC6941;Galaxie;309.0978;-4.6188;14.17;1.73;1.2;Aql;
NGC6942;NGC6942;Galaxie;310.1577;-54.3031;11.97;2.24;1.71;Ind;
NGC6943;NGC6943;Galaxie;311.1406;-68.7477;11.39;3.75;2.22;Pav;
NGC6944;NGC6944;Galaxie;309.5994;6.9964;13.68;1.12;0.79;Del;
NGC6944A;NGC6944A;Galaxie;309.5471;6.9027;14.92;0.97;0.69;Del;
NGC6945;NGC6945;Galaxie;309.7526;-4.9726;15.2;1.58;1.01;Aqr;
NGC6946;NGC6946;Galaxie;308.718;60.1539;9.05;11.4;10.84;Cyg;Fireworks Galaxy
NGC6947;NGC6947;Galaxie;310.313;-32.4864;13.43;1.74;0.69;Mic;
NGC6948;NGC6948;Galaxie;310.8714;-53.3567;13.8;2;0.95;Ind;
NGC6949;NGC6949;Galaxie;308.7788;64.8028;14.5;1.31;1.05;Cep;
NGC6950;NGC6950;Amas ouvert;310.2733;16.6222;;4.5;4.5;Del;
NGC6951;NGC6951;Galaxie;309.3087;66.1056;12.41;3.19;2.09;Cep;
NGC6953;NGC6953;Autre;309.4426;65.7649;;;;Cep;
NGC6954;NGC6954;Galaxie;311.0133;3.2094;13.17;1.27;0.8;Del;
NGC6955;NGC6955;Galaxie;311.0749;2.5948;15.27;1.27;0.98;Del;
NGC6956;NGC6956;Galaxie;310.9738;12.5119;13.4;1.75;1.37;Del;
NGC6957;NGC6957;Galaxie;311.1982;2.5812;15.28;0.62;0.57;Del;
NGC6958;NGC6958;Galaxie;312.1775;-37.9974;11.4;2.44;1.88;Mic;
NGC6959;NGC6959;Galaxie;311.7802;0.4302;14.74;0.5;0.34;Aqr;
NGC6960;NGC6960;Nebuleuse;311.4924;30.5951;7;210;160;Cyg;Veil Nebula
NGC6961;NGC6961;Galaxie;311.7938;0.3633;15.12;0.76;0.73;Aqr;
NGC6962;NGC6962;Galaxie;311.8294;0.3208;11.89;2.7;2;Aqr;
NGC6963;NGC6963;Autre;311.8311;0.5106;15.2;;;Aqr;
NGC6964;NGC6964;Galaxie;311.8513;0.3008;12.95;1.68;1.26;Aqr;
NGC6965;NGC6965;Galaxie;311.8349;0.4841;13.68;0.73;0.63;Aqr;
NGC6966;NGC6966;Autre;311.8615;0.3677;;;;Aqr;
NGC6967;NGC6967;Galaxie;311.8921;0.4116;13.01;1.19;0.71;Aqr;
NGC6968;NGC6968;Galaxie;312.1353;-8.3603;13.97;1.97;1.18;Aqr;
NGC6969;NGC6969;Galaxie;312.1151;7.74;13.52;1.21;0.37;Del;
NGC6970;NGC6970;Galaxie;313.0394;-48.7778;12.62;1.54;0.87;Ind;
NGC6971;NGC6971;Galaxie;312.349;5.9956;14.74;1.05;0.87;Del;
NGC6972;NGC6972;Galaxie;312.4956;9.8991;14.02;1.23;0.49;Del;
NGC6973;NGC6973;Autre;313.0247;-5.8952;;;;Aqr;
NGC6974;NGC6974;Nebuleuse;312.768;31.8281;;;;Cyg;
NGC6975;NGC6975;Galaxie;313.1085;-5.7723;14.8;1.02;0.92;Aqr;
NGC6977;NGC6977;Galaxie;313.1238;-5.7461;14.12;1.25;0.93;Aqr;
NGC6978;NGC6978;Galaxie;313.1476;-5.7111;14.08;1.51;0.57;Aqr;
NGC6979;NGC6979;Nebuleuse;312.6167;32.0259;;7;3;Cyg;
NGC6980;NGC6980;Autre;313.2039;-5.8379;;;;Aqr;
NGC6981;NGC6981;Amas globulaire;313.3663;-12.5371;8.96;4.5;4.5;Aqr;
NGC6982;NGC6982;Galaxie;314.3266;-51.8623;13.66;1;0.49;Ind;
NGC6983;NGC6983;Galaxie;314.181;-43.986;14.25;0.85;0.66;Mic;
NGC6984;NGC6984;Galaxie;314.4749;-51.8708;12.73;1.8;1.16;Ind;
NGC6985;NGC6985;Galaxie;311.2624;-11.1042;14.78;1.25;0.51;Aqr;
NGC6985A;NGC6985A;Galaxie;311.2553;-11.1077;15.46;1.02;0.44;Aqr;
NGC6986;NGC6986;Galaxie;314.1277;-18.5666;14.72;0.98;0.64;Cap;
NGC6987;NGC6987;Galaxie;314.5432;-48.6303;12.45;2.03;1.63;Ind;
NGC6988;NGC6988;Galaxie;313.954;10.5079;14.81;0.68;0.59;Del;
NGC6989;NGC6989;Amas ouvert;313.5288;45.2393;;5.4;5.4;Cyg;
NGC6990;NGC6990;Galaxie;314.9872;-55.562;14;1.24;0.56;Ind;
NGC6991;NGC6991;Amas ouvert;313.7167;47.4617;;23;23;Cyg;
NGC6992;NGC6992;Nebuleuse;314.0795;31.7428;7;60;8;Cyg;Eastern Veil
NGC6993;NGC6993;Galaxie;313.4752;-25.4725;14.03;1.47;1.17;Cap;
NGC6994;NGC6994;Autre;314.7332;-12.6355;8.9;;;Aqr;
NGC6995;NGC6995;Nebuleuse;314.2948;31.2352;7;12;12;Cyg;Eastern Veil
NGC6996;NGC6996;Amas ouvert;314.125;45.473;;;;Cyg;
NGC6997;NGC6997;Amas ouvert;314.1644;44.6315;10;6.9;6.9;Cyg;
NGC6998;NGC6998;Galaxie;315.407;-28.0319;14.06;0.94;0.89;Mic;
NGC6999;NGC6999;Galaxie;315.4981;-28.0589;14.91;1.21;0.99;Mic;
NGC7000;NGC7000;Nebuleuse;314.8214;44.5288;4;120;30;Cyg;North America Nebula
NGC7001;NGC7001;Galaxie;315.2823;-0.1952;12.93;1.38;1.03;Aqr;
NGC7002;NGC7002;Galaxie;315.9367;-49.0297;12.38;2.1;1.66;Ind;
NGC7003;NGC7003;Galaxie;315.1768;17.8049;13.75;0.99;0.66;Del;
NGC7004;NGC7004;Galaxie;316.0091;-49.1142;13.75;1.26;0.48;Ind;
NGC7005;NGC7005;Autre;315.4902;-12.8826;;;;Aqr;
NGC7006;NGC7006;Amas globulaire;315.3719;16.1875;10.46;4.2;4.2;Del;
NGC7007;NGC7007;Galaxie;316.3663;-52.552;11.95;3.39;1.23;Ind;
NGC7008;NGC7008;Nebuleuse;315.1367;54.5432;10.7;1.43;1.43;Cyg;
NGC7009;NGC7009;Nebuleuse;316.045;-11.3632;8;0.7;0.52;Aqr;Saturn Nebula
NGC7010;NGC7010;Galaxie;316.1646;-12.3384;14.77;2.18;1.12;Aqr;
NGC7011;NGC7011;Amas ouvert;315.4557;47.3543;;;;Cyg;
NGC7012;NGC7012;Galaxie;316.6897;-44.8147;13.68;1.65;0.81;Mic;
NGC7013;NGC7013;Galaxie;315.8899;29.8975;11.3;4.16;1.33;Cyg;
NGC7014;NGC7014;Galaxie;316.9674;-47.179;12.31;2.03;1.77;Ind;
NGC7015;NGC7015;Galaxie;316.4058;11.4142;12.53;1.7;1.51;Equ;
NGC7016;NGC7016;Galaxie;316.8178;-25.4689;14.85;1.02;0.86;Cap;
NGC7017;NGC7017;Galaxie;316.8355;-25.4869;14.93;0.85;0.6;Cap;
NGC7018;NGC7018;Galaxie;316.8556;-25.4277;16.8;0.93;0.59;Cap;
NGC7019;NGC7019;Galaxie;316.6072;-24.4127;15.09;0.74;0.39;Cap;
NGC7020;NGC7020;Galaxie;317.8337;-64.0253;11.74;4.1;1.67;Pav;
NGC7022;NGC7022;Galaxie;317.3968;-49.3037;14.06;1.52;1.08;Ind;
NGC7023;NGC7023;Nebuleuse;315.3984;68.1696;7.2;10;8;Cep;Iris Nebula
NGC7024;NGC7024;Amas ouvert;316.5338;41.4846;;4.92;4.92;Cyg;
NGC7025;NGC7025;Galaxie;316.9472;16.3359;13.99;2.02;1.32;Del;
NGC7026;NGC7026;Nebuleuse;316.577;47.8522;10.9;0.33;0.33;Cyg;
NGC7027;NGC7027;Nebuleuse;316.7564;42.2365;8.5;0.23;0.23;Cyg;
NGC7028;NGC7028;Galaxie;316.4585;18.4682;14.78;0.64;0.27;Del;
NGC7029;NGC7029;Galaxie;317.9669;-49.2837;11.67;2.75;1.57;Ind;
NGC7030;NGC7030;Galaxie;317.8055;-20.4859;14.58;0.86;0.65;Cap;
NGC7031;NGC7031;Amas ouvert;316.8023;50.8756;9.1;3.9;3.9;Cyg;
NGC7032;NGC7032;Galaxie;318.8453;-68.2879;13.63;1.17;0.99;Pav;
NGC7033;NGC7033;Galaxie;317.4011;15.1249;15.2;0.88;0.6;Peg;
NGC7034;NGC7034;Galaxie;317.4091;15.1507;15.19;0.96;0.7;Peg;
NGC7035;NGC7035;Galaxie;317.6933;-23.1358;15.41;1.2;1.2;Cap;
NGC7035A;NGC7035A;Galaxie;317.6894;-23.1351;15.6;0.89;0.65;Cap;
NGC7035B;NGC7035B;Galaxie;317.6971;-23.1371;15.39;1.23;0.91;Cap;
NGC7036;NGC7036;Amas ouvert;317.5516;15.3761;;4.5;4.5;Peg;
NGC7037;NGC7037;Amas ouvert;317.6905;33.7283;;6;6;Cyg;
NGC7038;NGC7038;Galaxie;318.7813;-47.2205;12.14;3.22;1.69;Ind;
NGC7039;NGC7039;Amas ouvert;317.6992;45.6218;7.6;7.8;7.8;Cyg;
NGC7040;NGC7040;Galaxie;318.3187;8.865;14.85;1.04;0.74;Equ;
NGC7041;NGC7041;Galaxie;319.1349;-48.3636;11.3;3.46;1.47;Ind;
NGC7042;NGC7042;Galaxie;318.4411;13.5749;12.9;1.78;1.56;Peg;
NGC7043;NGC7043;Galaxie;318.5174;13.626;14.86;0.82;0.64;Peg;
NGC7044;NGC7044;Amas ouvert;318.2892;42.4962;12;6;6;Cyg;
NGC7045;NGC7045;Autre;318.7086;4.5068;;;;Equ;
NGC7046;NGC7046;Galaxie;318.7335;2.8348;12.68;1.1;0.77;Equ;
NGC7047;NGC7047;Galaxie;319.1152;-0.8265;14.82;1.34;0.65;Aqr;
NGC7048;NGC7048;Nebuleuse;318.5633;46.2886;12.1;1.02;1.02;Cyg;
NGC7049;NGC7049;Galaxie;319.7512;-48.5622;10.55;3.94;2.69;Ind;
NGC7050;NGC7050;Amas ouvert;318.7856;36.1752;;3.6;3.6;Cyg;
NGC7051;NGC7051;Galaxie;319.9639;-8.7829;13.68;1.25;0.92;Aqr;
NGC7052;NGC7052;Galaxie;319.6377;26.447;13.09;1.82;0.9;Vul;
NGC7053;NGC7053;Galaxie;320.2817;23.0848;14.17;1.57;1.47;Peg;
NGC7055;NGC7055;Amas ouvert;319.8755;57.5456;;3;3;Cep;
NGC7056;NGC7056;Galaxie;320.5315;18.6657;13.09;1.1;1.03;Peg;
NGC7057;NGC7057;Galaxie;321.2446;-42.4604;13.83;1.36;0.81;Mic;
NGC7058;NGC7058;Amas ouvert;320.4733;50.819;;5.1;5.1;Cyg;
NGC7059;NGC7059;Galaxie;321.8395;-60.0146;12.08;3.69;1.31;Pav;
NGC7060;NGC7060;Galaxie;321.4733;-42.4113;12.82;2.02;1.09;Mic;
NGC7061;NGC7061;Galaxie;321.8619;-49.0635;14.16;1.63;0.94;Ind;
NGC7062;NGC7062;Amas ouvert;320.8645;46.3785;8.3;3.6;3.6;Cyg;
NGC7063;NGC7063;Amas ouvert;321.0904;36.4875;7;6.3;6.3;Cyg;
NGC7064;NGC7064;Galaxie;322.2624;-52.7676;12.11;3.74;0.7;Ind;
NGC7065;NGC7065;Galaxie;321.6771;-6.9949;14.27;1;0.79;Aqr;
NGC7065A;NGC7065A;Galaxie;321.741;-7.0215;14.32;1.1;1.04;Aqr;
NGC7066;NGC7066;Galaxie;321.5583;14.1819;15.2;0.83;0.81;Peg;
NGC7067;NGC7067;Amas ouvert;321.0963;48.0093;9.7;2.4;2.4;Cyg;
NGC7068;NGC7068;Galaxie;321.6349;12.1843;14.76;0.76;0.33;Peg;
NGC7069;NGC7069;Galaxie;322.0245;-1.6469;14.62;1.15;0.7;Aqr;
NGC7070;NGC7070;Galaxie;322.6056;-43.0871;12.31;2.5;2.16;Gru;
NGC7070A;NGC7070A;Galaxie;322.947;-42.8477;12.34;2.21;1.7;Gru;
NGC7071;NGC7071;Amas ouvert;321.6639;47.9196;;;;Cyg;
NGC7072;NGC7072;Galaxie;322.6538;-43.1535;12.81;0.82;0.63;Gru;
NGC7072A;NGC7072A;Galaxie;322.607;-43.2026;13.87;0.8;0.61;Gru;
NGC7073;NGC7073;Galaxie;322.3584;-11.4881;14.49;0.92;0.81;Cap;
NGC7074;NGC7074;Galaxie;322.4118;6.6826;14.94;0.83;0.48;Peg;
NGC7075;NGC7075;Galaxie;322.8874;-38.6179;12.73;1.45;1.09;Gru;
NGC7076;NGC7076;Nebuleuse;321.5979;62.8925;13.5;0.93;0.93;Cep;
NGC7077;NGC7077;Galaxie;322.4984;2.4142;13.67;0.9;0.56;Aqr;
NGC7078;NGC7078;Amas globulaire;322.4932;12.1668;6.3;11.1;11.1;Peg;
NGC7079;NGC7079;Galaxie;323.1469;-44.0676;11.65;2.3;1.44;Gru;
NGC7080;NGC7080;Galaxie;322.5081;26.7178;12.38;1.63;1.54;Vul;
NGC7081;NGC7081;Galaxie;322.8505;2.4913;13.67;0.77;0.65;Aqr;
NGC7082;NGC7082;Amas ouvert;322.3239;47.1263;7.2;9;9;Cyg;
NGC7083;NGC7083;Galaxie;323.9362;-63.9028;11.24;3.56;1.98;Ind;
NGC7084;NGC7084;Amas ouvert;323.138;17.5085;;6;6;Peg;
NGC7085;NGC7085;Galaxie;323.1051;6.5812;15.26;0.99;0.42;Peg;
NGC7086;NGC7086;Amas ouvert;322.6148;51.6005;8.4;4.8;4.8;Cyg;
NGC7087;NGC7087;Galaxie;323.6395;-40.8186;13.01;0.86;0.62;Gru;
NGC7088;NGC7088;Autre;323.3422;-0.3826;;;;Aqr;
NGC7089;NGC7089;Amas globulaire;323.3625;-0.8233;6.25;8.4;8.4;Aqr;
NGC7090;NGC7090;Galaxie;324.1202;-54.5573;10.87;8.15;1.63;Ind;
NGC7091;NGC7091;Galaxie;323.5331;-36.6537;13.51;1.86;1.31;Gru;
NGC7092;NGC7092;Amas ouvert;322.9513;48.4382;4.6;19.5;19.5;Cyg;
NGC7093;NGC7093;Amas ouvert;323.5904;45.965;;3.6;3.6;Cyg;
NGC7094;NGC7094;Nebuleuse;324.2207;12.7886;13.4;1.65;1.65;Peg;
NGC7095;NGC7095;Galaxie;328.1102;-81.5308;11.92;2.71;2.21;Oct;
NGC7096;NGC7096;Galaxie;325.3303;-63.9087;11.97;2.1;1.98;Ind;
NGC7096A;NGC7096A;Galaxie;324.7011;-64.3502;14.16;2;0.69;Ind;
NGC7097;NGC7097;Galaxie;325.0538;-42.5394;11.7;1.89;1.36;Gru;
NGC7097A;NGC7097A;Galaxie;325.1578;-42.4803;14.28;0.7;0.44;Gru;
NGC7098;NGC7098;Galaxie;326.0672;-75.1113;11.53;1.78;0.91;Oct;
NGC7099;NGC7099;Amas globulaire;325.0918;-23.1791;7.1;9;9;Cap;
NGC7100;NGC7100;Autre;324.7793;8.9515;;;;Peg;
NGC7101;NGC7101;Galaxie;324.8942;8.8769;14.86;0.82;0.75;Peg;
NGC7102;NGC7102;Galaxie;324.9354;6.2863;14.07;1.48;0.89;Peg;
NGC7103;NGC7103;Galaxie;324.9646;-22.4739;15.33;1.42;0.92;Cap;
NGC7104;NGC7104;Galaxie;325.0133;-22.4248;15.36;0.79;0.73;Cap;
NGC7105;NGC7105;Galaxie;325.4223;-10.6355;14.25;1.51;0.74;Cap;
NGC7106;NGC7106;Galaxie;325.6525;-52.6995;13.34;1.66;1.12;Ind;
NGC7107;NGC7107;Galaxie;325.6103;-44.7903;13.34;1.91;0.94;Gru;
NGC7108;NGC7108;Galaxie;325.474;-6.7088;14.88;1.17;0.79;Aqr;
NGC7109;NGC7109;Galaxie;325.4939;-34.4459;14.47;0.87;0.81;PsA;
NGC7110;NGC7110;Galaxie;325.5506;-34.1622;14.26;1.4;0.73;PsA;
NGC7112;NGC7112;Galaxie;325.611;12.5693;15.12;0.99;0.99;Peg;
NGC7114;NGC7114;Autre;325.4335;42.8418;3;;;Cyg;Schmidt's Nova Cygni
NGC7115;NGC7115;Galaxie;325.9105;-25.3516;14.15;1.91;0.59;PsA;
NGC7116;NGC7116;Galaxie;325.6676;28.9466;14.13;1.22;0.5;Cyg;
NGC7117;NGC7117;Galaxie;326.446;-48.4204;12.8;1.71;1;Gru;
NGC7118;NGC7118;Galaxie;326.5406;-48.3538;12.57;1.7;1.36;Gru;
NGC7119;NGC7119;Galaxie;326.5646;-46.5181;;1;1;Gru;
NGC7119A;NGC7119A;Galaxie;326.5669;-46.5161;13.44;0.7;0.46;Gru;
NGC7119B;NGC7119B;Galaxie;326.5632;-46.5184;13.75;0.64;0.21;Gru;
NGC7120;NGC7120;Galaxie;326.1384;-6.5232;14.88;0.84;0.46;Aqr;
NGC7121;NGC7121;Galaxie;326.2191;-3.6197;14.39;1.17;0.62;Aqr;
NGC7122;NGC7122;Autre;326.4493;-8.8296;;;;Cap;
NGC7123;NGC7123;Galaxie;327.6943;-70.3341;13.3;2.63;1.12;Ind;
NGC7124;NGC7124;Galaxie;327.0225;-50.5652;12.22;2.56;1.06;Ind;
NGC7125;NGC7125;Galaxie;327.3166;-60.7132;12.46;2.94;1.84;Ind;
NGC7126;NGC7126;Galaxie;327.3255;-60.6092;12.28;2.55;1.09;Ind;
NGC7127;NGC7127;Amas ouvert;325.925;54.63;;2.7;2.7;Cyg;
NGC7128;NGC7128;Amas ouvert;325.9909;53.7151;9.7;3;3;Cyg;
NGC7129;NGC7129;Amas ouvert;325.746;66.113;11.5;2.1;2.1;Cep;
NGC7130;NGC7130;Galaxie;327.0813;-34.9513;12.72;1.56;1.33;PsA;
NGC7131;NGC7131;Galaxie;326.9005;-13.1826;14.91;1.13;0.87;Cap;
NGC7132;NGC7132;Galaxie;326.8191;10.2412;14.53;0.9;0.72;Peg;
NGC7133;NGC7133;Autre;326.1113;66.1684;;;;Cep;
NGC7134;NGC7134;Autre;327.2344;-12.9731;;;;Cap;
NGC7135;NGC7135;Galaxie;327.4417;-34.8763;12.19;2.6;2.03;PsA;
NGC7136;NGC7136;Autre;327.4297;-11.7933;;;;Cap;
NGC7137;NGC7137;Galaxie;327.0543;22.1596;12.38;1.84;1.65;Peg;
NGC7138;NGC7138;Galaxie;327.2545;12.5142;15.34;1.2;0.62;Peg;
NGC7139;NGC7139;Nebuleuse;326.5358;63.7919;13.3;1.28;1.28;Cep;
NGC7140;NGC7140;Galaxie;328.0638;-55.5697;11.68;3.04;2.07;Ind;
NGC7142;NGC7142;Amas ouvert;326.2896;65.7744;9.3;9.6;9.6;Cep;
NGC7143;NGC7143;Autre;327.2236;29.955;;;;Cyg;
NGC7144;NGC7144;Galaxie;328.1768;-48.2537;11;3.41;3.2;Gru;
NGC7145;NGC7145;Galaxie;328.3343;-47.8824;11.12;2.95;0.76;Gru;
NGC7146;NGC7146;Galaxie;327.9474;3.017;15.46;0.73;0.42;Peg;
NGC7147;NGC7147;Galaxie;327.9935;3.0717;14.97;0.99;0.76;Peg;
NGC7148;NGC7148;Autre;328.0353;3.3415;;;;Peg;
NGC7149;NGC7149;Galaxie;328.0487;3.3011;14.53;1.3;0.86;Peg;
NGC7150;NGC7150;Autre;327.6;49.7561;;;;Cyg;
NGC7151;NGC7151;Galaxie;328.7672;-50.6579;13.49;2.66;0.89;Ind;
NGC7152;NGC7152;Galaxie;328.496;-29.2891;14.46;1.27;0.31;PsA;
NGC7153;NGC7153;Galaxie;328.6475;-29.0636;14.43;1.91;0.28;PsA;
NGC7154;NGC7154;Galaxie;328.8377;-34.8141;12.48;2.26;1.91;PsA;
NGC7155;NGC7155;Galaxie;329.0405;-49.5219;12.13;2.15;1.91;Ind;
NGC7156;NGC7156;Galaxie;328.6401;2.943;12.71;1.4;1.22;Peg;
NGC7157;NGC7157;Galaxie;329.2363;-25.3505;14.86;1.17;0.55;PsA;
NGC7158;NGC7158;Autre;329.3672;-11.5925;;;;Cap;
NGC7159;NGC7159;Galaxie;329.1067;13.5626;15;0.71;0.56;Peg;
NGC7160;NGC7160;Amas ouvert;328.4178;62.6033;6.1;4.2;4.2;Cep;
NGC7161;NGC7161;Autre;329.2412;2.9162;;;;Peg;
NGC7162;NGC7162;Galaxie;329.913;-43.306;12.68;3.04;1.1;Gru;
NGC7162A;NGC7162A;Galaxie;330.149;-43.1417;13.1;2.39;1.73;Gru;
NGC7163;NGC7163;Galaxie;329.8352;-31.8832;13.23;2.17;1.04;PsA;
NGC7164;NGC7164;Galaxie;329.0985;1.3639;15.57;0.72;0.4;Aqr;
NGC7165;NGC7165;Galaxie;329.8587;-16.5123;13.54;1.12;0.92;Aqr;
NGC7166;NGC7166;Galaxie;330.1372;-43.3897;12.04;0.81;0.52;Gru;
NGC7167;NGC7167;Galaxie;330.1277;-24.6326;12.66;1.83;1.3;Aqr;
NGC7168;NGC7168;Galaxie;330.5308;-51.7431;11.9;2.23;1.64;Ind;
NGC7169;NGC7169;Galaxie;330.7027;-47.6978;14.56;1.08;0.56;Gru;
NGC7170;NGC7170;Galaxie;330.3594;-5.4328;14.77;1.12;0.74;Aqr;
NGC7171;NGC7171;Galaxie;330.2584;-13.2698;12.35;2.37;1.22;Aqr;
NGC7172;NGC7172;Galaxie;330.5079;-31.8697;12.24;2.75;1.82;PsA;
NGC7173;NGC7173;Galaxie;330.5133;-31.9737;11.98;1.88;1.53;PsA;
NGC7174;NGC7174;Galaxie;330.5269;-31.993;12.15;2.51;2.2;PsA;
NGC7175;NGC7175;Amas ouvert;329.666;54.8064;;4.5;4.5;Cyg;
NGC7176;NGC7176;Galaxie;330.5352;-31.9898;12.43;1.15;0.92;PsA;
NGC7177;NGC7177;Galaxie;330.1718;17.7381;11.13;2.85;1.93;Peg;
NGC7178;NGC7178;Galaxie;330.605;-35.7904;14.76;1.17;0.45;PsA;
NGC7179;NGC7179;Galaxie;331.2055;-64.0468;12.82;2.03;1;Ind;
NGC7180;NGC7180;Galaxie;330.5769;-20.5478;12.61;1.66;0.77;Aqr;
NGC7181;NGC7181;Galaxie;330.4312;-1.9606;15.37;0.73;0.6;Aqr;
NGC7182;NGC7182;Galaxie;330.4652;-2.1966;15.35;0.79;0.43;Aqr;
NGC7183;NGC7183;Galaxie;330.5901;-18.9165;12.94;3.89;1.14;Aqr;
NGC7184;NGC7184;Galaxie;330.6659;-20.8128;11;5.98;1.26;Aqr;
NGC7185;NGC7185;Galaxie;330.7365;-20.4713;12.58;2.31;1.61;Aqr;
NGC7186;NGC7186;Autre;330.2717;35.0788;;;;Peg;
NGC7187;NGC7187;Galaxie;330.6857;-32.8022;12.55;1.15;1.05;PsA;
NGC7188;NGC7188;Galaxie;330.8708;-20.318;14;1.76;0.74;Aqr;
NGC7189;NGC7189;Galaxie;330.8167;0.5711;14.38;0.99;0.64;Aqr;
NGC7190;NGC7190;Galaxie;330.7778;11.1993;15.13;0.96;0.48;Peg;
NGC7191;NGC7191;Galaxie;331.7158;-64.6346;13.81;1.83;0.73;Ind;
NGC7192;NGC7192;Galaxie;331.709;-64.3162;11.28;2.42;2.31;Ind;
NGC7193;NGC7193;Amas ouvert;330.7565;10.8038;;;;Peg;
NGC7194;NGC7194;Galaxie;330.8789;12.6368;14.32;1.31;0.89;Peg;
NGC7195;NGC7195;Galaxie;330.8762;12.6608;15.71;0.69;0.53;Peg;
NGC7196;NGC7196;Galaxie;331.4784;-50.1193;12.01;2.76;2.06;Ind;
NGC7197;NGC7197;Galaxie;330.7419;41.059;14.41;1.67;0.85;Lac;
NGC7198;NGC7198;Galaxie;331.3093;-0.6483;14.44;0.98;0.75;Aqr;
NGC7199;NGC7199;Galaxie;332.1243;-64.7061;13.08;1.21;0.9;Ind;
NGC7200;NGC7200;Galaxie;331.7897;-49.9955;12.86;1.28;1;Ind;
NGC7201;NGC7201;Galaxie;331.633;-31.263;13.95;1.66;0.55;PsA;
NGC7202;NGC7202;Autre;331.6802;-31.2179;;;;PsA;
NGC7203;NGC7203;Galaxie;331.6828;-31.1624;13.7;1.08;0.58;PsA;
NGC7204;NGC7204;Galaxie;331.7258;-31.0514;;1.6;1.6;PsA;
NGC7204A;NGC7204A;Galaxie;331.725;-31.0506;15.07;0.93;0.44;PsA;
NGC7204B;NGC7204B;Galaxie;331.7303;-31.0531;14.5;1.07;0.28;PsA;
NGC7205;NGC7205;Galaxie;332.1429;-57.4426;10.97;3.7;1.71;Tuc;
NGC7205A;NGC7205A;Galaxie;331.8834;-57.464;14.02;1.15;0.84;Ind;
NGC7206;NGC7206;Galaxie;331.4204;16.7853;14.73;1.19;0.92;Peg;
NGC7207;NGC7207;Galaxie;331.4403;16.7677;15.6;0.66;0.26;Peg;
NGC7208;NGC7208;Galaxie;332.1018;-29.0512;13.36;0.91;0.6;PsA;
NGC7209;NGC7209;Amas ouvert;331.2827;46.4835;7.7;6;6;Lac;
NGC7211;NGC7211;Galaxie;331.5911;-8.09;15.11;0.77;0.63;Aqr;
NGC7212;NGC7212;Galaxie;331.7554;10.2311;15.1;1.35;0.46;Peg;
NGC7213;NGC7213;Galaxie;332.318;-47.1666;11.15;4.84;3.89;Gru;
NGC7214;NGC7214;Galaxie;332.282;-27.8095;13.86;1.94;1.35;PsA;
NGC7215;NGC7215;Galaxie;332.1437;0.5117;15.01;0.91;0.37;Aqr;
NGC7216;NGC7216;Galaxie;333.1493;-68.6619;12.59;1.61;1.1;Ind;
NGC7217;NGC7217;Galaxie;331.9683;31.3593;10.47;4.52;3.84;Peg;
NGC7218;NGC7218;Galaxie;332.5488;-16.661;11.91;2.55;1.07;Aqr;
NGC7219;NGC7219;Galaxie;333.2876;-64.849;12.59;1.83;1.1;Tuc;
NGC7220;NGC7220;Galaxie;332.8792;-22.9529;13.37;0.9;0.72;Aqr;
NGC7221;NGC7221;Galaxie;332.8135;-30.5632;12.16;2.29;1.46;PsA;
NGC7222;NGC7222;Galaxie;332.7157;2.1058;15.43;1.07;1.06;Aqr;
NGC7223;NGC7223;Galaxie;332.5382;41.0173;13.42;1.41;1.13;Lac;
NGC7224;NGC7224;Galaxie;332.8974;25.8645;14.94;1.51;0.91;Peg;
NGC7225;NGC7225;Galaxie;333.2836;-26.1483;13.37;1.96;1.02;PsA;
NGC7226;NGC7226;Amas ouvert;332.612;55.3986;9.6;3;3;Cep;
NGC7227;NGC7227;Galaxie;332.8805;38.7214;14.93;1.24;0.59;Lac;
NGC7228;NGC7228;Galaxie;332.9525;38.6992;14.92;1.38;0.84;Lac;
NGC7229;NGC7229;Galaxie;333.5134;-29.3828;12.73;1.46;1.25;PsA;
NGC7230;NGC7230;Galaxie;333.555;-17.0741;14.44;1;0.91;Aqr;
NGC7231;NGC7231;Galaxie;333.1255;45.3285;13.91;1.69;0.6;Lac;
NGC7232;NGC7232;Galaxie;333.9083;-45.8501;11.89;2.86;1.04;Gru;
NGC7232A;NGC7232A;Galaxie;333.4227;-45.8937;13.91;2.17;0.31;Gru;
NGC7232B;NGC7232B;Galaxie;333.9685;-45.7806;13.59;1.68;1.48;Gru;
NGC7233;NGC7233;Galaxie;333.9541;-45.8464;12.53;1.74;1.55;Gru;
NGC7234;NGC7234;Amas ouvert;333.1042;57.2713;7.7;2.4;2.4;Cep;
NGC7236;NGC7236;Galaxie;333.6875;13.8465;13.55;1.38;0.81;Peg;
NGC7237;NGC7237;Galaxie;333.6953;13.8409;14.56;1.98;0.86;Peg;
NGC7238;NGC7238;Autre;333.8355;22.5192;;;;Peg;
NGC7239;NGC7239;Galaxie;333.7558;-5.0533;15.52;0.97;0.66;Aqr;
NGC7240;NGC7240;Galaxie;333.844;37.2807;14.17;0.6;0.6;Lac;
NGC7241;NGC7241;Galaxie;333.9578;19.2324;13.47;2.75;0.72;Peg;
NGC7242;NGC7242;Galaxie;333.9187;37.3006;;1.4;1.4;Lac;
NGC7242 NED01;NGC7242 NED01;Galaxie;333.9145;37.2987;13.98;1.23;0.31;Lac;
NGC7242 NED02;NGC7242 NED02;Galaxie;333.9232;37.3028;17.87;0.29;0.22;Lac;
NGC7243;NGC7243;Amas ouvert;333.7858;49.8975;6.4;15;15;Lac;
NGC7244;NGC7244;Galaxie;334.1118;16.4714;13.92;0.91;0.46;Peg;
NGC7245;NGC7245;Amas ouvert;333.798;54.3426;9.2;3.9;3.9;Lac;
NGC7246;NGC7246;Galaxie;334.4278;-15.5713;13.76;2.26;0.86;Aqr;
NGC7247;NGC7247;Galaxie;334.4219;-23.731;13.41;1.28;0.67;Aqr;
NGC7248;NGC7248;Galaxie;334.2247;40.5023;12.48;1.72;0.78;Lac;
NGC7249;NGC7249;Galaxie;335.1292;-55.1249;13.39;0.97;0.69;Gru;
NGC7250;NGC7250;Galaxie;334.5742;40.5624;12.56;2.12;0.94;Lac;
NGC7251;NGC7251;Galaxie;335.1131;-15.7736;13.5;1.67;1.48;Aqr;
NGC7252;NGC7252;Galaxie;335.1865;-24.6783;12.13;1.85;1.71;Aqr;
NGC7253;NGC7253;Galaxie;334.8704;29.3917;;2.6;2.6;Peg;
NGC7253A;NGC7253A;Galaxie;334.8655;29.3958;13.99;1.56;0.41;Peg;
NGC7253B;NGC7253B;Galaxie;334.8754;29.3878;13.95;1.28;0.44;Peg;
NGC7254;NGC7254;Galaxie;335.651;-21.7372;13.91;1.3;0.64;Aqr;
NGC7255;NGC7255;Galaxie;335.7833;-15.5414;15.15;1.47;0.31;Aqr;
NGC7257;NGC7257;Galaxie;335.6518;-4.1207;13.69;1.81;1.23;Aqr;
NGC7258;NGC7258;Galaxie;335.742;-28.3451;13.99;1.54;0.65;PsA;
NGC7259;NGC7259;Galaxie;335.773;-28.9548;13.77;1.25;0.97;PsA;
NGC7261;NGC7261;Amas ouvert;335.0266;58.0518;8.4;6.9;6.9;Cep;
NGC7262;NGC7262;Galaxie;335.8689;-32.3642;15;0.86;0.78;PsA;
NGC7263;NGC7263;Galaxie;335.4385;36.35;15.62;0.94;0.76;Lac;
NGC7264;NGC7264;Galaxie;335.5574;36.387;14.6;1.99;0.3;Lac;
NGC7265;NGC7265;Galaxie;335.6143;36.2096;12.22;2.48;1.79;Lac;
NGC7266;NGC7266;Galaxie;335.9957;-4.0734;14.38;0.72;0.58;Aqr;
NGC7267;NGC7267;Galaxie;336.0909;-33.6941;12.23;1.73;1.5;PsA;
NGC7268;NGC7268;Galaxie;336.4225;-31.2006;;1.4;1.4;PsA;
NGC7268 NED01;NGC7268 NED01;Galaxie;336.4197;-31.2007;14.45;1.29;0.72;PsA;
NGC7268 NED02;NGC7268 NED02;Galaxie;336.4257;-31.2;15.4;1;0.44;PsA;
NGC7269;NGC7269;Galaxie;336.4443;-13.1664;14.61;1.02;0.74;Aqr;
NGC7270;NGC7270;Galaxie;335.948;32.403;14.95;0.93;0.55;Peg;
NGC7271;NGC7271;Galaxie;335.99;32.3669;16.03;0.61;0.29;Peg;
NGC7272;NGC7272;Galaxie;336.1321;16.5882;15.3;1.09;0.97;Peg;
NGC7273;NGC7273;Galaxie;336.0385;36.1998;14.68;0.85;0.54;Lac;
NGC7274;NGC7274;Galaxie;336.0463;36.1259;14.18;1.83;1.52;Lac;
NGC7275;NGC7275;Galaxie;336.0718;32.4462;14.94;1.16;0.26;Peg;
NGC7276;NGC7276;Galaxie;336.0599;36.0876;14.89;1;0.85;Lac;
NGC7277;NGC7277;Galaxie;336.5456;-31.1453;14.18;1.28;0.54;PsA;
NGC7278;NGC7278;Galaxie;337.0934;-60.1698;15.2;0.76;0.38;Tuc;
NGC7279;NGC7279;Galaxie;336.8028;-35.1404;13.8;1.24;0.88;PsA;
NGC7280;NGC7280;Galaxie;336.6149;16.1482;12.17;2.01;1.29;Peg;
NGC7281;NGC7281;Amas ouvert;336.3374;57.8211;;4.8;4.8;Cep;
NGC7282;NGC7282;Galaxie;336.4744;40.3149;15.27;0.79;0.2;Lac;
NGC7283;NGC7283;Galaxie;337.1364;17.4703;15.81;0.87;0.38;Peg;
NGC7284;NGC7284;Galaxie;337.1497;-24.8441;13.33;1.82;1.44;Aqr;
NGC7285;NGC7285;Galaxie;337.1583;-24.8408;12.83;2.68;1.54;Aqr;
NGC7286;NGC7286;Galaxie;336.9605;29.096;13.3;1.81;0.56;Peg;
NGC7287;NGC7287;Galaxie;337.2029;-22.2025;14.75;0.7;0.7;Aqr;
NGC7287A;NGC7287A;Galaxie;337.202;-22.2034;15.53;0.62;0.34;Aqr;
NGC7287B;NGC7287B;Galaxie;337.2029;-22.2018;16.79;0.62;0.32;Aqr;
NGC7288;NGC7288;Galaxie;337.0624;-2.8846;13.98;1.92;1.01;Aqr;
NGC7289;NGC7289;Galaxie;337.3344;-35.472;14.26;1.63;1.21;PsA;
NGC7290;NGC7290;Galaxie;337.1101;17.1474;13.27;1.49;0.72;Peg;
NGC7291;NGC7291;Galaxie;337.1229;16.7831;14.83;1.62;1.05;Peg;
NGC7292;NGC7292;Galaxie;337.108;30.2923;12.56;1.82;1.22;Peg;
NGC7293;NGC7293;Nebuleuse;337.4107;-20.8373;7.3;16.33;16.33;Aqr;Helix Nebula
NGC7294;NGC7294;Galaxie;338.0336;-25.3978;13.57;2.1;1.15;PsA;
NGC7295;NGC7295;Amas ouvert;337.0118;52.2891;9.7;2.7;2.7;Lac;
NGC7297;NGC7297;Galaxie;337.7928;-37.8264;14.63;0.84;0.49;Gru;
NGC7298;NGC7298;Galaxie;337.711;-14.1883;13.77;1.28;1;Aqr;
NGC7299;NGC7299;Galaxie;337.888;-37.8096;14.79;0.67;0.65;Gru;
NGC7300;NGC7300;Galaxie;337.7496;-14.0035;12.83;2.06;0.8;Aqr;
NGC7301;NGC7301;Galaxie;337.6447;-17.5738;14.21;0.85;0.27;Aqr;
NGC7302;NGC7302;Galaxie;338.0992;-14.1205;12.18;1.73;1.09;Aqr;
NGC7303;NGC7303;Galaxie;337.8868;30.956;13.62;1.54;1.19;Peg;
NGC7304;NGC7304;Autre;337.9354;30.9797;;;;Peg;
NGC7305;NGC7305;Galaxie;338.0581;11.7121;15.13;0.86;0.83;Peg;
NGC7306;NGC7306;Galaxie;338.3186;-27.2466;13.5;1.81;0.79;PsA;
NGC7307;NGC7307;Galaxie;338.4689;-40.9327;12.63;3.83;0.87;Gru;
NGC7308;NGC7308;Galaxie;338.6339;-12.9339;14.4;1.27;0.92;Aqr;
NGC7309;NGC7309;Galaxie;338.5858;-10.357;12.5;2.08;1.86;Aqr;
NGC7310;NGC7310;Galaxie;338.6538;-22.4851;14.2;0.95;0.73;Aqr;
NGC7311;NGC7311;Galaxie;338.528;5.5699;13.32;1.47;0.68;Peg;
NGC7312;NGC7312;Galaxie;338.645;5.8174;14.45;0.93;0.63;Peg;
NGC7313;NGC7313;Galaxie;338.8857;-26.1018;15.15;0.7;0.42;PsA;
NGC7314;NGC7314;Galaxie;338.9425;-26.0505;11.22;4.21;1.71;PsA;
NGC7315;NGC7315;Galaxie;338.8821;34.8034;13.87;1.58;1.58;Peg;
NGC7316;NGC7316;Galaxie;338.9848;20.3223;13.04;1.19;1.01;Peg;
NGC7317;NGC7317;Galaxie;338.9662;33.9449;13.66;0.8;0.77;Peg;
NGC7318;NGC7318;Galaxie;338.99;33.9656;;2.5;2.5;Peg;
NGC7318A;NGC7318A;Galaxie;338.9865;33.9655;13.39;1.47;1.33;Peg;
NGC7318B;NGC7318B;Galaxie;338.9934;33.9659;13.97;2.37;1.32;Peg;
NGC7319;NGC7319;Galaxie;339.0148;33.9757;13.48;1.67;1.04;Peg;
NGC7320;NGC7320;Galaxie;339.0141;33.9481;12.96;2.55;1.4;Peg;
NGC7320C;NGC7320C;Galaxie;339.0849;33.985;15.54;0.59;0.48;Peg;
NGC7321;NGC7321;Galaxie;339.1168;21.6218;13.92;1.41;0.97;Peg;
NGC7322;NGC7322;Galaxie;339.4644;-37.2312;14.54;1.04;0.62;Gru;
NGC7323;NGC7323;Galaxie;339.2237;19.1439;14.03;1.17;0.87;Peg;
NGC7324;NGC7324;Galaxie;339.2538;19.1462;14.61;1.14;0.63;Peg;
NGC7325;NGC7325;Autre;339.2022;34.368;14.7;;;Peg;
NGC7326;NGC7326;Autre;339.217;34.4231;;;;Peg;
NGC7327;NGC7327;Galaxie;339.1418;34.5036;16.1;0.51;0.29;Peg;
NGC7328;NGC7328;Galaxie;339.372;10.5316;12.98;1.95;0.67;Peg;
NGC7329;NGC7329;Galaxie;340.1009;-66.479;11.7;3.12;2.37;Tuc;
NGC7330;NGC7330;Galaxie;339.2341;38.5481;13.55;1.71;1.59;Lac;
NGC7331;NGC7331;Galaxie;339.2667;34.4155;9.41;9.27;3.76;Peg;
NGC7332;NGC7332;Galaxie;339.3522;23.7983;11.05;2.95;0.71;Peg;
NGC7333;NGC7333;Autre;339.2985;34.4378;15.1;;;Peg;
NGC7335;NGC7335;Galaxie;339.3308;34.4477;13.39;1.26;0.54;Peg;
NGC7336;NGC7336;Galaxie;339.3414;34.4818;15.64;0.61;0.47;Peg;
NGC7337;NGC7337;Galaxie;339.3609;34.3743;15.65;1.02;0.8;Peg;
NGC7338;NGC7338;Autre;339.3805;34.4145;;;;Peg;
NGC7339;NGC7339;Galaxie;339.4468;23.7867;12.24;3.21;0.95;Peg;
NGC7340;NGC7340;Galaxie;339.4343;34.41;14.64;0.86;0.55;Peg;
NGC7341;NGC7341;Galaxie;339.7731;-22.6667;13.42;2.39;0.95;Aqr;
NGC7342;NGC7342;Galaxie;339.5548;35.4989;15.23;1.31;1.25;Peg;
NGC7343;NGC7343;Galaxie;339.6578;34.0714;13.5;0.91;0.73;Peg;
NGC7344;NGC7344;Galaxie;339.901;-4.159;14.61;1.23;0.55;Aqr;
NGC7345;NGC7345;Galaxie;339.6869;35.5406;15.04;1.09;0.19;Peg;
NGC7346;NGC7346;Galaxie;339.8977;11.0833;15.66;0.38;0.28;Peg;
NGC7347;NGC7347;Galaxie;339.984;11.0276;14.54;1.55;0.34;Peg;
NGC7348;NGC7348;Galaxie;340.1512;11.9062;14.75;1.01;0.58;Peg;
NGC7349;NGC7349;Galaxie;340.3121;-21.7985;14.51;1.2;0.41;Aqr;
NGC7350;NGC7350;Autre;340.2023;12.0065;;;;Peg;
NGC7351;NGC7351;Galaxie;340.3623;-4.4447;13.55;1.6;0.84;Aqr;
NGC7352;NGC7352;Autre;339.9321;57.3944;;;;Cep;
NGC7353;NGC7353;Galaxie;340.5521;11.8773;16.67;0.65;0.47;Peg;
NGC7354;NGC7354;Nebuleuse;340.0817;61.2848;12.2;0.38;0.38;Cep;
NGC7355;NGC7355;Galaxie;340.8773;-36.8652;15.09;1.04;0.44;Gru;
NGC7356;NGC7356;Galaxie;340.5098;30.7088;15.31;1.26;0.58;Peg;
NGC7357;NGC7357;Galaxie;340.5997;30.1714;15.11;0.58;0.37;Peg;
NGC7358;NGC7358;Galaxie;341.4018;-65.1218;12.75;2.13;0.69;Tuc;
NGC7359;NGC7359;Galaxie;341.2;-23.6881;12.45;2.18;0.5;Aqr;
NGC7360;NGC7360;Galaxie;340.8915;4.1512;14.48;0.81;0.42;Peg;
NGC7361;NGC7361;Galaxie;340.5746;-30.0577;12.35;3.14;0.85;PsA;
NGC7362;NGC7362;Galaxie;340.9553;8.7054;12.74;1.3;0.89;Peg;
NGC7363;NGC7363;Galaxie;340.833;34.0015;14.53;0.86;0.86;Peg;
NGC7364;NGC7364;Galaxie;341.1015;-0.1621;13.36;1.65;1.12;Aqr;
NGC7365;NGC7365;Galaxie;341.2918;-19.952;12.81;1.79;1.08;Aqr;
NGC7366;NGC7366;Galaxie;341.111;10.7814;16.22;0.34;0.34;Peg;
NGC7367;NGC7367;Galaxie;341.1435;3.6464;14.82;1.43;0.37;Peg;
NGC7368;NGC7368;Galaxie;341.382;-39.3418;13.17;2.85;0.56;Gru;
NGC7369;NGC7369;Galaxie;341.0512;34.3512;14.73;0.86;0.73;Peg;
NGC7370;NGC7370;Galaxie;341.4051;11.0578;16.38;0.65;0.49;Peg;
NGC7371;NGC7371;Galaxie;341.5156;-11.0011;12.02;2.09;1.92;Aqr;
NGC7372;NGC7372;Galaxie;341.4417;11.1308;14.51;1.01;0.73;Peg;
NGC7373;NGC7373;Galaxie;341.5809;3.2101;14.71;1.04;0.55;Peg;
NGC7374;NGC7374;Galaxie;341.504;10.8536;14.83;0.87;0.71;Peg;
NGC7374B;NGC7374B;Galaxie;341.4966;10.8675;15.55;0.78;0.46;Peg;
NGC7375;NGC7375;Galaxie;341.6335;21.0836;14.67;0.92;0.67;Peg;
NGC7376;NGC7376;Galaxie;341.8224;3.6456;15.56;0.69;0.44;Peg;
NGC7377;NGC7377;Galaxie;341.9479;-22.3121;11.19;3.92;3.13;Aqr;
NGC7378;NGC7378;Galaxie;341.9488;-11.8166;13;1.52;0.85;Aqr;
NGC7379;NGC7379;Galaxie;341.8873;40.2388;14.33;1.25;0.92;Lac;
NGC7380;NGC7380;Amas ouvert;341.8375;58.1324;7.2;25;20;Cep;
NGC7381;NGC7381;Galaxie;342.534;-19.7251;14.93;0.68;0.47;Aqr;
NGC7382;NGC7382;Galaxie;342.5997;-36.8573;14.67;0.74;0.3;Gru;
NGC7383;NGC7383;Galaxie;342.3984;11.5564;14.01;0.86;0.73;Peg;
NGC7384;NGC7384;Autre;342.4273;11.4874;;;;Peg;
NGC7385;NGC7385;Galaxie;342.4775;11.6086;12.13;1.93;1.19;Peg;
NGC7386;NGC7386;Galaxie;342.509;11.6984;12.52;2.04;1.3;Peg;
NGC7387;NGC7387;Galaxie;342.5735;11.6367;13.98;1;0.63;Peg;
NGC7388;NGC7388;Autre;342.5876;11.7109;;;;Peg;
NGC7389;NGC7389;Galaxie;342.5669;11.5662;14.86;1.45;0.71;Peg;
NGC7390;NGC7390;Galaxie;342.5817;11.531;15.45;0.82;0.65;Peg;
NGC7391;NGC7391;Galaxie;342.6505;-1.5448;12.05;1.49;1.29;Aqr;
NGC7392;NGC7392;Galaxie;342.9531;-20.6081;11.84;2.24;1.19;Aqr;
NGC7393;NGC7393;Galaxie;342.9087;-5.5573;13.34;2.04;0.6;Aqr;
NGC7394;NGC7394;Amas ouvert;342.532;52.1801;;;;Lac;
NGC7395;NGC7395;Galaxie;342.7622;37.0878;15.16;1.15;1.04;Lac;
NGC7396;NGC7396;Galaxie;343.0943;1.0924;13.49;1.77;1.03;Psc;
NGC7397;NGC7397;Galaxie;343.1946;1.1328;15.04;0.71;0.47;Psc;
NGC7398;NGC7398;Galaxie;343.2053;1.2011;14.64;1.05;0.7;Psc;
NGC7399;NGC7399;Galaxie;343.1636;-9.2678;14.5;1.13;0.73;Aqr;
NGC7400;NGC7400;Galaxie;343.5867;-45.347;13.64;2.42;0.57;Gru;
NGC7401;NGC7401;Galaxie;343.244;1.1427;15.26;0.75;0.47;Psc;
NGC7402;NGC7402;Galaxie;343.2687;1.1444;16.05;0.42;0.29;Psc;
NGC7403;NGC7403;Autre;343.2767;1.4827;;;;Psc;
NGC7404;NGC7404;Galaxie;343.5775;-39.3149;12.74;1.63;0.93;Gru;
NGC7405;NGC7405;Galaxie;343.2382;12.5936;16.98;0.33;0.23;Peg;
NGC7406;NGC7406;Galaxie;343.4843;-6.5793;14.17;0.92;0.65;Aqr;
NGC7407;NGC7407;Galaxie;343.337;32.1307;14.11;1.67;0.79;Peg;
NGC7408;NGC7408;Galaxie;343.9869;-63.6947;15.41;1.91;0.7;Tuc;
NGC7409;NGC7409;Galaxie;343.4505;20.2104;15.49;0.58;0.45;Peg;
NGC7410;NGC7410;Galaxie;343.754;-39.6613;11.19;6.01;1.77;Gru;
NGC7411;NGC7411;Galaxie;343.6455;20.2362;14.64;1;0.9;Peg;
NGC7412;NGC7412;Galaxie;343.9406;-42.642;11.33;3.79;2.79;Gru;
NGC7412A;NGC7412A;Galaxie;344.2875;-42.8045;13.96;0.59;0.42;Gru;
NGC7413;NGC7413;Galaxie;343.7629;13.2205;15.16;1.14;0.8;Peg;
NGC7414;NGC7414;Galaxie;343.8518;13.2483;16.77;0.62;0.28;Peg;
NGC7415;NGC7415;Galaxie;343.7234;20.2616;14.96;0.82;0.21;Peg;
NGC7416;NGC7416;Galaxie;343.9238;-5.4953;12.33;3.08;0.6;Aqr;
NGC7417;NGC7417;Galaxie;344.4563;-65.0386;12.31;2.21;1.45;Tuc;
NGC7418;NGC7418;Galaxie;344.1507;-37.0301;11.04;3.66;2.83;Gru;
NGC7418A;NGC7418A;Galaxie;344.1719;-36.7727;13.6;1.75;0.88;Gru;
NGC7419;NGC7419;Amas ouvert;343.5836;60.8155;13;4.08;4.08;Cep;
NGC7420;NGC7420;Galaxie;343.8835;29.805;14.94;0.85;0.77;Peg;
NGC7421;NGC7421;Galaxie;344.2264;-37.3473;11.99;2.38;1.95;Gru;
NGC7422;NGC7422;Galaxie;344.0516;3.9268;14.26;0.83;0.63;Psc;
NGC7423;NGC7423;Amas ouvert;343.7856;57.0969;;3.6;3.6;Cep;
NGC7424;NGC7424;Galaxie;344.3265;-41.0706;10.18;5.01;2.69;Gru;
NGC7425;NGC7425;Galaxie;344.3148;-10.95;15.22;0.97;0.59;Aqr;
NGC7426;NGC7426;Galaxie;344.0119;36.3614;13.51;1.57;1.22;Lac;
NGC7427;NGC7427;Galaxie;344.2913;8.5056;15.29;0.58;0.5;Peg;
NGC7428;NGC7428;Galaxie;344.3314;-1.049;13.76;0.91;0.83;Psc;
NGC7429;NGC7429;Amas ouvert;344.0025;59.9739;;4.5;4.5;Cep;
NGC7430;NGC7430;Galaxie;344.3738;8.7943;15.08;0.6;0.27;Peg;
NGC7431;NGC7431;Galaxie;344.4112;26.1643;15.45;0.26;0.2;Peg;
NGC7432;NGC7432;Galaxie;344.5081;13.1345;14.81;1.57;0.92;Peg;
NGC7433;NGC7433;Galaxie;344.4655;26.1622;15.55;0.78;0.3;Peg;
NGC7434;NGC7434;Galaxie;344.5894;-1.1839;15.19;0.61;0.3;Psc;
NGC7435;NGC7435;Galaxie;344.477;26.1389;15.43;1.31;0.42;Peg;
NGC7436;NGC7436;Galaxie;344.4871;26.15;;1.2;1.2;Peg;
NGC7436A;NGC7436A;Galaxie;344.484;26.15;15;0.72;0.25;Peg;
NGC7436B;NGC7436B;Galaxie;344.4898;26.1499;13.9;1.95;1.48;Peg;
NGC7437;NGC7437;Galaxie;344.5419;14.3085;13.95;1.71;1.64;Peg;
NGC7438;NGC7438;Amas ouvert;344.3349;54.3093;;5.7;5.7;Cas;
NGC7439;NGC7439;Galaxie;344.5415;29.2284;15.08;1.03;0.56;Peg;
NGC7440;NGC7440;Galaxie;344.6356;35.8024;13.51;1.16;0.93;And;
NGC7441;NGC7441;Galaxie;344.1724;-7.3791;14.31;1.29;0.77;Aqr;
NGC7442;NGC7442;Galaxie;344.8606;15.5484;14.15;1.01;0.95;Peg;
NGC7443;NGC7443;Galaxie;345.0369;-12.8079;12.91;1.73;0.69;Aqr;
NGC7444;NGC7444;Galaxie;345.0373;-12.8343;12.82;1.45;0.58;Aqr;
NGC7445;NGC7445;Galaxie;344.8435;39.1075;15.58;0.67;0.17;And;
NGC7446;NGC7446;Galaxie;344.8708;39.0829;15.44;1.26;1.14;And;
NGC7447;NGC7447;Autre;345.1087;-10.528;;;;Aqr;
NGC7448;NGC7448;Galaxie;345.015;15.9803;11.69;2.07;0.81;Peg;
NGC7449;NGC7449;Galaxie;344.9068;39.1459;15.35;1.02;0.8;And;
NGC7450;NGC7450;Galaxie;345.1993;-12.9185;14.33;1.54;1.46;Aqr;
NGC7451;NGC7451;Galaxie;345.1703;8.4679;14.94;1.11;0.54;Peg;
NGC7452;NGC7452;Galaxie;345.1979;6.7455;16.52;0.51;0.37;Psc;
NGC7453;NGC7453;Autre;345.3559;-6.3565;;;;Aqr;
NGC7454;NGC7454;Galaxie;345.2771;16.3884;11.86;1.54;0.75;Peg;
NGC7455;NGC7455;Galaxie;345.1707;7.3031;15.26;0.7;0.4;Psc;
NGC7456;NGC7456;Galaxie;345.5434;-39.5694;11.88;5.15;1.76;Gru;
NGC7457;NGC7457;Galaxie;345.2497;30.1449;10.98;3.95;2.25;Peg;
NGC7458;NGC7458;Galaxie;345.3693;1.7534;12.54;1.03;0.82;Psc;
NGC7459;NGC7459;Galaxie;345.2496;6.75;;1;1;Psc;
NGC7459 NED01;NGC7459 NED01;Galaxie;345.2485;6.7494;15.37;1.32;0.78;Psc;
NGC7459 NED02;NGC7459 NED02;Galaxie;345.2509;6.7511;;0.27;0.23;Psc;
NGC7460;NGC7460;Galaxie;345.4288;2.2636;12.99;1.14;0.81;Psc;
NGC7461;NGC7461;Galaxie;345.4514;15.5825;14.48;0.94;0.83;Peg;
NGC7462;NGC7462;Galaxie;345.6937;-40.8353;12.2;4.99;0.84;Gru;
NGC7463;NGC7463;Galaxie;345.4666;15.9819;13.19;1.58;0.44;Peg;
NGC7464;NGC7464;Galaxie;345.4737;15.9738;14.43;0.52;0.49;Peg;
NGC7465;NGC7465;Galaxie;345.504;15.9648;13.27;1.06;0.64;Peg;
NGC7466;NGC7466;Galaxie;345.5143;27.0526;14.42;1.54;0.59;Peg;
NGC7467;NGC7467;Galaxie;345.6145;15.5541;15.38;0.81;0.58;Peg;
NGC7468;NGC7468;Galaxie;345.7469;16.6053;13.61;0.82;0.67;Peg;
NGC7469;NGC7469;Galaxie;345.8151;8.874;12.59;1.38;1.21;Peg;
NGC7470;NGC7470;Galaxie;346.3086;-50.1116;13.73;1.55;1.02;Gru;
NGC7471;NGC7471;Autre;345.9742;-22.9069;;;;Aqr;
NGC7472;NGC7472;Galaxie;346.4109;3.0593;14.55;0.75;0.49;Psc;
NGC7473;NGC7473;Galaxie;345.9879;30.1601;14.74;1.09;0.49;Peg;
NGC7474;NGC7474;Galaxie;346.0185;20.0672;15.01;0.79;0.62;Peg;
NGC7475;NGC7475;Galaxie;346.0454;20.0811;;1.3;1.3;Peg;
NGC7475 NED01;NGC7475 NED01;Galaxie;346.0427;20.0795;14.97;1.41;0.91;Peg;
NGC7475 NED02;NGC7475 NED02;Galaxie;346.0485;20.085;15.1;0.45;0.45;Peg;
NGC7476;NGC7476;Galaxie;346.2995;-43.0994;13.58;1.33;1.06;Gru;
NGC7477;NGC7477;Galaxie;346.1694;3.118;16.92;0.38;0.17;Psc;
NGC7478;NGC7478;Galaxie;346.2359;2.5778;16.4;0.43;0.38;Psc;
NGC7479;NGC7479;Galaxie;346.236;12.3229;11.09;3.65;2.72;Peg;
NGC7480;NGC7480;Galaxie;346.3068;2.5494;14.81;1.32;0.27;Psc;
NGC7481;NGC7481;Autre;346.4651;-19.9397;;;;Aqr;
NGC7483;NGC7483;Galaxie;346.4512;3.5451;14.22;1.43;0.83;Psc;
NGC7484;NGC7484;Galaxie;346.7705;-36.2754;12.98;1.09;1;Scl;
NGC7485;NGC7485;Galaxie;346.5202;34.1077;14.15;1.51;0.76;Peg;
NGC7486;NGC7486;Autre;346.5541;34.1015;;;;Peg;
NGC7487;NGC7487;Galaxie;346.7106;28.179;14.72;1.8;1.14;Peg;
NGC7488;NGC7488;Galaxie;346.954;0.9405;14.64;0.62;0.41;Psc;
NGC7489;NGC7489;Galaxie;346.8863;22.998;14.23;1.22;0.65;Peg;
NGC7490;NGC7490;Galaxie;346.8549;32.3751;12.69;1.81;1.76;Peg;
NGC7491;NGC7491;Galaxie;347.0249;-5.9667;14.51;0.84;0.58;Aqr;
NGC7492;NGC7492;Amas globulaire;347.1112;-15.6115;10.48;3;3;Aqr;
NGC7493;NGC7493;Autre;347.1318;0.91;;;;Psc;
NGC7494;NGC7494;Galaxie;347.2441;-24.3696;15.21;0.87;0.65;Aqr;
NGC7495;NGC7495;Galaxie;347.2382;12.048;13.12;1.61;1.44;Peg;
NGC7496;NGC7496;Galaxie;347.447;-43.4279;12.73;3.4;2.17;Gru;
NGC7496A;NGC7496A;Galaxie;348.097;-43.7782;14.61;1.44;1.23;Gru;
NGC7497;NGC7497;Galaxie;347.2642;18.1772;12.28;2.75;0.97;Peg;
NGC7498;NGC7498;Galaxie;347.4842;-24.4251;14.98;0.95;0.44;Aqr;
NGC7499;NGC7499;Galaxie;347.5933;7.5807;12.98;1.55;0.86;Psc;
NGC7500;NGC7500;Galaxie;347.6242;11.0123;14.94;1.51;1.03;Peg;
NGC7501;NGC7501;Galaxie;347.6268;7.589;13.47;1.02;0.9;Psc;
NGC7502;NGC7502;Autre;347.5825;-21.7376;;;;Aqr;
NGC7503;NGC7503;Galaxie;347.6762;7.5677;13.49;0.95;0.84;Psc;
NGC7504;NGC7504;Autre;347.6715;14.3863;;;;Peg;
NGC7505;NGC7505;Galaxie;347.7527;13.6316;15.36;1;0.39;Peg;
NGC7506;NGC7506;Galaxie;347.9207;-2.16;14.23;1.25;0.61;Psc;
NGC7507;NGC7507;Galaxie;348.0316;-28.5396;10.04;3.33;3.2;Scl;
NGC7508;NGC7508;Galaxie;347.955;12.9404;15.66;0.81;0.26;Peg;
NGC7509;NGC7509;Galaxie;348.0892;14.6094;16.47;1.32;1.22;Peg;
NGC7510;NGC7510;Amas ouvert;347.7657;60.5709;7.9;3.9;3.9;Cep;
NGC7511;NGC7511;Galaxie;348.1095;13.7266;15.04;1.01;0.51;Peg;
NGC7512;NGC7512;Galaxie;348.0872;31.1256;14.04;1.9;1.12;Peg;
NGC7513;NGC7513;Galaxie;348.3085;-28.3575;11.8;3.19;1.92;Scl;
NGC7514;NGC7514;Galaxie;348.1078;34.8815;13.15;1.3;0.89;Peg;
NGC7515;NGC7515;Galaxie;348.2028;12.6793;12.48;1.65;1.43;Peg;
NGC7516;NGC7516;Galaxie;348.2161;20.2484;14.53;1.26;0.91;Peg;
NGC7517;NGC7517;Galaxie;348.3076;-2.1004;15.42;0.57;0.35;Psc;
NGC7518;NGC7518;Galaxie;348.303;6.3217;13.49;1.26;0.75;Psc;
NGC7519;NGC7519;Galaxie;348.2968;10.7722;15.14;1.11;0.83;Peg;
NGC7520;NGC7520;Autre;348.437;-23.7942;;;;Aqr;
NGC7521;NGC7521;Galaxie;348.3973;-1.7315;14.9;0.52;0.4;Psc;
NGC7522;NGC7522;Autre;348.9017;-22.8949;;;;Aqr;
NGC7523;NGC7523;Galaxie;348.3947;13.9868;15.62;1.32;0.29;Peg;
NGC7524;NGC7524;Galaxie;348.444;-1.7301;15.64;0.81;0.25;Psc;
NGC7525;NGC7525;Galaxie;348.4182;14.023;;0.9;0.9;Peg;
NGC7525 NED01;NGC7525 NED01;Galaxie;348.4178;14.0244;17.88;0.12;0.1;Peg;
NGC7525 NED02;NGC7525 NED02;Galaxie;348.4187;14.021;15.2;0.79;0.69;Peg;
NGC7526;NGC7526;Autre;348.5097;-9.2216;;;;Aqr;
NGC7527;NGC7527;Galaxie;348.424;24.9023;14.79;1.2;0.79;Peg;
NGC7528;NGC7528;Galaxie;348.5844;10.2314;15.98;0.65;0.48;Peg;
NGC7529;NGC7529;Galaxie;348.5133;8.9925;14.14;0.8;0.73;Peg;
NGC7530;NGC7530;Galaxie;348.5493;-2.7793;14.99;0.95;0.38;Psc;
NGC7531;NGC7531;Galaxie;348.7021;-43.5999;11.25;4.11;1.72;Gru;
NGC7532;NGC7532;Galaxie;348.5926;-2.7282;14.8;1.32;0.42;Psc;
NGC7533;NGC7533;Galaxie;348.592;-2.0337;15.67;0.66;0.22;Psc;
NGC7534;NGC7534;Galaxie;348.6112;-2.6983;14.22;0.99;0.52;Psc;
NGC7535;NGC7535;Galaxie;348.5532;13.5819;13.7;1.46;1.44;Peg;
NGC7536;NGC7536;Galaxie;348.5549;13.4264;13.45;1.59;0.7;Peg;
NGC7537;NGC7537;Galaxie;348.6438;4.4984;13.2;1.84;0.48;Psc;
NGC7538;NGC7538;Amas ouvert;348.411;61.5124;;8;7;Cep;
NGC7539;NGC7539;Galaxie;348.6227;23.6848;12.95;1.16;0.95;Peg;
NGC7540;NGC7540;Galaxie;348.6503;15.9503;15.67;0.66;0.48;Peg;
NGC7541;NGC7541;Galaxie;348.6829;4.5344;11.76;3.03;1;Psc;
NGC7542;NGC7542;Galaxie;348.6735;10.6433;15.62;0.95;0.65;Peg;
NGC7543;NGC7543;Galaxie;348.6441;28.3272;14.25;1.39;0.95;Peg;
NGC7544;NGC7544;Galaxie;348.7374;-2.1993;15.93;0.75;0.27;Psc;
NGC7545;NGC7545;Galaxie;348.8838;-38.5356;13.83;1.28;0.78;Gru;
NGC7546;NGC7546;Galaxie;348.7735;-2.3247;14.93;0.66;0.53;Psc;
NGC7547;NGC7547;Galaxie;348.7642;18.9734;14.72;1.06;0.44;Peg;
NGC7548;NGC7548;Galaxie;348.7963;25.2819;14.44;1.06;0.88;Peg;
NGC7549;NGC7549;Galaxie;348.8218;19.0417;14.08;1.85;0.75;Peg;
NGC7550;NGC7550;Galaxie;348.8167;18.9618;13.17;1.45;1.41;Peg;
NGC7551;NGC7551;Galaxie;348.8418;15.941;15.7;0.62;0.47;Peg;
NGC7552;NGC7552;Galaxie;349.0448;-42.5847;11.45;3.88;3.58;Gru;
NGC7553;NGC7553;Galaxie;348.8879;19.0482;15.67;0.69;0.52;Peg;
NGC7554;NGC7554;Galaxie;348.9223;-2.3786;15.89;0.98;0.73;Psc;
NGC7555;NGC7555;Autre;348.8785;12.5729;;;;Peg;
NGC7556;NGC7556;Galaxie;348.9353;-2.3815;15.98;2.15;1.34;Psc;
NGC7556A;NGC7556A;Galaxie;348.9322;-2.3856;;0.28;0.2;Psc;
NGC7557;NGC7557;Galaxie;348.9157;6.7083;14.17;0.68;0.62;Psc;
NGC7558;NGC7558;Galaxie;348.9093;18.9197;15.88;0.89;0.71;Peg;
NGC7559;NGC7559;Galaxie;348.9429;13.2939;;1.5;1.5;Peg;
NGC7559A;NGC7559A;Galaxie;348.9416;13.2969;16.41;0.6;0.43;Peg;
NGC7559B;NGC7559B;Galaxie;348.944;13.2903;14.43;1.29;1.17;Peg;
NGC7560;NGC7560;Autre;348.974;4.4959;;;;Psc;
NGC7561;NGC7561;Autre;348.9893;4.5227;;;;Psc;
NGC7562;NGC7562;Galaxie;348.9896;6.6875;11.55;2.18;1.59;Psc;
NGC7562A;NGC7562A;Galaxie;349.0061;6.6523;14.79;1.32;0.32;Psc;
NGC7563;NGC7563;Galaxie;348.983;13.1961;12.83;1.53;0.92;Peg;
NGC7564;NGC7564;Autre;349.005;7.3481;;;;Psc;
NGC7565;NGC7565;Autre;349.0825;-0.0586;;;;Psc;
NGC7566;NGC7566;Galaxie;349.156;-2.3306;14.37;1.58;0.65;Psc;
NGC7567;NGC7567;Galaxie;349.0428;15.85;15.36;0.91;0.26;Peg;
NGC7568;NGC7568;Galaxie;349.1036;24.497;14.46;0.9;0.6;Peg;
NGC7569;NGC7569;Galaxie;349.1856;8.9054;14.47;0.96;0.62;Peg;
NGC7570;NGC7570;Galaxie;349.1861;13.483;13.21;1.58;0.8;Peg;
NGC7571;NGC7571;Galaxie;349.6261;18.6887;14.91;1.2;0.91;Peg;
NGC7572;NGC7572;Galaxie;349.2099;18.4832;14.02;1.01;0.5;Peg;
NGC7573;NGC7573;Galaxie;349.1098;-22.1544;14.9;1.24;0.9;Aqr;
NGC7575;NGC7575;Galaxie;349.337;5.6608;14.95;0.77;0.4;Psc;
NGC7576;NGC7576;Galaxie;349.3448;-4.7279;12.95;1;0.69;Aqr;
NGC7577;NGC7577;Galaxie;349.3213;7.3654;;0.38;0.27;Psc;
NGC7578;NGC7578;Galaxie;349.3029;18.7044;;2;2;Peg;
NGC7578A;NGC7578A;Galaxie;349.2998;18.7013;13.17;0.69;0.59;Peg;
NGC7578B;NGC7578B;Galaxie;349.3065;18.7082;13.2;1.74;1.2;Peg;
NGC7579;NGC7579;Galaxie;349.4119;9.4333;17.06;0.45;0.33;Peg;
NGC7580;NGC7580;Galaxie;349.4017;14.0012;13.67;0.79;0.65;Peg;
NGC7582;NGC7582;Galaxie;349.5979;-42.3706;11.03;6.95;3.18;Gru;
NGC7583;NGC7583;Galaxie;349.4699;7.3794;14.45;0.91;0.91;Psc;
NGC7584;NGC7584;Galaxie;349.4708;9.4333;15.23;0.85;0.77;Peg;
NGC7585;NGC7585;Galaxie;349.5056;-4.6503;11.52;2.55;1.92;Aqr;
NGC7586;NGC7586;Galaxie;349.4817;8.5841;17.23;0.63;0.54;Peg;
NGC7587;NGC7587;Galaxie;349.4964;9.6802;12.06;1.12;0.27;Peg;
NGC7588;NGC7588;Galaxie;349.4909;18.7522;15;0.46;0.21;Peg;
NGC7589;NGC7589;Galaxie;349.5653;0.2612;17.01;0.96;0.57;Psc;
NGC7590;NGC7590;Galaxie;349.7284;-42.2391;12.34;3.03;1.23;Gru;
NGC7591;NGC7591;Galaxie;349.5678;6.5858;13.18;1.61;0.72;Psc;
NGC7592;NGC7592;Galaxie;349.5925;-4.4169;;1.2;1.2;Aqr;
NGC7592A;NGC7592A;Galaxie;349.5908;-4.4158;13.56;0.56;0.24;Aqr;
NGC7592B;NGC7592B;Galaxie;349.5941;-4.4161;13.56;0.87;0.35;Aqr;
NGC7592C;NGC7592C;Galaxie;349.5922;-4.4189;;0.22;0.15;Aqr;
NGC7593;NGC7593;Galaxie;349.4875;11.3492;13.48;1.04;0.6;Peg;
NGC7594;NGC7594;Galaxie;349.558;10.2983;13.76;1.29;0.72;Peg;
NGC7595;NGC7595;Galaxie;349.626;9.9324;;0.7;0.6;Peg;
NGC7596;NGC7596;Galaxie;349.3;-6.912;15.12;0.93;0.45;Aqr;
NGC7598;NGC7598;Galaxie;349.6386;18.7494;15.74;0.3;0.3;Peg;
NGC7599;NGC7599;Galaxie;349.8381;-42.2568;11.35;4.81;1.58;Gru;
NGC7600;NGC7600;Galaxie;349.7244;-7.5804;11.95;2.09;0.99;Aqr;
NGC7601;NGC7601;Galaxie;349.696;9.2336;13.98;1.01;0.75;Peg;
NGC7602;NGC7602;Galaxie;349.6814;18.6984;15.47;0.62;0.49;Peg;
NGC7603;NGC7603;Galaxie;349.7359;0.2439;14.01;1.2;0.63;Psc;
NGC7604;NGC7604;Galaxie;349.4663;7.4299;15.23;0.42;0.26;Psc;
NGC7606;NGC7606;Galaxie;349.7699;-8.4851;11;5.26;4.47;Aqr;
NGC7607;NGC7607;Autre;349.7468;11.3417;;;;Peg;
NGC7608;NGC7608;Galaxie;349.8139;8.3501;14.18;1.43;0.39;Peg;
NGC7609;NGC7609;Galaxie;349.8771;9.5053;;1.1;1.1;Peg;
NGC7609 NED01;NGC7609 NED01;Galaxie;349.8752;9.5082;14.29;1.17;0.87;Peg;
NGC7609 NED02;NGC7609 NED02;Galaxie;349.8795;9.503;16.14;0.74;0.34;Peg;
NGC7610;NGC7610;Galaxie;349.9224;10.185;13.06;2.17;0.9;Peg;
NGC7611;NGC7611;Galaxie;349.9025;8.0633;12.56;1.7;0.79;Psc;
NGC7612;NGC7612;Galaxie;349.9342;8.5764;12.79;1.63;0.72;Peg;
NGC7613;NGC7613;Autre;349.9657;0.1989;;;;Psc;
NGC7614;NGC7614;Autre;349.9657;0.1989;;;;Psc;
NGC7615;NGC7615;Galaxie;349.9768;8.3994;14.32;0.83;0.29;Peg;
NGC7617;NGC7617;Galaxie;350.0374;8.1658;13.88;0.94;0.63;Psc;
NGC7618;NGC7618;Galaxie;349.9467;42.8526;14.26;1.23;0.99;And;
NGC7619;NGC7619;Galaxie;350.0605;8.2062;11.06;2.53;1.97;Peg;
NGC7620;NGC7620;Galaxie;350.0237;24.2211;13.38;0.94;0.91;Peg;
NGC7621;NGC7621;Galaxie;350.1026;8.3663;15.56;0.68;0.18;Peg;
NGC7622;NGC7622;Galaxie;350.4105;-62.1178;14.47;1.35;0.43;Tuc;
NGC7623;NGC7623;Galaxie;350.1251;8.3958;12.82;1.34;0.95;Peg;
NGC7624;NGC7624;Galaxie;350.0942;27.3157;13.11;1.3;0.88;Peg;
NGC7625;NGC7625;Galaxie;350.1255;17.2256;12.2;1.48;1.43;Peg;
NGC7626;NGC7626;Galaxie;350.1773;8.217;11.12;2.5;2.1;Peg;
NGC7627;NGC7627;Galaxie;350.6289;11.8926;15.12;1.47;0.46;Peg;
NGC7628;NGC7628;Galaxie;350.2287;25.8986;13.76;1.36;1.09;Peg;
NGC7629;NGC7629;Galaxie;350.3307;1.4031;14.89;0.94;0.61;Psc;
NGC7630;NGC7630;Galaxie;350.318;11.3973;15.46;0.89;0.33;Peg;
NGC7631;NGC7631;Galaxie;350.3611;8.2176;13.08;1.86;0.83;Peg;
NGC7632;NGC7632;Galaxie;350.5038;-42.4805;12.15;2.56;1.29;Gru;
NGC7633;NGC7633;Galaxie;350.7637;-67.6537;12.67;2.2;1.34;Ind;
NGC7634;NGC7634;Galaxie;350.424;8.8869;12.61;1.21;0.88;Peg;
NGC7635;NGC7635;Nebuleuse;350.19;61.2124;11;15;8;Cas;Bubble Nebula
NGC7636;NGC7636;Galaxie;350.6373;-29.2807;14.87;1.03;0.42;Scl;
NGC7637;NGC7637;Galaxie;351.6153;-81.9116;13.25;2.08;1.83;Oct;
NGC7638;NGC7638;Galaxie;350.638;11.3288;15.5;0.65;0.46;Peg;
NGC7639;NGC7639;Galaxie;350.701;11.3729;15.93;0.74;0.55;Peg;
NGC7640;NGC7640;Galaxie;350.5274;40.8454;11.01;8.09;1.67;And;
NGC7642;NGC7642;Galaxie;350.7225;1.4428;14.68;0.49;0.45;Psc;
NGC7643;NGC7643;Galaxie;350.71;11.9888;13.21;1.47;0.81;Peg;
NGC7645;NGC7645;Galaxie;350.947;-29.388;13.82;1.58;1.08;Scl;
NGC7646;NGC7646;Galaxie;351.029;-11.8607;14.01;0.97;0.54;Aqr;
NGC7647;NGC7647;Galaxie;350.9893;16.7773;12.9;1.81;0.91;Peg;
NGC7648;NGC7648;Galaxie;350.9751;9.6675;12.95;1.56;0.98;Peg;
NGC7649;NGC7649;Galaxie;351.0837;14.6471;13.57;1.63;1.03;Peg;
NGC7650;NGC7650;Galaxie;351.3394;-57.7914;12.75;1.44;0.58;Tuc;
NGC7651;NGC7651;Galaxie;351.1075;13.97;;1.1;1.1;Peg;
NGC7651 NED01;NGC7651 NED01;Galaxie;351.1082;13.9723;14.52;1.26;1.12;Peg;
NGC7651 NED02;NGC7651 NED02;Galaxie;351.107;13.9671;16.17;0.48;0.41;Peg;
NGC7652;NGC7652;Galaxie;351.406;-57.8874;14.52;1.2;0.77;Tuc;
NGC7653;NGC7653;Galaxie;351.2057;15.2756;12.74;1.62;1.4;Peg;
NGC7654;NGC7654;Amas ouvert;351.2017;61.5932;6.9;9.9;9.9;Cas;
NGC7655;NGC7655;Galaxie;351.6914;-68.0275;14.21;0.76;0.66;Ind;
NGC7656;NGC7656;Galaxie;351.1309;-19.0591;14.47;0.97;0.33;Aqr;
NGC7657;NGC7657;Galaxie;351.698;-57.8057;15.03;1.46;0.37;Tuc;
NGC7658;NGC7658;Galaxie;351.6029;-39.2218;;1.5;1.5;Gru;
NGC7658A;NGC7658A;Galaxie;351.6028;-39.216;15.35;0.67;0.36;Gru;
NGC7658B;NGC7658B;Galaxie;351.6035;-39.2266;14.52;1;0.38;Gru;
NGC7659;NGC7659;Galaxie;351.482;14.2098;14.76;0.99;0.37;Peg;
NGC7660;NGC7660;Galaxie;351.4528;27.0299;12.65;1.94;0.66;Peg;
NGC7661;NGC7661;Galaxie;351.8095;-65.2704;14.12;1.84;1.18;Tuc;
NGC7662;NGC7662;Nebuleuse;351.4746;42.5349;8.3;0.28;0.28;And;Copeland's Blue Snowball
NGC7663;NGC7663;Galaxie;351.6884;-4.9667;17.4;0.39;0.27;Aqr;
NGC7664;NGC7664;Galaxie;351.6657;25.0801;12.7;1.52;0.95;Peg;
NGC7665;NGC7665;Galaxie;351.8117;-9.387;14.23;0.76;0.72;Aqr;
NGC7666;NGC7666;Autre;351.8521;-4.1863;;;;Aqr;
NGC7667;NGC7667;Galaxie;351.0962;-0.1081;14.58;1.05;0.35;Psc;
NGC7668;NGC7668;Autre;351.8409;-0.1913;;;;Psc;
NGC7669;NGC7669;Autre;351.8409;-0.1913;;;;Psc;
NGC7670;NGC7670;Autre;351.8409;-0.1913;;;;Psc;
NGC7671;NGC7671;Galaxie;351.8306;12.4674;12.79;1.39;0.74;Peg;
NGC7672;NGC7672;Galaxie;351.881;12.3852;14.02;0.85;0.64;Peg;
NGC7673;NGC7673;Galaxie;351.9209;23.589;12.79;1.04;0.43;Peg;
NGC7674;NGC7674;Galaxie;351.9863;8.779;14.19;1.12;1.01;Peg;
NGC7675;NGC7675;Galaxie;352.0247;8.7686;14.68;0.75;0.48;Peg;
NGC7676;NGC7676;Galaxie;352.2572;-59.7167;13.48;2.07;0.65;Tuc;
NGC7677;NGC7677;Galaxie;352.0255;23.5314;13.19;1.13;0.61;Peg;
NGC7678;NGC7678;Galaxie;352.1162;22.4212;12.14;2;1.47;Peg;
NGC7679;NGC7679;Galaxie;352.1946;3.5115;13.16;1.23;0.78;Psc;
NGC7680;NGC7680;Galaxie;352.1463;32.4157;12.54;1.67;1.67;Peg;
NGC7681;NGC7681;Galaxie;352.2287;17.3096;14.68;1.44;0.67;Peg;
NGC7682;NGC7682;Galaxie;352.2664;3.5333;13.94;1.15;1.07;Psc;
NGC7683;NGC7683;Galaxie;352.2659;11.4452;12.55;1.97;0.94;Peg;
NGC7684;NGC7684;Galaxie;352.6335;0.0811;14.35;1.58;0.46;Psc;
NGC7685;NGC7685;Galaxie;352.6396;3.9016;13.16;1.67;1.21;Psc;
NGC7686;NGC7686;Amas ouvert;352.5308;49.1341;5.6;3.6;3.6;And;
NGC7687;NGC7687;Galaxie;352.7269;3.5466;14.94;1.09;0.94;Psc;
NGC7688;NGC7688;Galaxie;352.7729;21.4115;15.4;0.94;0.67;Peg;
NGC7689;NGC7689;Galaxie;353.3197;-54.0945;10.84;3.1;1.97;Phe;
NGC7690;NGC7690;Galaxie;353.2607;-51.6984;12.31;2.16;0.85;Phe;
NGC7691;NGC7691;Galaxie;353.1018;15.8478;12.85;1.67;1.35;Peg;
NGC7692;NGC7692;Galaxie;353.1948;-5.5969;14.85;0.5;0.42;Aqr;
NGC7693;NGC7693;Galaxie;353.2938;-1.2919;14.58;0.82;0.51;Psc;
NGC7694;NGC7694;Galaxie;353.3157;-2.7029;13.92;1.37;0.75;Psc;
NGC7695;NGC7695;Galaxie;353.3125;-2.7202;15.93;0.56;0.33;Psc;
NGC7696;NGC7696;Galaxie;353.4588;4.8708;14.75;0.76;0.42;Psc;
NGC7697;NGC7697;Galaxie;353.7207;-65.396;14.34;1.68;0.37;Tuc;
NGC7698;NGC7698;Galaxie;353.5066;24.9446;14.61;1.05;0.84;Peg;
NGC7699;NGC7699;Galaxie;353.6126;-2.8994;15.73;0.69;0.39;Psc;
NGC7700;NGC7700;Galaxie;353.6262;-2.9537;14.98;2.04;0.38;Psc;
NGC7701;NGC7701;Galaxie;353.6312;-2.8543;14.36;1.24;0.83;Psc;
NGC7702;NGC7702;Galaxie;353.8703;-56.0123;12.15;2.15;1.05;Phe;
NGC7703;NGC7703;Galaxie;353.6953;16.0758;14.69;2.24;0.42;Peg;
NGC7704;NGC7704;Galaxie;353.7543;4.8975;14.96;1.1;0.84;Psc;
NGC7705;NGC7705;Galaxie;353.7605;4.8038;15.51;0.58;0.42;Psc;
NGC7706;NGC7706;Galaxie;353.7935;4.9642;14.54;1.13;0.89;Psc;
NGC7707;NGC7707;Galaxie;353.7142;44.3041;14.68;1.35;1.01;And;
NGC7708;NGC7708;Amas ouvert;353.7561;72.8332;;5.1;5.1;Cep;
NGC7709;NGC7709;Galaxie;353.8645;-16.7051;13.6;2.22;0.37;Aqr;
NGC7710;NGC7710;Galaxie;353.9422;-2.8809;14.78;1.18;0.52;Psc;
NGC7711;NGC7711;Galaxie;353.914;15.302;12.18;2.43;0.94;Peg;
NGC7712;NGC7712;Galaxie;353.9652;23.6188;13.82;0.9;0.71;Peg;
NGC7713;NGC7713;Galaxie;354.0625;-37.9381;11.18;4.91;2.13;Scl;
NGC7713A;NGC7713A;Galaxie;354.2845;-37.7141;12.73;1.59;1.26;Scl;
NGC7714;NGC7714;Galaxie;354.0587;2.1552;13.61;2.18;1.58;Psc;
NGC7715;NGC7715;Galaxie;354.0923;2.1565;14.21;2.06;0.39;Psc;
NGC7716;NGC7716;Galaxie;354.131;0.2973;12.25;1.83;1.27;Psc;
NGC7717;NGC7717;Galaxie;354.432;-15.1185;13.83;1.71;1.33;Aqr;
NGC7718;NGC7718;Galaxie;354.5209;25.7197;15.15;1.03;0.75;Peg;
NGC7719;NGC7719;Galaxie;354.5107;-22.9744;15.09;0.9;0.51;Aqr;
NGC7720;NGC7720;Galaxie;354.6225;27.0314;;1.2;1.2;Peg;
NGC7720 NED01;NGC7720 NED01;Galaxie;354.6225;27.0315;12.91;1.51;1.26;Peg;
NGC7720A;NGC7720A;Galaxie;354.6231;27.0348;13.9;0.68;0.66;Peg;
NGC7721;NGC7721;Galaxie;354.7027;-6.5179;11.68;3.08;0.77;Aqr;
NGC7722;NGC7722;Galaxie;354.6717;15.9546;13.46;2.11;1.6;Peg;
NGC7723;NGC7723;Galaxie;354.7378;-12.9611;11.21;3.29;2.32;Aqr;
NGC7724;NGC7724;Galaxie;354.7798;-12.2241;13.79;1.47;1;Aqr;
NGC7725;NGC7725;Galaxie;354.8116;-4.5394;14.76;0.86;0.74;Aqr;
NGC7726;NGC7726;Galaxie;354.7996;27.1153;15.04;1.36;0.56;Peg;
NGC7727;NGC7727;Galaxie;354.9738;-12.2928;10.64;3.61;2.75;Aqr;
NGC7728;NGC7728;Galaxie;355.0035;27.1337;14.07;1.42;1.14;Peg;
NGC7729;NGC7729;Galaxie;355.1402;29.1882;14.45;1.69;0.57;Peg;
NGC7730;NGC7730;Galaxie;355.1915;-20.5088;14.42;0.76;0.29;Aqr;
NGC7731;NGC7731;Galaxie;355.3711;3.74;13.51;1.05;0.77;Psc;
NGC7732;NGC7732;Galaxie;355.3911;3.7249;13.89;1.49;0.47;Psc;
NGC7733;NGC7733;Galaxie;355.6373;-65.9565;14.27;1.26;0.6;Tuc;
NGC7734;NGC7734;Galaxie;355.6789;-65.9446;13.08;1.4;1;Tuc;
NGC7735;NGC7735;Galaxie;355.5721;26.2317;14.92;1.39;1.09;Peg;
NGC7736;NGC7736;Galaxie;355.6074;-19.4523;12.88;1.66;1.5;Aqr;
NGC7737;NGC7737;Galaxie;355.6934;27.0529;14.74;1.09;0.46;Peg;
NGC7738;NGC7738;Galaxie;356.0086;0.5166;14.16;1.19;0.59;Psc;
NGC7739;NGC7739;Galaxie;356.1253;0.3205;14.94;0.76;0.66;Psc;
NGC7740;NGC7740;Galaxie;355.8845;27.3119;14.9;1.08;0.68;Peg;
NGC7741;NGC7741;Galaxie;355.9765;26.0756;11.27;3.63;2.38;Peg;
NGC7742;NGC7742;Galaxie;356.0655;10.7671;11.58;1.71;1.64;Peg;
NGC7743;NGC7743;Galaxie;356.0881;9.9341;12.43;2.61;2.18;Peg;
NGC7744;NGC7744;Galaxie;356.2468;-42.9109;11.85;2.48;2.11;Phe;
NGC7745;NGC7745;Galaxie;356.1908;25.909;16.64;0.68;0.68;Peg;
NGC7746;NGC7746;Galaxie;356.3333;-1.6849;14.42;1.16;0.84;Psc;
NGC7747;NGC7747;Galaxie;356.3844;27.3609;14.42;1.41;0.54;Peg;
NGC7748;NGC7748;Autre;356.2361;69.7549;7.15;;;Cep;
NGC7749;NGC7749;Galaxie;356.4481;-29.5178;15.2;1.75;1.17;Scl;
NGC7750;NGC7750;Galaxie;356.6577;3.7998;12.89;1.5;0.73;Psc;
NGC7751;NGC7751;Galaxie;356.7431;6.8618;13.87;1.48;1.45;Psc;
NGC7752;NGC7752;Galaxie;356.744;29.4589;14.22;0.92;0.46;Peg;
NGC7753;NGC7753;Galaxie;356.7701;29.4834;13.3;2.01;0.54;Peg;
NGC7754;NGC7754;Galaxie;357.2967;-16.6006;15;0.65;0.32;Aqr;
NGC7755;NGC7755;Galaxie;356.9657;-30.522;11.68;3.7;2.27;Scl;
NGC7756;NGC7756;Autre;357.1192;4.1252;;;;Psc;
NGC7757;NGC7757;Galaxie;357.1897;4.1711;12.79;1.83;1.34;Psc;
NGC7758;NGC7758;Galaxie;357.2299;-22.0242;15.47;0.77;0.52;Aqr;
NGC7759;NGC7759;Galaxie;357.2279;-16.5412;13.95;1.53;1.11;Aqr;
NGC7760;NGC7760;Galaxie;357.2998;30.9831;14.74;1.14;1.05;Peg;
NGC7761;NGC7761;Galaxie;357.8704;-13.3816;14.11;1.23;1.08;Aqr;
NGC7762;NGC7762;Amas ouvert;357.5073;68.038;;6.5;6.5;Cep;
NGC7763;NGC7763;Galaxie;357.5654;-16.59;15.25;0.73;0.39;Aqr;
NGC7764;NGC7764;Galaxie;357.7249;-40.7282;12.21;1.95;1.45;Phe;
NGC7764A;NGC7764A;Galaxie;358.3438;-40.8103;13.19;0.74;0.46;Phe;
NGC7765;NGC7765;Galaxie;357.7173;27.1663;15.66;0.69;0.54;Peg;
NGC7766;NGC7766;Galaxie;357.733;27.1263;16.21;0.87;0.24;Peg;
NGC7767;NGC7767;Galaxie;357.7348;27.0871;14.14;1.1;0.25;Peg;
NGC7768;NGC7768;Galaxie;357.7441;27.1474;12.34;1.48;0.95;Peg;
NGC7769;NGC7769;Galaxie;357.7665;20.1504;11.79;1.75;0.67;Peg;
NGC7770;NGC7770;Galaxie;357.8439;20.0965;13.82;0.97;0.85;Peg;
NGC7771;NGC7771;Galaxie;357.8534;20.1118;12.11;2.51;1.24;Peg;
NGC7772;NGC7772;Autre;357.9415;16.2481;;13.2;13.2;Peg;
NGC7773;NGC7773;Galaxie;358.0412;31.2766;14.44;1.1;0.99;Peg;
NGC7774;NGC7774;Galaxie;358.0467;11.47;;1.2;1.2;Peg;
NGC7774 NED01;NGC7774 NED01;Galaxie;358.0445;11.4703;14.48;1.32;1.2;Peg;
NGC7774 NED02;NGC7774 NED02;Galaxie;358.0487;11.4697;14.6;0.91;0.74;Peg;
NGC7775;NGC7775;Galaxie;358.1019;28.7727;13.85;0.99;0.83;Peg;
NGC7776;NGC7776;Galaxie;358.569;-13.5864;14.75;1;0.43;Aqr;
NGC7777;NGC7777;Galaxie;358.3021;28.2834;14.46;1.26;0.66;Peg;
NGC7778;NGC7778;Galaxie;358.332;7.8709;12.76;1.02;0.98;Psc;
NGC7779;NGC7779;Galaxie;358.3616;7.8757;12.67;1.49;1.07;Psc;
NGC7780;NGC7780;Galaxie;358.384;8.1181;13.91;0.99;0.54;Psc;
NGC7781;NGC7781;Galaxie;358.4416;7.8605;13.93;1.07;0.25;Psc;
NGC7782;NGC7782;Galaxie;358.4745;7.9706;12.24;2.43;1.41;Psc;
NGC7783;NGC7783;Galaxie;358.5461;0.3799;;1.9;1.9;Psc;
NGC7783 NED01;NGC7783 NED01;Galaxie;358.542;0.3829;14.03;1.55;0.72;Psc;
NGC7783 NED02;NGC7783 NED02;Galaxie;358.5503;0.377;15.03;0.83;0.51;Psc;
NGC7784;NGC7784;Galaxie;358.807;21.7622;15.55;0.73;0.58;Peg;
NGC7785;NGC7785;Galaxie;358.8293;5.9158;11.6;1.95;1.09;Psc;
NGC7786;NGC7786;Galaxie;358.8398;21.5881;13.9;0.56;0.35;Peg;
NGC7787;NGC7787;Galaxie;359.0326;0.5495;15.31;1.09;0.43;Psc;
NGC7788;NGC7788;Amas ouvert;359.1899;61.3999;9.4;2.4;2.4;Cas;
NGC7789;NGC7789;Amas ouvert;359.3503;56.7083;6.7;14.4;14.4;Cas;
NGC7790;NGC7790;Amas ouvert;359.6011;61.2083;8.5;3.6;3.6;Cas;
NGC7791;NGC7791;Autre;359.4887;10.7657;;;;Peg;
NGC7792;NGC7792;Galaxie;359.5149;16.5014;14.85;0.77;0.77;Peg;
NGC7793;NGC7793;Galaxie;359.4576;-32.591;9.29;10.42;6.05;Scl;
NGC7794;NGC7794;Galaxie;359.6422;10.7281;13.74;1.17;0.72;Peg;
NGC7795;NGC7795;Amas ouvert;359.656;60.035;;2.22;2.22;Cas;
NGC7796;NGC7796;Galaxie;359.749;-55.4583;11.47;2.73;2.38;Phe;
NGC7797;NGC7797;Galaxie;359.7453;3.6346;14.76;0.9;0.84;Psc;
NGC7798;NGC7798;Galaxie;359.8563;20.7499;12.35;1.45;1.33;Peg;
NGC7799;NGC7799;Autre;359.8815;31.2956;;;;Peg;
NGC7800;NGC7800;Galaxie;359.9013;14.8056;13.31;1.74;0.72;Peg;
NGC7801;NGC7801;Amas ouvert;0.0893;50.745;;4.2;4.2;Cas;
NGC7802;NGC7802;Galaxie;0.2518;6.2421;14.64;1.18;0.8;Psc;
NGC7803;NGC7803;Galaxie;0.3332;13.1113;14.07;0.86;0.51;Peg;
NGC7804;NGC7804;Autre;0.3283;7.7497;;;;Psc;
NGC7805;NGC7805;Galaxie;0.3615;31.4337;13.29;1.42;0.69;Peg;
NGC7806;NGC7806;Galaxie;0.3752;31.4419;14.29;1.21;0.65;Peg;
NGC7807;NGC7807;Galaxie;0.1107;-18.8419;15.57;0.73;0.6;Cet;
NGC7808;NGC7808;Galaxie;0.8839;-10.7447;15.31;1.08;1;Cet;
NGC7809;NGC7809;Galaxie;0.5394;2.9411;15.11;0.45;0.38;Psc;
NGC7810;NGC7810;Galaxie;0.5798;12.9716;14.27;0.96;0.64;Peg;
NGC7811;NGC7811;Galaxie;0.6103;3.3519;14.68;0.39;0.37;Psc;
NGC7812;NGC7812;Galaxie;0.727;-34.2356;13.99;1.1;0.73;Scl;
NGC7813;NGC7813;Galaxie;1.038;-11.9839;15;0.81;0.26;Cet;
NGC7814;NGC7814;Galaxie;0.812;16.1454;10.6;4.37;1.88;Peg;
NGC7815;NGC7815;Autre;0.8535;20.7042;;;;Peg;
NGC7816;NGC7816;Galaxie;0.9536;7.4786;13.91;1.64;1.53;Psc;
NGC7817;NGC7817;Galaxie;0.9955;20.7523;12.11;3.29;0.73;Peg;
NGC7818;NGC7818;Galaxie;1.0369;7.3794;15.05;0.93;0.8;Psc;
NGC7819;NGC7819;Galaxie;1.1022;31.4721;13.6;1.44;0.79;Peg;
NGC7820;NGC7820;Galaxie;1.1283;5.2003;13.81;1.54;0.6;Psc;
NGC7821;NGC7821;Galaxie;1.3197;-16.4769;13.77;1.14;0.38;Cet;
NGC7822;NGC7822;Nebuleuse;0.8973;67.1616;;20;4;Cep;
NGC7823;NGC7823;Galaxie;1.19;-62.0616;13.46;1.13;0.7;Tuc;
NGC7824;NGC7824;Galaxie;1.276;6.9201;14.37;1.59;1.04;Psc;
NGC7825;NGC7825;Galaxie;1.2775;5.2037;15.42;0.95;0.37;Psc;
NGC7826;NGC7826;Autre;1.3305;-20.6883;;;;Cet;
NGC7827;NGC7827;Galaxie;1.3652;5.2223;14.53;1.29;1.18;Psc;
NGC7828;NGC7828;Galaxie;1.6128;-13.4161;13.86;2.07;0.82;Cet;
NGC7829;NGC7829;Galaxie;1.6208;-13.4206;13.92;2.07;0.82;Cet;
NGC7830;NGC7830;Autre;1.5078;8.3428;;;;Psc;
NGC7831;NGC7831;Galaxie;1.8314;32.6093;13.3;1.8;0.39;And;
NGC7832;NGC7832;Galaxie;1.6186;-3.7161;13.64;1.68;0.38;Psc;
NGC7833;NGC7833;Autre;1.6311;27.6397;;;;Peg;
NGC7834;NGC7834;Galaxie;1.6576;8.3679;15.35;0.93;0.83;Psc;
NGC7835;NGC7835;Galaxie;1.6949;8.4259;15.5;0.56;0.24;Psc;
NGC7836;NGC7836;Galaxie;2.0068;33.0708;13.65;0.9;0.39;And;
NGC7837;NGC7837;Galaxie;1.7141;8.3514;16.68;0.67;0.38;Psc;
NGC7838;NGC7838;Galaxie;1.7248;8.3509;15.18;1.3;0.57;Psc;
NGC7839;NGC7839;Autre;1.7526;27.6352;;;;Peg;
NGC7840;NGC7840;Galaxie;1.7867;8.3835;16.47;0.68;0.46;Psc;
